2026-09-25 19:51:14.427 +05:30 [INF]  FishLink API starting on Development
2026-09-25 19:51:14.788 +05:30 [INF] Microsoft.Hosting.Lifetime Now listening on: http://localhost:5157
2026-09-25 19:51:14.843 +05:30 [INF] Microsoft.Hosting.Lifetime Application started. Press Ctrl+C to shut down.
2026-09-25 19:51:15.416 +05:30 [INF] Microsoft.Hosting.Lifetime Hosting environment: Development
2026-09-25 19:51:15.447 +05:30 [INF] Microsoft.Hosting.Lifetime Content root path: C:\Users\gajan\Desktop\SEF-assigment-01-main\SEF-assigment-01-main\FishLink.API
2026-09-25 19:54:28.879 +05:30 [WRN] Microsoft.AspNetCore.HttpsPolicy.HttpsRedirectionMiddleware Failed to determine the https port for redirect.
2026-09-25 19:54:29.480 +05:30 [INF] Serilog.AspNetCore.RequestLoggingMiddleware HTTP GET /health responded 200 in 634.969 ms
2026-09-25 20:37:03.643 +05:30 [INF] Serilog.AspNetCore.RequestLoggingMiddleware HTTP GET /health responded 200 in 837.214 ms
2026-09-25 20:37:03.792 +05:30 [INF] Serilog.AspNetCore.RequestLoggingMiddleware HTTP GET /favicon.ico responded 404 in 16.146 ms
2026-09-25 21:02:33.844 +05:30 [INF] Serilog.AspNetCore.RequestLoggingMiddleware HTTP OPTIONS /api/Auth/login responded 204 in 4.199 ms
2026-09-25 21:02:36.569 +05:30 [INF] Serilog.AspNetCore.RequestLoggingMiddleware HTTP POST /api/Auth/login responded 200 in 1340.770 ms
2026-09-25 21:02:36.569 +05:30 [INF] Serilog.AspNetCore.RequestLoggingMiddleware HTTP POST /api/Auth/login responded 200 in 2717.661 ms
2026-09-25 21:02:36.667 +05:30 [INF] Serilog.AspNetCore.RequestLoggingMiddleware HTTP OPTIONS /api/Catches/flagged responded 204 in 4.338 ms
2026-09-25 21:02:36.669 +05:30 [INF] Serilog.AspNetCore.RequestLoggingMiddleware HTTP OPTIONS /api/Catches responded 204 in 1.074 ms
2026-09-25 21:02:36.689 +05:30 [INF] Serilog.AspNetCore.RequestLoggingMiddleware HTTP OPTIONS /api/Logistics/plans responded 204 in 0.108 ms
2026-09-25 21:02:36.712 +05:30 [INF] Serilog.AspNetCore.RequestLoggingMiddleware HTTP OPTIONS /api/Catches responded 204 in 0.104 ms
2026-09-25 21:02:36.736 +05:30 [INF] Serilog.AspNetCore.RequestLoggingMiddleware HTTP OPTIONS /api/Logistics/plans responded 204 in 0.103 ms
2026-09-25 21:02:36.735 +05:30 [INF] Serilog.AspNetCore.RequestLoggingMiddleware HTTP OPTIONS /api/Catches/flagged responded 204 in 0.173 ms
2026-09-25 21:02:36.899 +05:30 [INF] Serilog.AspNetCore.RequestLoggingMiddleware HTTP POST /api/Auth/login responded 200 in 906.284 ms
2026-09-25 21:02:37.061 +05:30 [INF] Serilog.AspNetCore.RequestLoggingMiddleware HTTP GET /api/Logistics/plans responded 200 in 308.191 ms
2026-09-25 21:02:37.100 +05:30 [INF] FishLink.API.Services.CatchService GetCatches: 4 results, page 1/1
2026-09-25 21:02:37.132 +05:30 [INF] Serilog.AspNetCore.RequestLoggingMiddleware HTTP GET /api/Catches/flagged responded 200 in 387.993 ms
2026-09-25 21:02:37.154 +05:30 [INF] Serilog.AspNetCore.RequestLoggingMiddleware HTTP GET /api/Catches responded 200 in 291.116 ms
2026-09-25 21:02:37.154 +05:30 [INF] Serilog.AspNetCore.RequestLoggingMiddleware HTTP GET /api/Catches/flagged responded 200 in 16.335 ms
2026-09-25 21:02:37.161 +05:30 [INF] FishLink.API.Services.CatchService GetCatches: 4 results, page 1/1
2026-09-25 21:02:37.179 +05:30 [INF] Serilog.AspNetCore.RequestLoggingMiddleware HTTP GET /api/Logistics/plans responded 200 in 114.964 ms
2026-09-25 21:02:37.194 +05:30 [INF] Serilog.AspNetCore.RequestLoggingMiddleware HTTP GET /api/Catches responded 200 in 46.461 ms
2026-09-25 21:02:37.183 +05:30 [INF] Serilog.AspNetCore.RequestLoggingMiddleware HTTP POST /api/Auth/login responded 200 in 874.137 ms
2026-09-25 21:02:43.539 +05:30 [INF] Serilog.AspNetCore.RequestLoggingMiddleware HTTP OPTIONS /api/Weather/locations responded 204 in 0.187 ms
2026-09-25 21:02:43.539 +05:30 [INF] Serilog.AspNetCore.RequestLoggingMiddleware HTTP OPTIONS /api/Weather/locations responded 204 in 0.189 ms
2026-09-25 21:02:43.563 +05:30 [INF] FishLink.API.Services.WeatherService OpenWeatherMap API key not configured — using simulated weather for Negombo
2026-09-25 21:02:43.568 +05:30 [INF] FishLink.API.Services.WeatherService OpenWeatherMap API key not configured — using simulated weather for Colombo
2026-09-25 21:02:43.571 +05:30 [INF] FishLink.API.Services.WeatherService OpenWeatherMap API key not configured — using simulated weather for Galle
2026-09-25 21:02:43.573 +05:30 [INF] FishLink.API.Services.WeatherService OpenWeatherMap API key not configured — using simulated weather for Jaffna
2026-09-25 21:02:43.576 +05:30 [INF] FishLink.API.Services.WeatherService OpenWeatherMap API key not configured — using simulated weather for Matara
2026-09-25 21:02:43.587 +05:30 [INF] Serilog.AspNetCore.RequestLoggingMiddleware HTTP GET /api/Weather/locations responded 200 in 39.528 ms
2026-09-25 21:02:43.592 +05:30 [INF] Serilog.AspNetCore.RequestLoggingMiddleware HTTP GET /api/Weather/locations responded 200 in 2.287 ms
2026-09-25 21:02:52.985 +05:30 [INF] Serilog.AspNetCore.RequestLoggingMiddleware HTTP OPTIONS /api/Catches/flagged responded 204 in 0.122 ms
2026-09-25 21:02:52.986 +05:30 [INF] Serilog.AspNetCore.RequestLoggingMiddleware HTTP OPTIONS /api/Catches responded 204 in 0.044 ms
2026-09-25 21:02:52.985 +05:30 [INF] Serilog.AspNetCore.RequestLoggingMiddleware HTTP OPTIONS /api/Weather/locations responded 204 in 0.119 ms
2026-09-25 21:02:52.986 +05:30 [INF] Serilog.AspNetCore.RequestLoggingMiddleware HTTP OPTIONS /api/Logistics/plans responded 204 in 0.051 ms
2026-09-25 21:02:52.997 +05:30 [INF] Serilog.AspNetCore.RequestLoggingMiddleware HTTP OPTIONS /api/Weather/locations responded 204 in 0.112 ms
2026-09-25 21:02:53.000 +05:30 [INF] Serilog.AspNetCore.RequestLoggingMiddleware HTTP OPTIONS /api/Catches/flagged responded 204 in 0.113 ms
2026-09-25 21:02:53.004 +05:30 [INF] Serilog.AspNetCore.RequestLoggingMiddleware HTTP OPTIONS /api/Catches responded 204 in 0.148 ms
2026-09-25 21:02:53.011 +05:30 [INF] Serilog.AspNetCore.RequestLoggingMiddleware HTTP OPTIONS /api/Logistics/plans responded 204 in 0.123 ms
2026-09-25 21:02:53.027 +05:30 [INF] Serilog.AspNetCore.RequestLoggingMiddleware HTTP GET /api/Weather/locations responded 200 in 1.167 ms
2026-09-25 21:02:53.034 +05:30 [INF] Serilog.AspNetCore.RequestLoggingMiddleware HTTP GET /api/Logistics/plans responded 200 in 7.589 ms
2026-09-25 21:02:53.036 +05:30 [INF] FishLink.API.Services.CatchService GetCatches: 4 results, page 1/1
2026-09-25 21:02:53.032 +05:30 [INF] Serilog.AspNetCore.RequestLoggingMiddleware HTTP GET /api/Catches/flagged responded 200 in 16.500 ms
2026-09-25 21:02:53.043 +05:30 [INF] Serilog.AspNetCore.RequestLoggingMiddleware HTTP GET /api/Weather/locations responded 200 in 1.161 ms
2026-09-25 21:02:53.050 +05:30 [INF] Serilog.AspNetCore.RequestLoggingMiddleware HTTP GET /api/Catches responded 200 in 29.955 ms
2026-09-25 21:02:53.064 +05:30 [INF] Serilog.AspNetCore.RequestLoggingMiddleware HTTP GET /api/Catches/flagged responded 200 in 17.542 ms
2026-09-25 21:02:53.064 +05:30 [INF] Serilog.AspNetCore.RequestLoggingMiddleware HTTP GET /api/Logistics/plans responded 200 in 11.727 ms
2026-09-25 21:02:53.072 +05:30 [INF] FishLink.API.Services.CatchService GetCatches: 4 results, page 1/1
2026-09-25 21:02:53.088 +05:30 [INF] Serilog.AspNetCore.RequestLoggingMiddleware HTTP GET /api/Catches responded 200 in 28.798 ms
2026-09-25 21:02:53.108 +05:30 [INF] Serilog.AspNetCore.RequestLoggingMiddleware HTTP GET /api/Weather/locations responded 200 in 0.834 ms
2026-09-25 21:02:53.104 +05:30 [INF] Serilog.AspNetCore.RequestLoggingMiddleware HTTP GET /api/Weather/locations responded 200 in 0.863 ms
2026-09-25 21:07:37.866 +05:30 [INF] Serilog.AspNetCore.RequestLoggingMiddleware HTTP OPTIONS /api/Auth/login responded 204 in 0.186 ms
2026-09-25 21:07:38.254 +05:30 [INF] Serilog.AspNetCore.RequestLoggingMiddleware HTTP POST /api/Auth/login responded 200 in 384.510 ms
2026-09-25 21:07:38.296 +05:30 [INF] Serilog.AspNetCore.RequestLoggingMiddleware HTTP OPTIONS /api/Catches responded 204 in 0.955 ms
2026-09-25 21:07:38.299 +05:30 [INF] Serilog.AspNetCore.RequestLoggingMiddleware HTTP OPTIONS /api/Catches responded 204 in 0.132 ms
2026-09-25 21:07:38.342 +05:30 [INF] FishLink.API.Services.CatchService GetCatches: 4 results, page 1/1
2026-09-25 21:07:38.345 +05:30 [INF] Serilog.AspNetCore.RequestLoggingMiddleware HTTP GET /api/Catches responded 200 in 33.946 ms
2026-09-25 21:07:38.353 +05:30 [INF] FishLink.API.Services.CatchService GetCatches: 4 results, page 1/1
2026-09-25 21:07:38.358 +05:30 [INF] Serilog.AspNetCore.RequestLoggingMiddleware HTTP GET /api/Catches responded 200 in 11.473 ms
2026-09-25 21:07:38.412 +05:30 [INF] Serilog.AspNetCore.RequestLoggingMiddleware HTTP OPTIONS /api/Bids/catch/1 responded 204 in 0.058 ms
2026-09-25 21:07:38.412 +05:30 [INF] Serilog.AspNetCore.RequestLoggingMiddleware HTTP OPTIONS /api/Bids/catch/1 responded 204 in 0.069 ms
2026-09-25 21:07:38.515 +05:30 [INF] Serilog.AspNetCore.RequestLoggingMiddleware HTTP GET /api/Bids/catch/1 responded 200 in 89.994 ms
2026-09-25 21:07:38.526 +05:30 [INF] Serilog.AspNetCore.RequestLoggingMiddleware HTTP GET /api/Bids/catch/1 responded 200 in 7.670 ms
2026-09-25 21:07:52.429 +05:30 [INF] Serilog.AspNetCore.RequestLoggingMiddleware HTTP OPTIONS /api/AgentGateway/prices/Skipjack/predict responded 204 in 0.064 ms
2026-09-25 21:07:52.429 +05:30 [INF] Serilog.AspNetCore.RequestLoggingMiddleware HTTP OPTIONS /api/AgentGateway/prices/Mackerel/predict responded 204 in 0.050 ms
2026-09-25 21:07:52.431 +05:30 [INF] Serilog.AspNetCore.RequestLoggingMiddleware HTTP OPTIONS /api/AgentGateway/prices/Tuna (Yellowfin)/predict responded 204 in 0.068 ms
2026-09-25 21:07:52.434 +05:30 [INF] Serilog.AspNetCore.RequestLoggingMiddleware HTTP OPTIONS /api/AgentGateway/prices/Trevally (Paraw)/predict responded 204 in 0.118 ms
2026-09-25 21:07:52.437 +05:30 [INF] Serilog.AspNetCore.RequestLoggingMiddleware HTTP OPTIONS /api/Catches/market-stats responded 204 in 0.066 ms
2026-09-25 21:07:52.441 +05:30 [INF] Serilog.AspNetCore.RequestLoggingMiddleware HTTP OPTIONS /api/AgentGateway/prices/Tuna (Yellowfin)/predict responded 204 in 0.090 ms
2026-09-25 21:07:52.444 +05:30 [INF] Serilog.AspNetCore.RequestLoggingMiddleware HTTP OPTIONS /api/AgentGateway/prices/Skipjack/predict responded 204 in 0.098 ms
2026-09-25 21:07:52.447 +05:30 [INF] Serilog.AspNetCore.RequestLoggingMiddleware HTTP OPTIONS /api/AgentGateway/prices/Trevally (Paraw)/predict responded 204 in 0.062 ms
2026-09-25 21:07:52.450 +05:30 [INF] Serilog.AspNetCore.RequestLoggingMiddleware HTTP OPTIONS /api/AgentGateway/prices/Mackerel/predict responded 204 in 0.067 ms
2026-09-25 21:07:52.453 +05:30 [INF] Serilog.AspNetCore.RequestLoggingMiddleware HTTP OPTIONS /api/Catches/market-stats responded 204 in 0.129 ms
2026-09-25 21:07:52.490 +05:30 [INF] System.Net.Http.HttpClient.Default.LogicalHandler Start processing HTTP request GET http://localhost:8001/api/prices/Tuna%20%28Yellowfin%29/predict
2026-09-25 21:07:52.489 +05:30 [INF] System.Net.Http.HttpClient.Default.LogicalHandler Start processing HTTP request GET http://localhost:8001/api/prices/Mackerel/predict
2026-09-25 21:07:52.490 +05:30 [INF] System.Net.Http.HttpClient.Default.LogicalHandler Start processing HTTP request GET http://localhost:8001/api/prices/Skipjack/predict
2026-09-25 21:07:52.489 +05:30 [INF] System.Net.Http.HttpClient.Default.LogicalHandler Start processing HTTP request GET http://localhost:8001/api/prices/Trevally%20%28Paraw%29/predict
2026-09-25 21:07:52.494 +05:30 [INF] System.Net.Http.HttpClient.Default.ClientHandler Sending HTTP request GET http://localhost:8001/api/prices/Tuna%20%28Yellowfin%29/predict
2026-09-25 21:07:52.494 +05:30 [INF] System.Net.Http.HttpClient.Default.ClientHandler Sending HTTP request GET http://localhost:8001/api/prices/Mackerel/predict
2026-09-25 21:07:52.496 +05:30 [INF] System.Net.Http.HttpClient.Default.ClientHandler Sending HTTP request GET http://localhost:8001/api/prices/Skipjack/predict
2026-09-25 21:07:52.497 +05:30 [INF] System.Net.Http.HttpClient.Default.ClientHandler Sending HTTP request GET http://localhost:8001/api/prices/Trevally%20%28Paraw%29/predict
2026-09-25 21:07:52.546 +05:30 [INF] Serilog.AspNetCore.RequestLoggingMiddleware HTTP GET /api/Catches/market-stats responded 200 in 65.488 ms
2026-09-25 21:07:52.551 +05:30 [INF] Serilog.AspNetCore.RequestLoggingMiddleware HTTP GET /api/Catches/market-stats responded 200 in 3.767 ms
2026-09-25 21:07:56.607 +05:30 [INF] System.Net.Http.HttpClient.Default.ClientHandler HTTP request failed after 4095.0497ms
System.Net.Http.HttpRequestException: No connection could be made because the target machine actively refused it. (localhost:8001)
 ---> System.Net.Sockets.SocketException (10061): No connection could be made because the target machine actively refused it.
   at System.Net.Sockets.Socket.AwaitableSocketAsyncEventArgs.ThrowException(SocketError error, CancellationToken cancellationToken)
   at System.Net.Sockets.Socket.AwaitableSocketAsyncEventArgs.System.Threading.Tasks.Sources.IValueTaskSource.GetResult(Int16 token)
   at System.Net.Http.HttpConnectionPool.ConnectToTcpHostAsync(String host, Int32 port, HttpRequestMessage initialRequest, Boolean async, Int64 connectionId, CancellationToken cancellationToken)
   --- End of inner exception stack trace ---
   at System.Net.Http.HttpConnectionPool.ConnectToTcpHostAsync(String host, Int32 port, HttpRequestMessage initialRequest, Boolean async, Int64 connectionId, CancellationToken cancellationToken)
   at System.Net.Http.HttpConnectionPool.ConnectAsync(HttpRequestMessage request, Boolean async, Boolean isForHttp2, CancellationToken cancellationToken)
   at System.Net.Http.HttpConnectionPool.CreateHttp11ConnectionAsync(HttpRequestMessage request, Boolean async, CancellationToken cancellationToken)
   at System.Net.Http.HttpConnectionPool.InjectNewHttp11ConnectionAsync(QueueItem queueItem)
   at System.Runtime.CompilerServices.RuntimeAsyncTaskContinuation.GetResult[T](Task task, Byte& result)
   at System.Threading.Tasks.TaskCompletionSourceWithCancellation`1.WaitWithCancellationAsync(CancellationToken cancellationToken)
   at System.Net.Http.HttpConnectionPool.SendWithVersionDetectionAndRetryAsync(HttpRequestMessage request, Boolean async, Boolean doRequestAuth, CancellationToken cancellationToken)
   at System.Net.Http.HttpMessageHandlerStage.SendAsync(HttpRequestMessage request, CancellationToken cancellationToken)
   at System.Net.Http.HttpMessageHandlerStage.SendAsync(HttpRequestMessage request, CancellationToken cancellationToken)
   at System.Net.Http.DiagnosticsHandler.SendAsyncCore(HttpRequestMessage request, Boolean async, CancellationToken cancellationToken)
   at System.Net.Http.RedirectHandler.SendAsync(HttpRequestMessage request, Boolean async, CancellationToken cancellationToken)
   at System.Net.Http.HttpMessageHandlerStage.SendAsync(HttpRequestMessage request, CancellationToken cancellationToken)
   at System.Net.Http.SocketsHttpHandler.<SendAsync>g__CreateHandlerAndSendAsync|119_0(HttpRequestMessage request, CancellationToken cancellationToken)
   at Microsoft.Extensions.Http.Logging.LoggingHttpMessageHandler.<SendCoreAsync>g__Core|4_0(HttpRequestMessage request, Boolean useAsync, CancellationToken cancellationToken)
2026-09-25 21:07:56.607 +05:30 [INF] System.Net.Http.HttpClient.Default.ClientHandler HTTP request failed after 4092.2685ms
System.Net.Http.HttpRequestException: No connection could be made because the target machine actively refused it. (localhost:8001)
 ---> System.Net.Sockets.SocketException (10061): No connection could be made because the target machine actively refused it.
   at System.Net.Sockets.Socket.AwaitableSocketAsyncEventArgs.ThrowException(SocketError error, CancellationToken cancellationToken)
   at System.Net.Sockets.Socket.AwaitableSocketAsyncEventArgs.System.Threading.Tasks.Sources.IValueTaskSource.GetResult(Int16 token)
   at System.Net.Http.HttpConnectionPool.ConnectToTcpHostAsync(String host, Int32 port, HttpRequestMessage initialRequest, Boolean async, Int64 connectionId, CancellationToken cancellationToken)
   --- End of inner exception stack trace ---
   at System.Net.Http.HttpConnectionPool.ConnectToTcpHostAsync(String host, Int32 port, HttpRequestMessage initialRequest, Boolean async, Int64 connectionId, CancellationToken cancellationToken)
   at System.Net.Http.HttpConnectionPool.ConnectAsync(HttpRequestMessage request, Boolean async, Boolean isForHttp2, CancellationToken cancellationToken)
   at System.Net.Http.HttpConnectionPool.CreateHttp11ConnectionAsync(HttpRequestMessage request, Boolean async, CancellationToken cancellationToken)
   at System.Net.Http.HttpConnectionPool.InjectNewHttp11ConnectionAsync(QueueItem queueItem)
   at System.Runtime.CompilerServices.RuntimeAsyncTaskContinuation.GetResult[T](Task task, Byte& result)
   at System.Threading.Tasks.TaskCompletionSourceWithCancellation`1.WaitWithCancellationAsync(CancellationToken cancellationToken)
   at System.Net.Http.HttpConnectionPool.SendWithVersionDetectionAndRetryAsync(HttpRequestMessage request, Boolean async, Boolean doRequestAuth, CancellationToken cancellationToken)
   at System.Net.Http.HttpMessageHandlerStage.SendAsync(HttpRequestMessage request, CancellationToken cancellationToken)
   at System.Net.Http.HttpMessageHandlerStage.SendAsync(HttpRequestMessage request, CancellationToken cancellationToken)
   at System.Net.Http.DiagnosticsHandler.SendAsyncCore(HttpRequestMessage request, Boolean async, CancellationToken cancellationToken)
   at System.Net.Http.RedirectHandler.SendAsync(HttpRequestMessage request, Boolean async, CancellationToken cancellationToken)
   at System.Net.Http.HttpMessageHandlerStage.SendAsync(HttpRequestMessage request, CancellationToken cancellationToken)
   at System.Net.Http.SocketsHttpHandler.<SendAsync>g__CreateHandlerAndSendAsync|119_0(HttpRequestMessage request, CancellationToken cancellationToken)
   at Microsoft.Extensions.Http.Logging.LoggingHttpMessageHandler.<SendCoreAsync>g__Core|4_0(HttpRequestMessage request, Boolean useAsync, CancellationToken cancellationToken)
2026-09-25 21:07:56.607 +05:30 [INF] System.Net.Http.HttpClient.Default.ClientHandler HTTP request failed after 4105.1101ms
System.Net.Http.HttpRequestException: No connection could be made because the target machine actively refused it. (localhost:8001)
 ---> System.Net.Sockets.SocketException (10061): No connection could be made because the target machine actively refused it.
   at System.Net.Sockets.Socket.AwaitableSocketAsyncEventArgs.ThrowException(SocketError error, CancellationToken cancellationToken)
   at System.Net.Sockets.Socket.AwaitableSocketAsyncEventArgs.System.Threading.Tasks.Sources.IValueTaskSource.GetResult(Int16 token)
   at System.Net.Http.HttpConnectionPool.ConnectToTcpHostAsync(String host, Int32 port, HttpRequestMessage initialRequest, Boolean async, Int64 connectionId, CancellationToken cancellationToken)
   --- End of inner exception stack trace ---
   at System.Net.Http.HttpConnectionPool.ConnectToTcpHostAsync(String host, Int32 port, HttpRequestMessage initialRequest, Boolean async, Int64 connectionId, CancellationToken cancellationToken)
   at System.Net.Http.HttpConnectionPool.ConnectAsync(HttpRequestMessage request, Boolean async, Boolean isForHttp2, CancellationToken cancellationToken)
   at System.Net.Http.HttpConnectionPool.CreateHttp11ConnectionAsync(HttpRequestMessage request, Boolean async, CancellationToken cancellationToken)
   at System.Net.Http.HttpConnectionPool.InjectNewHttp11ConnectionAsync(QueueItem queueItem)
   at System.Runtime.CompilerServices.RuntimeAsyncTaskContinuation.GetResult[T](Task task, Byte& result)
   at System.Threading.Tasks.TaskCompletionSourceWithCancellation`1.WaitWithCancellationAsync(CancellationToken cancellationToken)
   at System.Net.Http.HttpConnectionPool.SendWithVersionDetectionAndRetryAsync(HttpRequestMessage request, Boolean async, Boolean doRequestAuth, CancellationToken cancellationToken)
   at System.Net.Http.HttpMessageHandlerStage.SendAsync(HttpRequestMessage request, CancellationToken cancellationToken)
   at System.Net.Http.HttpMessageHandlerStage.SendAsync(HttpRequestMessage request, CancellationToken cancellationToken)
   at System.Net.Http.DiagnosticsHandler.SendAsyncCore(HttpRequestMessage request, Boolean async, CancellationToken cancellationToken)
   at System.Net.Http.RedirectHandler.SendAsync(HttpRequestMessage request, Boolean async, CancellationToken cancellationToken)
   at System.Net.Http.HttpMessageHandlerStage.SendAsync(HttpRequestMessage request, CancellationToken cancellationToken)
   at System.Net.Http.SocketsHttpHandler.<SendAsync>g__CreateHandlerAndSendAsync|119_0(HttpRequestMessage request, CancellationToken cancellationToken)
   at Microsoft.Extensions.Http.Logging.LoggingHttpMessageHandler.<SendCoreAsync>g__Core|4_0(HttpRequestMessage request, Boolean useAsync, CancellationToken cancellationToken)
2026-09-25 21:07:56.607 +05:30 [INF] System.Net.Http.HttpClient.Default.ClientHandler HTTP request failed after 4099.1238ms
System.Net.Http.HttpRequestException: No connection could be made because the target machine actively refused it. (localhost:8001)
 ---> System.Net.Sockets.SocketException (10061): No connection could be made because the target machine actively refused it.
   at System.Net.Sockets.Socket.AwaitableSocketAsyncEventArgs.ThrowException(SocketError error, CancellationToken cancellationToken)
   at System.Net.Sockets.Socket.AwaitableSocketAsyncEventArgs.System.Threading.Tasks.Sources.IValueTaskSource.GetResult(Int16 token)
   at System.Net.Http.HttpConnectionPool.ConnectToTcpHostAsync(String host, Int32 port, HttpRequestMessage initialRequest, Boolean async, Int64 connectionId, CancellationToken cancellationToken)
   --- End of inner exception stack trace ---
   at System.Net.Http.HttpConnectionPool.ConnectToTcpHostAsync(String host, Int32 port, HttpRequestMessage initialRequest, Boolean async, Int64 connectionId, CancellationToken cancellationToken)
   at System.Net.Http.HttpConnectionPool.ConnectAsync(HttpRequestMessage request, Boolean async, Boolean isForHttp2, CancellationToken cancellationToken)
   at System.Net.Http.HttpConnectionPool.CreateHttp11ConnectionAsync(HttpRequestMessage request, Boolean async, CancellationToken cancellationToken)
   at System.Net.Http.HttpConnectionPool.InjectNewHttp11ConnectionAsync(QueueItem queueItem)
   at System.Runtime.CompilerServices.RuntimeAsyncTaskContinuation.GetResult[T](Task task, Byte& result)
   at System.Threading.Tasks.TaskCompletionSourceWithCancellation`1.WaitWithCancellationAsync(CancellationToken cancellationToken)
   at System.Net.Http.HttpConnectionPool.SendWithVersionDetectionAndRetryAsync(HttpRequestMessage request, Boolean async, Boolean doRequestAuth, CancellationToken cancellationToken)
   at System.Net.Http.HttpMessageHandlerStage.SendAsync(HttpRequestMessage request, CancellationToken cancellationToken)
   at System.Net.Http.HttpMessageHandlerStage.SendAsync(HttpRequestMessage request, CancellationToken cancellationToken)
   at System.Net.Http.DiagnosticsHandler.SendAsyncCore(HttpRequestMessage request, Boolean async, CancellationToken cancellationToken)
   at System.Net.Http.RedirectHandler.SendAsync(HttpRequestMessage request, Boolean async, CancellationToken cancellationToken)
   at System.Net.Http.HttpMessageHandlerStage.SendAsync(HttpRequestMessage request, CancellationToken cancellationToken)
   at System.Net.Http.SocketsHttpHandler.<SendAsync>g__CreateHandlerAndSendAsync|119_0(HttpRequestMessage request, CancellationToken cancellationToken)
   at Microsoft.Extensions.Http.Logging.LoggingHttpMessageHandler.<SendCoreAsync>g__Core|4_0(HttpRequestMessage request, Boolean useAsync, CancellationToken cancellationToken)
2026-09-25 21:07:56.615 +05:30 [INF] System.Net.Http.HttpClient.Default.LogicalHandler HTTP request failed after 4133.0821ms
System.Net.Http.HttpRequestException: No connection could be made because the target machine actively refused it. (localhost:8001)
 ---> System.Net.Sockets.SocketException (10061): No connection could be made because the target machine actively refused it.
   at System.Net.Sockets.Socket.AwaitableSocketAsyncEventArgs.ThrowException(SocketError error, CancellationToken cancellationToken)
   at System.Net.Sockets.Socket.AwaitableSocketAsyncEventArgs.System.Threading.Tasks.Sources.IValueTaskSource.GetResult(Int16 token)
   at System.Net.Http.HttpConnectionPool.ConnectToTcpHostAsync(String host, Int32 port, HttpRequestMessage initialRequest, Boolean async, Int64 connectionId, CancellationToken cancellationToken)
   --- End of inner exception stack trace ---
   at System.Net.Http.HttpConnectionPool.ConnectToTcpHostAsync(String host, Int32 port, HttpRequestMessage initialRequest, Boolean async, Int64 connectionId, CancellationToken cancellationToken)
   at System.Net.Http.HttpConnectionPool.ConnectAsync(HttpRequestMessage request, Boolean async, Boolean isForHttp2, CancellationToken cancellationToken)
   at System.Net.Http.HttpConnectionPool.CreateHttp11ConnectionAsync(HttpRequestMessage request, Boolean async, CancellationToken cancellationToken)
   at System.Net.Http.HttpConnectionPool.InjectNewHttp11ConnectionAsync(QueueItem queueItem)
   at System.Runtime.CompilerServices.RuntimeAsyncTaskContinuation.GetResult[T](Task task, Byte& result)
   at System.Threading.Tasks.TaskCompletionSourceWithCancellation`1.WaitWithCancellationAsync(CancellationToken cancellationToken)
   at System.Net.Http.HttpConnectionPool.SendWithVersionDetectionAndRetryAsync(HttpRequestMessage request, Boolean async, Boolean doRequestAuth, CancellationToken cancellationToken)
   at System.Net.Http.HttpMessageHandlerStage.SendAsync(HttpRequestMessage request, CancellationToken cancellationToken)
   at System.Net.Http.HttpMessageHandlerStage.SendAsync(HttpRequestMessage request, CancellationToken cancellationToken)
   at System.Net.Http.DiagnosticsHandler.SendAsyncCore(HttpRequestMessage request, Boolean async, CancellationToken cancellationToken)
   at System.Net.Http.RedirectHandler.SendAsync(HttpRequestMessage request, Boolean async, CancellationToken cancellationToken)
   at System.Net.Http.HttpMessageHandlerStage.SendAsync(HttpRequestMessage request, CancellationToken cancellationToken)
   at System.Net.Http.SocketsHttpHandler.<SendAsync>g__CreateHandlerAndSendAsync|119_0(HttpRequestMessage request, CancellationToken cancellationToken)
   at Microsoft.Extensions.Http.Logging.LoggingHttpMessageHandler.<SendCoreAsync>g__Core|4_0(HttpRequestMessage request, Boolean useAsync, CancellationToken cancellationToken)
   at Microsoft.Extensions.Http.Logging.LoggingScopeHttpMessageHandler.<SendCoreAsync>g__Core|4_0(HttpRequestMessage request, Boolean useAsync, CancellationToken cancellationToken)
2026-09-25 21:07:56.618 +05:30 [INF] System.Net.Http.HttpClient.Default.LogicalHandler HTTP request failed after 4135.7507ms
System.Net.Http.HttpRequestException: No connection could be made because the target machine actively refused it. (localhost:8001)
 ---> System.Net.Sockets.SocketException (10061): No connection could be made because the target machine actively refused it.
   at System.Net.Sockets.Socket.AwaitableSocketAsyncEventArgs.ThrowException(SocketError error, CancellationToken cancellationToken)
   at System.Net.Sockets.Socket.AwaitableSocketAsyncEventArgs.System.Threading.Tasks.Sources.IValueTaskSource.GetResult(Int16 token)
   at System.Net.Http.HttpConnectionPool.ConnectToTcpHostAsync(String host, Int32 port, HttpRequestMessage initialRequest, Boolean async, Int64 connectionId, CancellationToken cancellationToken)
   --- End of inner exception stack trace ---
   at System.Net.Http.HttpConnectionPool.ConnectToTcpHostAsync(String host, Int32 port, HttpRequestMessage initialRequest, Boolean async, Int64 connectionId, CancellationToken cancellationToken)
   at System.Net.Http.HttpConnectionPool.ConnectAsync(HttpRequestMessage request, Boolean async, Boolean isForHttp2, CancellationToken cancellationToken)
   at System.Net.Http.HttpConnectionPool.CreateHttp11ConnectionAsync(HttpRequestMessage request, Boolean async, CancellationToken cancellationToken)
   at System.Net.Http.HttpConnectionPool.InjectNewHttp11ConnectionAsync(QueueItem queueItem)
   at System.Runtime.CompilerServices.RuntimeAsyncTaskContinuation.GetResult[T](Task task, Byte& result)
   at System.Threading.Tasks.TaskCompletionSourceWithCancellation`1.WaitWithCancellationAsync(CancellationToken cancellationToken)
   at System.Net.Http.HttpConnectionPool.SendWithVersionDetectionAndRetryAsync(HttpRequestMessage request, Boolean async, Boolean doRequestAuth, CancellationToken cancellationToken)
   at System.Net.Http.HttpMessageHandlerStage.SendAsync(HttpRequestMessage request, CancellationToken cancellationToken)
   at System.Net.Http.HttpMessageHandlerStage.SendAsync(HttpRequestMessage request, CancellationToken cancellationToken)
   at System.Net.Http.DiagnosticsHandler.SendAsyncCore(HttpRequestMessage request, Boolean async, CancellationToken cancellationToken)
   at System.Net.Http.RedirectHandler.SendAsync(HttpRequestMessage request, Boolean async, CancellationToken cancellationToken)
   at System.Net.Http.HttpMessageHandlerStage.SendAsync(HttpRequestMessage request, CancellationToken cancellationToken)
   at System.Net.Http.SocketsHttpHandler.<SendAsync>g__CreateHandlerAndSendAsync|119_0(HttpRequestMessage request, CancellationToken cancellationToken)
   at Microsoft.Extensions.Http.Logging.LoggingHttpMessageHandler.<SendCoreAsync>g__Core|4_0(HttpRequestMessage request, Boolean useAsync, CancellationToken cancellationToken)
   at Microsoft.Extensions.Http.Logging.LoggingScopeHttpMessageHandler.<SendCoreAsync>g__Core|4_0(HttpRequestMessage request, Boolean useAsync, CancellationToken cancellationToken)
2026-09-25 21:07:56.623 +05:30 [INF] System.Net.Http.HttpClient.Default.LogicalHandler HTTP request failed after 4141.0502ms
System.Net.Http.HttpRequestException: No connection could be made because the target machine actively refused it. (localhost:8001)
 ---> System.Net.Sockets.SocketException (10061): No connection could be made because the target machine actively refused it.
   at System.Net.Sockets.Socket.AwaitableSocketAsyncEventArgs.ThrowException(SocketError error, CancellationToken cancellationToken)
   at System.Net.Sockets.Socket.AwaitableSocketAsyncEventArgs.System.Threading.Tasks.Sources.IValueTaskSource.GetResult(Int16 token)
   at System.Net.Http.HttpConnectionPool.ConnectToTcpHostAsync(String host, Int32 port, HttpRequestMessage initialRequest, Boolean async, Int64 connectionId, CancellationToken cancellationToken)
   --- End of inner exception stack trace ---
   at System.Net.Http.HttpConnectionPool.ConnectToTcpHostAsync(String host, Int32 port, HttpRequestMessage initialRequest, Boolean async, Int64 connectionId, CancellationToken cancellationToken)
   at System.Net.Http.HttpConnectionPool.ConnectAsync(HttpRequestMessage request, Boolean async, Boolean isForHttp2, CancellationToken cancellationToken)
   at System.Net.Http.HttpConnectionPool.CreateHttp11ConnectionAsync(HttpRequestMessage request, Boolean async, CancellationToken cancellationToken)
   at System.Net.Http.HttpConnectionPool.InjectNewHttp11ConnectionAsync(QueueItem queueItem)
   at System.Runtime.CompilerServices.RuntimeAsyncTaskContinuation.GetResult[T](Task task, Byte& result)
   at System.Threading.Tasks.TaskCompletionSourceWithCancellation`1.WaitWithCancellationAsync(CancellationToken cancellationToken)
   at System.Net.Http.HttpConnectionPool.SendWithVersionDetectionAndRetryAsync(HttpRequestMessage request, Boolean async, Boolean doRequestAuth, CancellationToken cancellationToken)
   at System.Net.Http.HttpMessageHandlerStage.SendAsync(HttpRequestMessage request, CancellationToken cancellationToken)
   at System.Net.Http.HttpMessageHandlerStage.SendAsync(HttpRequestMessage request, CancellationToken cancellationToken)
   at System.Net.Http.DiagnosticsHandler.SendAsyncCore(HttpRequestMessage request, Boolean async, CancellationToken cancellationToken)
   at System.Net.Http.RedirectHandler.SendAsync(HttpRequestMessage request, Boolean async, CancellationToken cancellationToken)
   at System.Net.Http.HttpMessageHandlerStage.SendAsync(HttpRequestMessage request, CancellationToken cancellationToken)
   at System.Net.Http.SocketsHttpHandler.<SendAsync>g__CreateHandlerAndSendAsync|119_0(HttpRequestMessage request, CancellationToken cancellationToken)
   at Microsoft.Extensions.Http.Logging.LoggingHttpMessageHandler.<SendCoreAsync>g__Core|4_0(HttpRequestMessage request, Boolean useAsync, CancellationToken cancellationToken)
   at Microsoft.Extensions.Http.Logging.LoggingScopeHttpMessageHandler.<SendCoreAsync>g__Core|4_0(HttpRequestMessage request, Boolean useAsync, CancellationToken cancellationToken)
2026-09-25 21:07:56.628 +05:30 [INF] System.Net.Http.HttpClient.Default.LogicalHandler HTTP request failed after 4145.8753ms
System.Net.Http.HttpRequestException: No connection could be made because the target machine actively refused it. (localhost:8001)
 ---> System.Net.Sockets.SocketException (10061): No connection could be made because the target machine actively refused it.
   at System.Net.Sockets.Socket.AwaitableSocketAsyncEventArgs.ThrowException(SocketError error, CancellationToken cancellationToken)
   at System.Net.Sockets.Socket.AwaitableSocketAsyncEventArgs.System.Threading.Tasks.Sources.IValueTaskSource.GetResult(Int16 token)
   at System.Net.Http.HttpConnectionPool.ConnectToTcpHostAsync(String host, Int32 port, HttpRequestMessage initialRequest, Boolean async, Int64 connectionId, CancellationToken cancellationToken)
   --- End of inner exception stack trace ---
   at System.Net.Http.HttpConnectionPool.ConnectToTcpHostAsync(String host, Int32 port, HttpRequestMessage initialRequest, Boolean async, Int64 connectionId, CancellationToken cancellationToken)
   at System.Net.Http.HttpConnectionPool.ConnectAsync(HttpRequestMessage request, Boolean async, Boolean isForHttp2, CancellationToken cancellationToken)
   at System.Net.Http.HttpConnectionPool.CreateHttp11ConnectionAsync(HttpRequestMessage request, Boolean async, CancellationToken cancellationToken)
   at System.Net.Http.HttpConnectionPool.InjectNewHttp11ConnectionAsync(QueueItem queueItem)
   at System.Runtime.CompilerServices.RuntimeAsyncTaskContinuation.GetResult[T](Task task, Byte& result)
   at System.Threading.Tasks.TaskCompletionSourceWithCancellation`1.WaitWithCancellationAsync(CancellationToken cancellationToken)
   at System.Net.Http.HttpConnectionPool.SendWithVersionDetectionAndRetryAsync(HttpRequestMessage request, Boolean async, Boolean doRequestAuth, CancellationToken cancellationToken)
   at System.Net.Http.HttpMessageHandlerStage.SendAsync(HttpRequestMessage request, CancellationToken cancellationToken)
   at System.Net.Http.HttpMessageHandlerStage.SendAsync(HttpRequestMessage request, CancellationToken cancellationToken)
   at System.Net.Http.DiagnosticsHandler.SendAsyncCore(HttpRequestMessage request, Boolean async, CancellationToken cancellationToken)
   at System.Net.Http.RedirectHandler.SendAsync(HttpRequestMessage request, Boolean async, CancellationToken cancellationToken)
   at System.Net.Http.HttpMessageHandlerStage.SendAsync(HttpRequestMessage request, CancellationToken cancellationToken)
   at System.Net.Http.SocketsHttpHandler.<SendAsync>g__CreateHandlerAndSendAsync|119_0(HttpRequestMessage request, CancellationToken cancellationToken)
   at Microsoft.Extensions.Http.Logging.LoggingHttpMessageHandler.<SendCoreAsync>g__Core|4_0(HttpRequestMessage request, Boolean useAsync, CancellationToken cancellationToken)
   at Microsoft.Extensions.Http.Logging.LoggingScopeHttpMessageHandler.<SendCoreAsync>g__Core|4_0(HttpRequestMessage request, Boolean useAsync, CancellationToken cancellationToken)
2026-09-25 21:07:56.634 +05:30 [WRN] FishLink.API.Controllers.AgentGatewayController Price API unreachable for species Skipjack
System.Net.Http.HttpRequestException: No connection could be made because the target machine actively refused it. (localhost:8001)
 ---> System.Net.Sockets.SocketException (10061): No connection could be made because the target machine actively refused it.
   at System.Net.Sockets.Socket.AwaitableSocketAsyncEventArgs.ThrowException(SocketError error, CancellationToken cancellationToken)
   at System.Net.Sockets.Socket.AwaitableSocketAsyncEventArgs.System.Threading.Tasks.Sources.IValueTaskSource.GetResult(Int16 token)
   at System.Net.Http.HttpConnectionPool.ConnectToTcpHostAsync(String host, Int32 port, HttpRequestMessage initialRequest, Boolean async, Int64 connectionId, CancellationToken cancellationToken)
   --- End of inner exception stack trace ---
   at System.Net.Http.HttpConnectionPool.ConnectToTcpHostAsync(String host, Int32 port, HttpRequestMessage initialRequest, Boolean async, Int64 connectionId, CancellationToken cancellationToken)
   at System.Net.Http.HttpConnectionPool.ConnectAsync(HttpRequestMessage request, Boolean async, Boolean isForHttp2, CancellationToken cancellationToken)
   at System.Net.Http.HttpConnectionPool.CreateHttp11ConnectionAsync(HttpRequestMessage request, Boolean async, CancellationToken cancellationToken)
   at System.Net.Http.HttpConnectionPool.InjectNewHttp11ConnectionAsync(QueueItem queueItem)
   at System.Runtime.CompilerServices.RuntimeAsyncTaskContinuation.GetResult[T](Task task, Byte& result)
   at System.Threading.Tasks.TaskCompletionSourceWithCancellation`1.WaitWithCancellationAsync(CancellationToken cancellationToken)
   at System.Net.Http.HttpConnectionPool.SendWithVersionDetectionAndRetryAsync(HttpRequestMessage request, Boolean async, Boolean doRequestAuth, CancellationToken cancellationToken)
   at System.Net.Http.HttpMessageHandlerStage.SendAsync(HttpRequestMessage request, CancellationToken cancellationToken)
   at System.Net.Http.HttpMessageHandlerStage.SendAsync(HttpRequestMessage request, CancellationToken cancellationToken)
   at System.Net.Http.DiagnosticsHandler.SendAsyncCore(HttpRequestMessage request, Boolean async, CancellationToken cancellationToken)
   at System.Net.Http.RedirectHandler.SendAsync(HttpRequestMessage request, Boolean async, CancellationToken cancellationToken)
   at System.Net.Http.HttpMessageHandlerStage.SendAsync(HttpRequestMessage request, CancellationToken cancellationToken)
   at System.Net.Http.SocketsHttpHandler.<SendAsync>g__CreateHandlerAndSendAsync|119_0(HttpRequestMessage request, CancellationToken cancellationToken)
   at Microsoft.Extensions.Http.Logging.LoggingHttpMessageHandler.<SendCoreAsync>g__Core|4_0(HttpRequestMessage request, Boolean useAsync, CancellationToken cancellationToken)
   at Microsoft.Extensions.Http.Logging.LoggingScopeHttpMessageHandler.<SendCoreAsync>g__Core|4_0(HttpRequestMessage request, Boolean useAsync, CancellationToken cancellationToken)
   at System.Runtime.CompilerServices.RuntimeAsyncTaskContinuation.GetResult[T](Task task, Byte& result)
   at System.Net.Http.HttpClient.<SendAsync>g__Core|83_0(HttpRequestMessage request, HttpCompletionOption completionOption, CancellationTokenSource cts, Boolean disposeCts, CancellationTokenSource pendingRequestsCts, CancellationToken originalCancellationToken)
   at FishLink.API.Controllers.AgentGatewayController.GetPricePrediction(String species) in C:\Users\gajan\Desktop\SEF-assigment-01-main\SEF-assigment-01-main\FishLink.API\Controllers\AgentGatewayController.cs:line 147
2026-09-25 21:07:56.640 +05:30 [WRN] FishLink.API.Controllers.AgentGatewayController Price API unreachable for species Trevally (Paraw)
System.Net.Http.HttpRequestException: No connection could be made because the target machine actively refused it. (localhost:8001)
 ---> System.Net.Sockets.SocketException (10061): No connection could be made because the target machine actively refused it.
   at System.Net.Sockets.Socket.AwaitableSocketAsyncEventArgs.ThrowException(SocketError error, CancellationToken cancellationToken)
   at System.Net.Sockets.Socket.AwaitableSocketAsyncEventArgs.System.Threading.Tasks.Sources.IValueTaskSource.GetResult(Int16 token)
   at System.Net.Http.HttpConnectionPool.ConnectToTcpHostAsync(String host, Int32 port, HttpRequestMessage initialRequest, Boolean async, Int64 connectionId, CancellationToken cancellationToken)
   --- End of inner exception stack trace ---
   at System.Net.Http.HttpConnectionPool.ConnectToTcpHostAsync(String host, Int32 port, HttpRequestMessage initialRequest, Boolean async, Int64 connectionId, CancellationToken cancellationToken)
   at System.Net.Http.HttpConnectionPool.ConnectAsync(HttpRequestMessage request, Boolean async, Boolean isForHttp2, CancellationToken cancellationToken)
   at System.Net.Http.HttpConnectionPool.CreateHttp11ConnectionAsync(HttpRequestMessage request, Boolean async, CancellationToken cancellationToken)
   at System.Net.Http.HttpConnectionPool.InjectNewHttp11ConnectionAsync(QueueItem queueItem)
   at System.Runtime.CompilerServices.RuntimeAsyncTaskContinuation.GetResult[T](Task task, Byte& result)
   at System.Threading.Tasks.TaskCompletionSourceWithCancellation`1.WaitWithCancellationAsync(CancellationToken cancellationToken)
   at System.Net.Http.HttpConnectionPool.SendWithVersionDetectionAndRetryAsync(HttpRequestMessage request, Boolean async, Boolean doRequestAuth, CancellationToken cancellationToken)
   at System.Net.Http.HttpMessageHandlerStage.SendAsync(HttpRequestMessage request, CancellationToken cancellationToken)
   at System.Net.Http.HttpMessageHandlerStage.SendAsync(HttpRequestMessage request, CancellationToken cancellationToken)
   at System.Net.Http.DiagnosticsHandler.SendAsyncCore(HttpRequestMessage request, Boolean async, CancellationToken cancellationToken)
   at System.Net.Http.RedirectHandler.SendAsync(HttpRequestMessage request, Boolean async, CancellationToken cancellationToken)
   at System.Net.Http.HttpMessageHandlerStage.SendAsync(HttpRequestMessage request, CancellationToken cancellationToken)
   at System.Net.Http.SocketsHttpHandler.<SendAsync>g__CreateHandlerAndSendAsync|119_0(HttpRequestMessage request, CancellationToken cancellationToken)
   at Microsoft.Extensions.Http.Logging.LoggingHttpMessageHandler.<SendCoreAsync>g__Core|4_0(HttpRequestMessage request, Boolean useAsync, CancellationToken cancellationToken)
   at Microsoft.Extensions.Http.Logging.LoggingScopeHttpMessageHandler.<SendCoreAsync>g__Core|4_0(HttpRequestMessage request, Boolean useAsync, CancellationToken cancellationToken)
   at System.Runtime.CompilerServices.RuntimeAsyncTaskContinuation.GetResult[T](Task task, Byte& result)
   at System.Net.Http.HttpClient.<SendAsync>g__Core|83_0(HttpRequestMessage request, HttpCompletionOption completionOption, CancellationTokenSource cts, Boolean disposeCts, CancellationTokenSource pendingRequestsCts, CancellationToken originalCancellationToken)
   at FishLink.API.Controllers.AgentGatewayController.GetPricePrediction(String species) in C:\Users\gajan\Desktop\SEF-assigment-01-main\SEF-assigment-01-main\FishLink.API\Controllers\AgentGatewayController.cs:line 147
2026-09-25 21:07:56.644 +05:30 [WRN] FishLink.API.Controllers.AgentGatewayController Price API unreachable for species Tuna (Yellowfin)
System.Net.Http.HttpRequestException: No connection could be made because the target machine actively refused it. (localhost:8001)
 ---> System.Net.Sockets.SocketException (10061): No connection could be made because the target machine actively refused it.
   at System.Net.Sockets.Socket.AwaitableSocketAsyncEventArgs.ThrowException(SocketError error, CancellationToken cancellationToken)
   at System.Net.Sockets.Socket.AwaitableSocketAsyncEventArgs.System.Threading.Tasks.Sources.IValueTaskSource.GetResult(Int16 token)
   at System.Net.Http.HttpConnectionPool.ConnectToTcpHostAsync(String host, Int32 port, HttpRequestMessage initialRequest, Boolean async, Int64 connectionId, CancellationToken cancellationToken)
   --- End of inner exception stack trace ---
   at System.Net.Http.HttpConnectionPool.ConnectToTcpHostAsync(String host, Int32 port, HttpRequestMessage initialRequest, Boolean async, Int64 connectionId, CancellationToken cancellationToken)
   at System.Net.Http.HttpConnectionPool.ConnectAsync(HttpRequestMessage request, Boolean async, Boolean isForHttp2, CancellationToken cancellationToken)
   at System.Net.Http.HttpConnectionPool.CreateHttp11ConnectionAsync(HttpRequestMessage request, Boolean async, CancellationToken cancellationToken)
   at System.Net.Http.HttpConnectionPool.InjectNewHttp11ConnectionAsync(QueueItem queueItem)
   at System.Runtime.CompilerServices.RuntimeAsyncTaskContinuation.GetResult[T](Task task, Byte& result)
   at System.Threading.Tasks.TaskCompletionSourceWithCancellation`1.WaitWithCancellationAsync(CancellationToken cancellationToken)
   at System.Net.Http.HttpConnectionPool.SendWithVersionDetectionAndRetryAsync(HttpRequestMessage request, Boolean async, Boolean doRequestAuth, CancellationToken cancellationToken)
   at System.Net.Http.HttpMessageHandlerStage.SendAsync(HttpRequestMessage request, CancellationToken cancellationToken)
   at System.Net.Http.HttpMessageHandlerStage.SendAsync(HttpRequestMessage request, CancellationToken cancellationToken)
   at System.Net.Http.DiagnosticsHandler.SendAsyncCore(HttpRequestMessage request, Boolean async, CancellationToken cancellationToken)
   at System.Net.Http.RedirectHandler.SendAsync(HttpRequestMessage request, Boolean async, CancellationToken cancellationToken)
   at System.Net.Http.HttpMessageHandlerStage.SendAsync(HttpRequestMessage request, CancellationToken cancellationToken)
   at System.Net.Http.SocketsHttpHandler.<SendAsync>g__CreateHandlerAndSendAsync|119_0(HttpRequestMessage request, CancellationToken cancellationToken)
   at Microsoft.Extensions.Http.Logging.LoggingHttpMessageHandler.<SendCoreAsync>g__Core|4_0(HttpRequestMessage request, Boolean useAsync, CancellationToken cancellationToken)
   at Microsoft.Extensions.Http.Logging.LoggingScopeHttpMessageHandler.<SendCoreAsync>g__Core|4_0(HttpRequestMessage request, Boolean useAsync, CancellationToken cancellationToken)
   at System.Runtime.CompilerServices.RuntimeAsyncTaskContinuation.GetResult[T](Task task, Byte& result)
   at System.Net.Http.HttpClient.<SendAsync>g__Core|83_0(HttpRequestMessage request, HttpCompletionOption completionOption, CancellationTokenSource cts, Boolean disposeCts, CancellationTokenSource pendingRequestsCts, CancellationToken originalCancellationToken)
   at FishLink.API.Controllers.AgentGatewayController.GetPricePrediction(String species) in C:\Users\gajan\Desktop\SEF-assigment-01-main\SEF-assigment-01-main\FishLink.API\Controllers\AgentGatewayController.cs:line 147
2026-09-25 21:07:56.649 +05:30 [WRN] FishLink.API.Controllers.AgentGatewayController Price API unreachable for species Mackerel
System.Net.Http.HttpRequestException: No connection could be made because the target machine actively refused it. (localhost:8001)
 ---> System.Net.Sockets.SocketException (10061): No connection could be made because the target machine actively refused it.
   at System.Net.Sockets.Socket.AwaitableSocketAsyncEventArgs.ThrowException(SocketError error, CancellationToken cancellationToken)
   at System.Net.Sockets.Socket.AwaitableSocketAsyncEventArgs.System.Threading.Tasks.Sources.IValueTaskSource.GetResult(Int16 token)
   at System.Net.Http.HttpConnectionPool.ConnectToTcpHostAsync(String host, Int32 port, HttpRequestMessage initialRequest, Boolean async, Int64 connectionId, CancellationToken cancellationToken)
   --- End of inner exception stack trace ---
   at System.Net.Http.HttpConnectionPool.ConnectToTcpHostAsync(String host, Int32 port, HttpRequestMessage initialRequest, Boolean async, Int64 connectionId, CancellationToken cancellationToken)
   at System.Net.Http.HttpConnectionPool.ConnectAsync(HttpRequestMessage request, Boolean async, Boolean isForHttp2, CancellationToken cancellationToken)
   at System.Net.Http.HttpConnectionPool.CreateHttp11ConnectionAsync(HttpRequestMessage request, Boolean async, CancellationToken cancellationToken)
   at System.Net.Http.HttpConnectionPool.InjectNewHttp11ConnectionAsync(QueueItem queueItem)
   at System.Runtime.CompilerServices.RuntimeAsyncTaskContinuation.GetResult[T](Task task, Byte& result)
   at System.Threading.Tasks.TaskCompletionSourceWithCancellation`1.WaitWithCancellationAsync(CancellationToken cancellationToken)
   at System.Net.Http.HttpConnectionPool.SendWithVersionDetectionAndRetryAsync(HttpRequestMessage request, Boolean async, Boolean doRequestAuth, CancellationToken cancellationToken)
   at System.Net.Http.HttpMessageHandlerStage.SendAsync(HttpRequestMessage request, CancellationToken cancellationToken)
   at System.Net.Http.HttpMessageHandlerStage.SendAsync(HttpRequestMessage request, CancellationToken cancellationToken)
   at System.Net.Http.DiagnosticsHandler.SendAsyncCore(HttpRequestMessage request, Boolean async, CancellationToken cancellationToken)
   at System.Net.Http.RedirectHandler.SendAsync(HttpRequestMessage request, Boolean async, CancellationToken cancellationToken)
   at System.Net.Http.HttpMessageHandlerStage.SendAsync(HttpRequestMessage request, CancellationToken cancellationToken)
   at System.Net.Http.SocketsHttpHandler.<SendAsync>g__CreateHandlerAndSendAsync|119_0(HttpRequestMessage request, CancellationToken cancellationToken)
   at Microsoft.Extensions.Http.Logging.LoggingHttpMessageHandler.<SendCoreAsync>g__Core|4_0(HttpRequestMessage request, Boolean useAsync, CancellationToken cancellationToken)
   at Microsoft.Extensions.Http.Logging.LoggingScopeHttpMessageHandler.<SendCoreAsync>g__Core|4_0(HttpRequestMessage request, Boolean useAsync, CancellationToken cancellationToken)
   at System.Runtime.CompilerServices.RuntimeAsyncTaskContinuation.GetResult[T](Task task, Byte& result)
   at System.Net.Http.HttpClient.<SendAsync>g__Core|83_0(HttpRequestMessage request, HttpCompletionOption completionOption, CancellationTokenSource cts, Boolean disposeCts, CancellationTokenSource pendingRequestsCts, CancellationToken originalCancellationToken)
   at FishLink.API.Controllers.AgentGatewayController.GetPricePrediction(String species) in C:\Users\gajan\Desktop\SEF-assigment-01-main\SEF-assigment-01-main\FishLink.API\Controllers\AgentGatewayController.cs:line 147
2026-09-25 21:07:56.672 +05:30 [ERR] Serilog.AspNetCore.RequestLoggingMiddleware HTTP GET /api/AgentGateway/prices/Skipjack/predict responded 503 in 4215.252 ms
2026-09-25 21:07:56.678 +05:30 [ERR] Serilog.AspNetCore.RequestLoggingMiddleware HTTP GET /api/AgentGateway/prices/Trevally (Paraw)/predict responded 503 in 4203.222 ms
2026-09-25 21:07:56.686 +05:30 [ERR] Serilog.AspNetCore.RequestLoggingMiddleware HTTP GET /api/AgentGateway/prices/Tuna (Yellowfin)/predict responded 503 in 4222.976 ms
2026-09-25 21:07:56.695 +05:30 [ERR] Serilog.AspNetCore.RequestLoggingMiddleware HTTP GET /api/AgentGateway/prices/Mackerel/predict responded 503 in 4235.502 ms
2026-09-25 21:07:56.703 +05:30 [INF] System.Net.Http.HttpClient.Default.LogicalHandler Start processing HTTP request GET http://localhost:8001/api/prices/Trevally%20%28Paraw%29/predict
2026-09-25 21:07:56.703 +05:30 [INF] System.Net.Http.HttpClient.Default.LogicalHandler Start processing HTTP request GET http://localhost:8001/api/prices/Skipjack/predict
2026-09-25 21:07:56.707 +05:30 [INF] System.Net.Http.HttpClient.Default.LogicalHandler Start processing HTTP request GET http://localhost:8001/api/prices/Tuna%20%28Yellowfin%29/predict
2026-09-25 21:07:56.709 +05:30 [INF] System.Net.Http.HttpClient.Default.LogicalHandler Start processing HTTP request GET http://localhost:8001/api/prices/Mackerel/predict
2026-09-25 21:07:56.710 +05:30 [INF] System.Net.Http.HttpClient.Default.ClientHandler Sending HTTP request GET http://localhost:8001/api/prices/Trevally%20%28Paraw%29/predict
2026-09-25 21:07:56.712 +05:30 [INF] System.Net.Http.HttpClient.Default.ClientHandler Sending HTTP request GET http://localhost:8001/api/prices/Skipjack/predict
2026-09-25 21:07:56.713 +05:30 [INF] System.Net.Http.HttpClient.Default.ClientHandler Sending HTTP request GET http://localhost:8001/api/prices/Tuna%20%28Yellowfin%29/predict
2026-09-25 21:07:56.715 +05:30 [INF] System.Net.Http.HttpClient.Default.ClientHandler Sending HTTP request GET http://localhost:8001/api/prices/Mackerel/predict
2026-09-25 21:08:00.802 +05:30 [INF] System.Net.Http.HttpClient.Default.ClientHandler HTTP request failed after 4078.0673ms
System.Net.Http.HttpRequestException: No connection could be made because the target machine actively refused it. (localhost:8001)
 ---> System.Net.Sockets.SocketException (10061): No connection could be made because the target machine actively refused it.
   at System.Net.Sockets.Socket.AwaitableSocketAsyncEventArgs.ThrowException(SocketError error, CancellationToken cancellationToken)
   at System.Net.Sockets.Socket.AwaitableSocketAsyncEventArgs.System.Threading.Tasks.Sources.IValueTaskSource.GetResult(Int16 token)
   at System.Net.Http.HttpConnectionPool.ConnectToTcpHostAsync(String host, Int32 port, HttpRequestMessage initialRequest, Boolean async, Int64 connectionId, CancellationToken cancellationToken)
   --- End of inner exception stack trace ---
   at System.Net.Http.HttpConnectionPool.ConnectToTcpHostAsync(String host, Int32 port, HttpRequestMessage initialRequest, Boolean async, Int64 connectionId, CancellationToken cancellationToken)
   at System.Net.Http.HttpConnectionPool.ConnectAsync(HttpRequestMessage request, Boolean async, Boolean isForHttp2, CancellationToken cancellationToken)
   at System.Net.Http.HttpConnectionPool.CreateHttp11ConnectionAsync(HttpRequestMessage request, Boolean async, CancellationToken cancellationToken)
   at System.Net.Http.HttpConnectionPool.InjectNewHttp11ConnectionAsync(QueueItem queueItem)
   at System.Runtime.CompilerServices.RuntimeAsyncTaskContinuation.GetResult[T](Task task, Byte& result)
   at System.Threading.Tasks.TaskCompletionSourceWithCancellation`1.WaitWithCancellationAsync(CancellationToken cancellationToken)
   at System.Net.Http.HttpConnectionPool.SendWithVersionDetectionAndRetryAsync(HttpRequestMessage request, Boolean async, Boolean doRequestAuth, CancellationToken cancellationToken)
   at System.Net.Http.HttpMessageHandlerStage.SendAsync(HttpRequestMessage request, CancellationToken cancellationToken)
   at System.Net.Http.HttpMessageHandlerStage.SendAsync(HttpRequestMessage request, CancellationToken cancellationToken)
   at System.Net.Http.DiagnosticsHandler.SendAsyncCore(HttpRequestMessage request, Boolean async, CancellationToken cancellationToken)
   at System.Net.Http.RedirectHandler.SendAsync(HttpRequestMessage request, Boolean async, CancellationToken cancellationToken)
   at Microsoft.Extensions.Http.Logging.LoggingHttpMessageHandler.<SendCoreAsync>g__Core|4_0(HttpRequestMessage request, Boolean useAsync, CancellationToken cancellationToken)
2026-09-25 21:08:00.802 +05:30 [INF] System.Net.Http.HttpClient.Default.ClientHandler HTTP request failed after 4074.6426ms
System.Net.Http.HttpRequestException: No connection could be made because the target machine actively refused it. (localhost:8001)
 ---> System.Net.Sockets.SocketException (10061): No connection could be made because the target machine actively refused it.
   at System.Net.Sockets.Socket.AwaitableSocketAsyncEventArgs.ThrowException(SocketError error, CancellationToken cancellationToken)
   at System.Net.Sockets.Socket.AwaitableSocketAsyncEventArgs.System.Threading.Tasks.Sources.IValueTaskSource.GetResult(Int16 token)
   at System.Net.Http.HttpConnectionPool.ConnectToTcpHostAsync(String host, Int32 port, HttpRequestMessage initialRequest, Boolean async, Int64 connectionId, CancellationToken cancellationToken)
   --- End of inner exception stack trace ---
   at System.Net.Http.HttpConnectionPool.ConnectToTcpHostAsync(String host, Int32 port, HttpRequestMessage initialRequest, Boolean async, Int64 connectionId, CancellationToken cancellationToken)
   at System.Net.Http.HttpConnectionPool.ConnectAsync(HttpRequestMessage request, Boolean async, Boolean isForHttp2, CancellationToken cancellationToken)
   at System.Net.Http.HttpConnectionPool.CreateHttp11ConnectionAsync(HttpRequestMessage request, Boolean async, CancellationToken cancellationToken)
   at System.Net.Http.HttpConnectionPool.InjectNewHttp11ConnectionAsync(QueueItem queueItem)
   at System.Runtime.CompilerServices.RuntimeAsyncTaskContinuation.GetResult[T](Task task, Byte& result)
   at System.Threading.Tasks.TaskCompletionSourceWithCancellation`1.WaitWithCancellationAsync(CancellationToken cancellationToken)
   at System.Net.Http.HttpConnectionPool.SendWithVersionDetectionAndRetryAsync(HttpRequestMessage request, Boolean async, Boolean doRequestAuth, CancellationToken cancellationToken)
   at System.Net.Http.HttpMessageHandlerStage.SendAsync(HttpRequestMessage request, CancellationToken cancellationToken)
   at System.Net.Http.HttpMessageHandlerStage.SendAsync(HttpRequestMessage request, CancellationToken cancellationToken)
   at System.Net.Http.DiagnosticsHandler.SendAsyncCore(HttpRequestMessage request, Boolean async, CancellationToken cancellationToken)
   at System.Net.Http.RedirectHandler.SendAsync(HttpRequestMessage request, Boolean async, CancellationToken cancellationToken)
   at Microsoft.Extensions.Http.Logging.LoggingHttpMessageHandler.<SendCoreAsync>g__Core|4_0(HttpRequestMessage request, Boolean useAsync, CancellationToken cancellationToken)
2026-09-25 21:08:00.802 +05:30 [INF] System.Net.Http.HttpClient.Default.ClientHandler HTTP request failed after 4084.2115ms
System.Net.Http.HttpRequestException: No connection could be made because the target machine actively refused it. (localhost:8001)
 ---> System.Net.Sockets.SocketException (10061): No connection could be made because the target machine actively refused it.
   at System.Net.Sockets.Socket.AwaitableSocketAsyncEventArgs.ThrowException(SocketError error, CancellationToken cancellationToken)
   at System.Net.Sockets.Socket.AwaitableSocketAsyncEventArgs.System.Threading.Tasks.Sources.IValueTaskSource.GetResult(Int16 token)
   at System.Net.Http.HttpConnectionPool.ConnectToTcpHostAsync(String host, Int32 port, HttpRequestMessage initialRequest, Boolean async, Int64 connectionId, CancellationToken cancellationToken)
   --- End of inner exception stack trace ---
   at System.Net.Http.HttpConnectionPool.ConnectToTcpHostAsync(String host, Int32 port, HttpRequestMessage initialRequest, Boolean async, Int64 connectionId, CancellationToken cancellationToken)
   at System.Net.Http.HttpConnectionPool.ConnectAsync(HttpRequestMessage request, Boolean async, Boolean isForHttp2, CancellationToken cancellationToken)
   at System.Net.Http.HttpConnectionPool.CreateHttp11ConnectionAsync(HttpRequestMessage request, Boolean async, CancellationToken cancellationToken)
   at System.Net.Http.HttpConnectionPool.InjectNewHttp11ConnectionAsync(QueueItem queueItem)
   at System.Runtime.CompilerServices.RuntimeAsyncTaskContinuation.GetResult[T](Task task, Byte& result)
   at System.Threading.Tasks.TaskCompletionSourceWithCancellation`1.WaitWithCancellationAsync(CancellationToken cancellationToken)
   at System.Net.Http.HttpConnectionPool.SendWithVersionDetectionAndRetryAsync(HttpRequestMessage request, Boolean async, Boolean doRequestAuth, CancellationToken cancellationToken)
   at System.Net.Http.HttpMessageHandlerStage.SendAsync(HttpRequestMessage request, CancellationToken cancellationToken)
   at System.Net.Http.HttpMessageHandlerStage.SendAsync(HttpRequestMessage request, CancellationToken cancellationToken)
   at System.Net.Http.DiagnosticsHandler.SendAsyncCore(HttpRequestMessage request, Boolean async, CancellationToken cancellationToken)
   at System.Net.Http.RedirectHandler.SendAsync(HttpRequestMessage request, Boolean async, CancellationToken cancellationToken)
   at Microsoft.Extensions.Http.Logging.LoggingHttpMessageHandler.<SendCoreAsync>g__Core|4_0(HttpRequestMessage request, Boolean useAsync, CancellationToken cancellationToken)
2026-09-25 21:08:00.803 +05:30 [INF] System.Net.Http.HttpClient.Default.ClientHandler HTTP request failed after 4086.1434ms
System.Net.Http.HttpRequestException: No connection could be made because the target machine actively refused it. (localhost:8001)
 ---> System.Net.Sockets.SocketException (10061): No connection could be made because the target machine actively refused it.
   at System.Net.Sockets.Socket.AwaitableSocketAsyncEventArgs.ThrowException(SocketError error, CancellationToken cancellationToken)
   at System.Net.Sockets.Socket.AwaitableSocketAsyncEventArgs.System.Threading.Tasks.Sources.IValueTaskSource.GetResult(Int16 token)
   at System.Net.Http.HttpConnectionPool.ConnectToTcpHostAsync(String host, Int32 port, HttpRequestMessage initialRequest, Boolean async, Int64 connectionId, CancellationToken cancellationToken)
   --- End of inner exception stack trace ---
   at System.Net.Http.HttpConnectionPool.ConnectToTcpHostAsync(String host, Int32 port, HttpRequestMessage initialRequest, Boolean async, Int64 connectionId, CancellationToken cancellationToken)
   at System.Net.Http.HttpConnectionPool.ConnectAsync(HttpRequestMessage request, Boolean async, Boolean isForHttp2, CancellationToken cancellationToken)
   at System.Net.Http.HttpConnectionPool.CreateHttp11ConnectionAsync(HttpRequestMessage request, Boolean async, CancellationToken cancellationToken)
   at System.Net.Http.HttpConnectionPool.InjectNewHttp11ConnectionAsync(QueueItem queueItem)
   at System.Runtime.CompilerServices.RuntimeAsyncTaskContinuation.GetResult[T](Task task, Byte& result)
   at System.Threading.Tasks.TaskCompletionSourceWithCancellation`1.WaitWithCancellationAsync(CancellationToken cancellationToken)
   at System.Net.Http.HttpConnectionPool.SendWithVersionDetectionAndRetryAsync(HttpRequestMessage request, Boolean async, Boolean doRequestAuth, CancellationToken cancellationToken)
   at System.Net.Http.HttpMessageHandlerStage.SendAsync(HttpRequestMessage request, CancellationToken cancellationToken)
   at System.Net.Http.HttpMessageHandlerStage.SendAsync(HttpRequestMessage request, CancellationToken cancellationToken)
   at System.Net.Http.DiagnosticsHandler.SendAsyncCore(HttpRequestMessage request, Boolean async, CancellationToken cancellationToken)
   at System.Net.Http.RedirectHandler.SendAsync(HttpRequestMessage request, Boolean async, CancellationToken cancellationToken)
   at Microsoft.Extensions.Http.Logging.LoggingHttpMessageHandler.<SendCoreAsync>g__Core|4_0(HttpRequestMessage request, Boolean useAsync, CancellationToken cancellationToken)
2026-09-25 21:08:00.809 +05:30 [INF] System.Net.Http.HttpClient.Default.LogicalHandler HTTP request failed after 4102.1634ms
System.Net.Http.HttpRequestException: No connection could be made because the target machine actively refused it. (localhost:8001)
 ---> System.Net.Sockets.SocketException (10061): No connection could be made because the target machine actively refused it.
   at System.Net.Sockets.Socket.AwaitableSocketAsyncEventArgs.ThrowException(SocketError error, CancellationToken cancellationToken)
   at System.Net.Sockets.Socket.AwaitableSocketAsyncEventArgs.System.Threading.Tasks.Sources.IValueTaskSource.GetResult(Int16 token)
   at System.Net.Http.HttpConnectionPool.ConnectToTcpHostAsync(String host, Int32 port, HttpRequestMessage initialRequest, Boolean async, Int64 connectionId, CancellationToken cancellationToken)
   --- End of inner exception stack trace ---
   at System.Net.Http.HttpConnectionPool.ConnectToTcpHostAsync(String host, Int32 port, HttpRequestMessage initialRequest, Boolean async, Int64 connectionId, CancellationToken cancellationToken)
   at System.Net.Http.HttpConnectionPool.ConnectAsync(HttpRequestMessage request, Boolean async, Boolean isForHttp2, CancellationToken cancellationToken)
   at System.Net.Http.HttpConnectionPool.CreateHttp11ConnectionAsync(HttpRequestMessage request, Boolean async, CancellationToken cancellationToken)
   at System.Net.Http.HttpConnectionPool.InjectNewHttp11ConnectionAsync(QueueItem queueItem)
   at System.Runtime.CompilerServices.RuntimeAsyncTaskContinuation.GetResult[T](Task task, Byte& result)
   at System.Threading.Tasks.TaskCompletionSourceWithCancellation`1.WaitWithCancellationAsync(CancellationToken cancellationToken)
   at System.Net.Http.HttpConnectionPool.SendWithVersionDetectionAndRetryAsync(HttpRequestMessage request, Boolean async, Boolean doRequestAuth, CancellationToken cancellationToken)
   at System.Net.Http.HttpMessageHandlerStage.SendAsync(HttpRequestMessage request, CancellationToken cancellationToken)
   at System.Net.Http.HttpMessageHandlerStage.SendAsync(HttpRequestMessage request, CancellationToken cancellationToken)
   at System.Net.Http.DiagnosticsHandler.SendAsyncCore(HttpRequestMessage request, Boolean async, CancellationToken cancellationToken)
   at System.Net.Http.RedirectHandler.SendAsync(HttpRequestMessage request, Boolean async, CancellationToken cancellationToken)
   at Microsoft.Extensions.Http.Logging.LoggingHttpMessageHandler.<SendCoreAsync>g__Core|4_0(HttpRequestMessage request, Boolean useAsync, CancellationToken cancellationToken)
   at Microsoft.Extensions.Http.Logging.LoggingScopeHttpMessageHandler.<SendCoreAsync>g__Core|4_0(HttpRequestMessage request, Boolean useAsync, CancellationToken cancellationToken)
2026-09-25 21:08:00.816 +05:30 [INF] System.Net.Http.HttpClient.Default.LogicalHandler HTTP request failed after 4106.4528ms
System.Net.Http.HttpRequestException: No connection could be made because the target machine actively refused it. (localhost:8001)
 ---> System.Net.Sockets.SocketException (10061): No connection could be made because the target machine actively refused it.
   at System.Net.Sockets.Socket.AwaitableSocketAsyncEventArgs.ThrowException(SocketError error, CancellationToken cancellationToken)
   at System.Net.Sockets.Socket.AwaitableSocketAsyncEventArgs.System.Threading.Tasks.Sources.IValueTaskSource.GetResult(Int16 token)
   at System.Net.Http.HttpConnectionPool.ConnectToTcpHostAsync(String host, Int32 port, HttpRequestMessage initialRequest, Boolean async, Int64 connectionId, CancellationToken cancellationToken)
   --- End of inner exception stack trace ---
   at System.Net.Http.HttpConnectionPool.ConnectToTcpHostAsync(String host, Int32 port, HttpRequestMessage initialRequest, Boolean async, Int64 connectionId, CancellationToken cancellationToken)
   at System.Net.Http.HttpConnectionPool.ConnectAsync(HttpRequestMessage request, Boolean async, Boolean isForHttp2, CancellationToken cancellationToken)
   at System.Net.Http.HttpConnectionPool.CreateHttp11ConnectionAsync(HttpRequestMessage request, Boolean async, CancellationToken cancellationToken)
   at System.Net.Http.HttpConnectionPool.InjectNewHttp11ConnectionAsync(QueueItem queueItem)
   at System.Runtime.CompilerServices.RuntimeAsyncTaskContinuation.GetResult[T](Task task, Byte& result)
   at System.Threading.Tasks.TaskCompletionSourceWithCancellation`1.WaitWithCancellationAsync(CancellationToken cancellationToken)
   at System.Net.Http.HttpConnectionPool.SendWithVersionDetectionAndRetryAsync(HttpRequestMessage request, Boolean async, Boolean doRequestAuth, CancellationToken cancellationToken)
   at System.Net.Http.HttpMessageHandlerStage.SendAsync(HttpRequestMessage request, CancellationToken cancellationToken)
   at System.Net.Http.HttpMessageHandlerStage.SendAsync(HttpRequestMessage request, CancellationToken cancellationToken)
   at System.Net.Http.DiagnosticsHandler.SendAsyncCore(HttpRequestMessage request, Boolean async, CancellationToken cancellationToken)
   at System.Net.Http.RedirectHandler.SendAsync(HttpRequestMessage request, Boolean async, CancellationToken cancellationToken)
   at Microsoft.Extensions.Http.Logging.LoggingHttpMessageHandler.<SendCoreAsync>g__Core|4_0(HttpRequestMessage request, Boolean useAsync, CancellationToken cancellationToken)
   at Microsoft.Extensions.Http.Logging.LoggingScopeHttpMessageHandler.<SendCoreAsync>g__Core|4_0(HttpRequestMessage request, Boolean useAsync, CancellationToken cancellationToken)
2026-09-25 21:08:00.822 +05:30 [INF] System.Net.Http.HttpClient.Default.LogicalHandler HTTP request failed after 4118.72ms
System.Net.Http.HttpRequestException: No connection could be made because the target machine actively refused it. (localhost:8001)
 ---> System.Net.Sockets.SocketException (10061): No connection could be made because the target machine actively refused it.
   at System.Net.Sockets.Socket.AwaitableSocketAsyncEventArgs.ThrowException(SocketError error, CancellationToken cancellationToken)
   at System.Net.Sockets.Socket.AwaitableSocketAsyncEventArgs.System.Threading.Tasks.Sources.IValueTaskSource.GetResult(Int16 token)
   at System.Net.Http.HttpConnectionPool.ConnectToTcpHostAsync(String host, Int32 port, HttpRequestMessage initialRequest, Boolean async, Int64 connectionId, CancellationToken cancellationToken)
   --- End of inner exception stack trace ---
   at System.Net.Http.HttpConnectionPool.ConnectToTcpHostAsync(String host, Int32 port, HttpRequestMessage initialRequest, Boolean async, Int64 connectionId, CancellationToken cancellationToken)
   at System.Net.Http.HttpConnectionPool.ConnectAsync(HttpRequestMessage request, Boolean async, Boolean isForHttp2, CancellationToken cancellationToken)
   at System.Net.Http.HttpConnectionPool.CreateHttp11ConnectionAsync(HttpRequestMessage request, Boolean async, CancellationToken cancellationToken)
   at System.Net.Http.HttpConnectionPool.InjectNewHttp11ConnectionAsync(QueueItem queueItem)
   at System.Runtime.CompilerServices.RuntimeAsyncTaskContinuation.GetResult[T](Task task, Byte& result)
   at System.Threading.Tasks.TaskCompletionSourceWithCancellation`1.WaitWithCancellationAsync(CancellationToken cancellationToken)
   at System.Net.Http.HttpConnectionPool.SendWithVersionDetectionAndRetryAsync(HttpRequestMessage request, Boolean async, Boolean doRequestAuth, CancellationToken cancellationToken)
   at System.Net.Http.HttpMessageHandlerStage.SendAsync(HttpRequestMessage request, CancellationToken cancellationToken)
   at System.Net.Http.HttpMessageHandlerStage.SendAsync(HttpRequestMessage request, CancellationToken cancellationToken)
   at System.Net.Http.DiagnosticsHandler.SendAsyncCore(HttpRequestMessage request, Boolean async, CancellationToken cancellationToken)
   at System.Net.Http.RedirectHandler.SendAsync(HttpRequestMessage request, Boolean async, CancellationToken cancellationToken)
   at Microsoft.Extensions.Http.Logging.LoggingHttpMessageHandler.<SendCoreAsync>g__Core|4_0(HttpRequestMessage request, Boolean useAsync, CancellationToken cancellationToken)
   at Microsoft.Extensions.Http.Logging.LoggingScopeHttpMessageHandler.<SendCoreAsync>g__Core|4_0(HttpRequestMessage request, Boolean useAsync, CancellationToken cancellationToken)
2026-09-25 21:08:00.827 +05:30 [INF] System.Net.Http.HttpClient.Default.LogicalHandler HTTP request failed after 4124.8214ms
System.Net.Http.HttpRequestException: No connection could be made because the target machine actively refused it. (localhost:8001)
 ---> System.Net.Sockets.SocketException (10061): No connection could be made because the target machine actively refused it.
   at System.Net.Sockets.Socket.AwaitableSocketAsyncEventArgs.ThrowException(SocketError error, CancellationToken cancellationToken)
   at System.Net.Sockets.Socket.AwaitableSocketAsyncEventArgs.System.Threading.Tasks.Sources.IValueTaskSource.GetResult(Int16 token)
   at System.Net.Http.HttpConnectionPool.ConnectToTcpHostAsync(String host, Int32 port, HttpRequestMessage initialRequest, Boolean async, Int64 connectionId, CancellationToken cancellationToken)
   --- End of inner exception stack trace ---
   at System.Net.Http.HttpConnectionPool.ConnectToTcpHostAsync(String host, Int32 port, HttpRequestMessage initialRequest, Boolean async, Int64 connectionId, CancellationToken cancellationToken)
   at System.Net.Http.HttpConnectionPool.ConnectAsync(HttpRequestMessage request, Boolean async, Boolean isForHttp2, CancellationToken cancellationToken)
   at System.Net.Http.HttpConnectionPool.CreateHttp11ConnectionAsync(HttpRequestMessage request, Boolean async, CancellationToken cancellationToken)
   at System.Net.Http.HttpConnectionPool.InjectNewHttp11ConnectionAsync(QueueItem queueItem)
   at System.Runtime.CompilerServices.RuntimeAsyncTaskContinuation.GetResult[T](Task task, Byte& result)
   at System.Threading.Tasks.TaskCompletionSourceWithCancellation`1.WaitWithCancellationAsync(CancellationToken cancellationToken)
   at System.Net.Http.HttpConnectionPool.SendWithVersionDetectionAndRetryAsync(HttpRequestMessage request, Boolean async, Boolean doRequestAuth, CancellationToken cancellationToken)
   at System.Net.Http.HttpMessageHandlerStage.SendAsync(HttpRequestMessage request, CancellationToken cancellationToken)
   at System.Net.Http.HttpMessageHandlerStage.SendAsync(HttpRequestMessage request, CancellationToken cancellationToken)
   at System.Net.Http.DiagnosticsHandler.SendAsyncCore(HttpRequestMessage request, Boolean async, CancellationToken cancellationToken)
   at System.Net.Http.RedirectHandler.SendAsync(HttpRequestMessage request, Boolean async, CancellationToken cancellationToken)
   at Microsoft.Extensions.Http.Logging.LoggingHttpMessageHandler.<SendCoreAsync>g__Core|4_0(HttpRequestMessage request, Boolean useAsync, CancellationToken cancellationToken)
   at Microsoft.Extensions.Http.Logging.LoggingScopeHttpMessageHandler.<SendCoreAsync>g__Core|4_0(HttpRequestMessage request, Boolean useAsync, CancellationToken cancellationToken)
2026-09-25 21:08:00.835 +05:30 [WRN] FishLink.API.Controllers.AgentGatewayController Price API unreachable for species Tuna (Yellowfin)
System.Net.Http.HttpRequestException: No connection could be made because the target machine actively refused it. (localhost:8001)
 ---> System.Net.Sockets.SocketException (10061): No connection could be made because the target machine actively refused it.
   at System.Net.Sockets.Socket.AwaitableSocketAsyncEventArgs.ThrowException(SocketError error, CancellationToken cancellationToken)
   at System.Net.Sockets.Socket.AwaitableSocketAsyncEventArgs.System.Threading.Tasks.Sources.IValueTaskSource.GetResult(Int16 token)
   at System.Net.Http.HttpConnectionPool.ConnectToTcpHostAsync(String host, Int32 port, HttpRequestMessage initialRequest, Boolean async, Int64 connectionId, CancellationToken cancellationToken)
   --- End of inner exception stack trace ---
   at System.Net.Http.HttpConnectionPool.ConnectToTcpHostAsync(String host, Int32 port, HttpRequestMessage initialRequest, Boolean async, Int64 connectionId, CancellationToken cancellationToken)
   at System.Net.Http.HttpConnectionPool.ConnectAsync(HttpRequestMessage request, Boolean async, Boolean isForHttp2, CancellationToken cancellationToken)
   at System.Net.Http.HttpConnectionPool.CreateHttp11ConnectionAsync(HttpRequestMessage request, Boolean async, CancellationToken cancellationToken)
   at System.Net.Http.HttpConnectionPool.InjectNewHttp11ConnectionAsync(QueueItem queueItem)
   at System.Runtime.CompilerServices.RuntimeAsyncTaskContinuation.GetResult[T](Task task, Byte& result)
   at System.Threading.Tasks.TaskCompletionSourceWithCancellation`1.WaitWithCancellationAsync(CancellationToken cancellationToken)
   at System.Net.Http.HttpConnectionPool.SendWithVersionDetectionAndRetryAsync(HttpRequestMessage request, Boolean async, Boolean doRequestAuth, CancellationToken cancellationToken)
   at System.Net.Http.HttpMessageHandlerStage.SendAsync(HttpRequestMessage request, CancellationToken cancellationToken)
   at System.Net.Http.HttpMessageHandlerStage.SendAsync(HttpRequestMessage request, CancellationToken cancellationToken)
   at System.Net.Http.DiagnosticsHandler.SendAsyncCore(HttpRequestMessage request, Boolean async, CancellationToken cancellationToken)
   at System.Net.Http.RedirectHandler.SendAsync(HttpRequestMessage request, Boolean async, CancellationToken cancellationToken)
   at Microsoft.Extensions.Http.Logging.LoggingHttpMessageHandler.<SendCoreAsync>g__Core|4_0(HttpRequestMessage request, Boolean useAsync, CancellationToken cancellationToken)
   at Microsoft.Extensions.Http.Logging.LoggingScopeHttpMessageHandler.<SendCoreAsync>g__Core|4_0(HttpRequestMessage request, Boolean useAsync, CancellationToken cancellationToken)
   at System.Runtime.CompilerServices.RuntimeAsyncTaskContinuation.GetResult[T](Task task, Byte& result)
   at System.Net.Http.HttpClient.<SendAsync>g__Core|83_0(HttpRequestMessage request, HttpCompletionOption completionOption, CancellationTokenSource cts, Boolean disposeCts, CancellationTokenSource pendingRequestsCts, CancellationToken originalCancellationToken)
   at FishLink.API.Controllers.AgentGatewayController.GetPricePrediction(String species) in C:\Users\gajan\Desktop\SEF-assigment-01-main\SEF-assigment-01-main\FishLink.API\Controllers\AgentGatewayController.cs:line 147
2026-09-25 21:08:00.841 +05:30 [WRN] FishLink.API.Controllers.AgentGatewayController Price API unreachable for species Mackerel
System.Net.Http.HttpRequestException: No connection could be made because the target machine actively refused it. (localhost:8001)
 ---> System.Net.Sockets.SocketException (10061): No connection could be made because the target machine actively refused it.
   at System.Net.Sockets.Socket.AwaitableSocketAsyncEventArgs.ThrowException(SocketError error, CancellationToken cancellationToken)
   at System.Net.Sockets.Socket.AwaitableSocketAsyncEventArgs.System.Threading.Tasks.Sources.IValueTaskSource.GetResult(Int16 token)
   at System.Net.Http.HttpConnectionPool.ConnectToTcpHostAsync(String host, Int32 port, HttpRequestMessage initialRequest, Boolean async, Int64 connectionId, CancellationToken cancellationToken)
   --- End of inner exception stack trace ---
   at System.Net.Http.HttpConnectionPool.ConnectToTcpHostAsync(String host, Int32 port, HttpRequestMessage initialRequest, Boolean async, Int64 connectionId, CancellationToken cancellationToken)
   at System.Net.Http.HttpConnectionPool.ConnectAsync(HttpRequestMessage request, Boolean async, Boolean isForHttp2, CancellationToken cancellationToken)
   at System.Net.Http.HttpConnectionPool.CreateHttp11ConnectionAsync(HttpRequestMessage request, Boolean async, CancellationToken cancellationToken)
   at System.Net.Http.HttpConnectionPool.InjectNewHttp11ConnectionAsync(QueueItem queueItem)
   at System.Runtime.CompilerServices.RuntimeAsyncTaskContinuation.GetResult[T](Task task, Byte& result)
   at System.Threading.Tasks.TaskCompletionSourceWithCancellation`1.WaitWithCancellationAsync(CancellationToken cancellationToken)
   at System.Net.Http.HttpConnectionPool.SendWithVersionDetectionAndRetryAsync(HttpRequestMessage request, Boolean async, Boolean doRequestAuth, CancellationToken cancellationToken)
   at System.Net.Http.HttpMessageHandlerStage.SendAsync(HttpRequestMessage request, CancellationToken cancellationToken)
   at System.Net.Http.HttpMessageHandlerStage.SendAsync(HttpRequestMessage request, CancellationToken cancellationToken)
   at System.Net.Http.DiagnosticsHandler.SendAsyncCore(HttpRequestMessage request, Boolean async, CancellationToken cancellationToken)
   at System.Net.Http.RedirectHandler.SendAsync(HttpRequestMessage request, Boolean async, CancellationToken cancellationToken)
   at Microsoft.Extensions.Http.Logging.LoggingHttpMessageHandler.<SendCoreAsync>g__Core|4_0(HttpRequestMessage request, Boolean useAsync, CancellationToken cancellationToken)
   at Microsoft.Extensions.Http.Logging.LoggingScopeHttpMessageHandler.<SendCoreAsync>g__Core|4_0(HttpRequestMessage request, Boolean useAsync, CancellationToken cancellationToken)
   at System.Runtime.CompilerServices.RuntimeAsyncTaskContinuation.GetResult[T](Task task, Byte& result)
   at System.Net.Http.HttpClient.<SendAsync>g__Core|83_0(HttpRequestMessage request, HttpCompletionOption completionOption, CancellationTokenSource cts, Boolean disposeCts, CancellationTokenSource pendingRequestsCts, CancellationToken originalCancellationToken)
   at FishLink.API.Controllers.AgentGatewayController.GetPricePrediction(String species) in C:\Users\gajan\Desktop\SEF-assigment-01-main\SEF-assigment-01-main\FishLink.API\Controllers\AgentGatewayController.cs:line 147
2026-09-25 21:08:00.849 +05:30 [WRN] FishLink.API.Controllers.AgentGatewayController Price API unreachable for species Skipjack
System.Net.Http.HttpRequestException: No connection could be made because the target machine actively refused it. (localhost:8001)
 ---> System.Net.Sockets.SocketException (10061): No connection could be made because the target machine actively refused it.
   at System.Net.Sockets.Socket.AwaitableSocketAsyncEventArgs.ThrowException(SocketError error, CancellationToken cancellationToken)
   at System.Net.Sockets.Socket.AwaitableSocketAsyncEventArgs.System.Threading.Tasks.Sources.IValueTaskSource.GetResult(Int16 token)
   at System.Net.Http.HttpConnectionPool.ConnectToTcpHostAsync(String host, Int32 port, HttpRequestMessage initialRequest, Boolean async, Int64 connectionId, CancellationToken cancellationToken)
   --- End of inner exception stack trace ---
   at System.Net.Http.HttpConnectionPool.ConnectToTcpHostAsync(String host, Int32 port, HttpRequestMessage initialRequest, Boolean async, Int64 connectionId, CancellationToken cancellationToken)
   at System.Net.Http.HttpConnectionPool.ConnectAsync(HttpRequestMessage request, Boolean async, Boolean isForHttp2, CancellationToken cancellationToken)
   at System.Net.Http.HttpConnectionPool.CreateHttp11ConnectionAsync(HttpRequestMessage request, Boolean async, CancellationToken cancellationToken)
   at System.Net.Http.HttpConnectionPool.InjectNewHttp11ConnectionAsync(QueueItem queueItem)
   at System.Runtime.CompilerServices.RuntimeAsyncTaskContinuation.GetResult[T](Task task, Byte& result)
   at System.Threading.Tasks.TaskCompletionSourceWithCancellation`1.WaitWithCancellationAsync(CancellationToken cancellationToken)
   at System.Net.Http.HttpConnectionPool.SendWithVersionDetectionAndRetryAsync(HttpRequestMessage request, Boolean async, Boolean doRequestAuth, CancellationToken cancellationToken)
   at System.Net.Http.HttpMessageHandlerStage.SendAsync(HttpRequestMessage request, CancellationToken cancellationToken)
   at System.Net.Http.HttpMessageHandlerStage.SendAsync(HttpRequestMessage request, CancellationToken cancellationToken)
   at System.Net.Http.DiagnosticsHandler.SendAsyncCore(HttpRequestMessage request, Boolean async, CancellationToken cancellationToken)
   at System.Net.Http.RedirectHandler.SendAsync(HttpRequestMessage request, Boolean async, CancellationToken cancellationToken)
   at Microsoft.Extensions.Http.Logging.LoggingHttpMessageHandler.<SendCoreAsync>g__Core|4_0(HttpRequestMessage request, Boolean useAsync, CancellationToken cancellationToken)
   at Microsoft.Extensions.Http.Logging.LoggingScopeHttpMessageHandler.<SendCoreAsync>g__Core|4_0(HttpRequestMessage request, Boolean useAsync, CancellationToken cancellationToken)
   at System.Runtime.CompilerServices.RuntimeAsyncTaskContinuation.GetResult[T](Task task, Byte& result)
   at System.Net.Http.HttpClient.<SendAsync>g__Core|83_0(HttpRequestMessage request, HttpCompletionOption completionOption, CancellationTokenSource cts, Boolean disposeCts, CancellationTokenSource pendingRequestsCts, CancellationToken originalCancellationToken)
   at FishLink.API.Controllers.AgentGatewayController.GetPricePrediction(String species) in C:\Users\gajan\Desktop\SEF-assigment-01-main\SEF-assigment-01-main\FishLink.API\Controllers\AgentGatewayController.cs:line 147
2026-09-25 21:08:00.856 +05:30 [WRN] FishLink.API.Controllers.AgentGatewayController Price API unreachable for species Trevally (Paraw)
System.Net.Http.HttpRequestException: No connection could be made because the target machine actively refused it. (localhost:8001)
 ---> System.Net.Sockets.SocketException (10061): No connection could be made because the target machine actively refused it.
   at System.Net.Sockets.Socket.AwaitableSocketAsyncEventArgs.ThrowException(SocketError error, CancellationToken cancellationToken)
   at System.Net.Sockets.Socket.AwaitableSocketAsyncEventArgs.System.Threading.Tasks.Sources.IValueTaskSource.GetResult(Int16 token)
   at System.Net.Http.HttpConnectionPool.ConnectToTcpHostAsync(String host, Int32 port, HttpRequestMessage initialRequest, Boolean async, Int64 connectionId, CancellationToken cancellationToken)
   --- End of inner exception stack trace ---
   at System.Net.Http.HttpConnectionPool.ConnectToTcpHostAsync(String host, Int32 port, HttpRequestMessage initialRequest, Boolean async, Int64 connectionId, CancellationToken cancellationToken)
   at System.Net.Http.HttpConnectionPool.ConnectAsync(HttpRequestMessage request, Boolean async, Boolean isForHttp2, CancellationToken cancellationToken)
   at System.Net.Http.HttpConnectionPool.CreateHttp11ConnectionAsync(HttpRequestMessage request, Boolean async, CancellationToken cancellationToken)
   at System.Net.Http.HttpConnectionPool.InjectNewHttp11ConnectionAsync(QueueItem queueItem)
   at System.Runtime.CompilerServices.RuntimeAsyncTaskContinuation.GetResult[T](Task task, Byte& result)
   at System.Threading.Tasks.TaskCompletionSourceWithCancellation`1.WaitWithCancellationAsync(CancellationToken cancellationToken)
   at System.Net.Http.HttpConnectionPool.SendWithVersionDetectionAndRetryAsync(HttpRequestMessage request, Boolean async, Boolean doRequestAuth, CancellationToken cancellationToken)
   at System.Net.Http.HttpMessageHandlerStage.SendAsync(HttpRequestMessage request, CancellationToken cancellationToken)
   at System.Net.Http.HttpMessageHandlerStage.SendAsync(HttpRequestMessage request, CancellationToken cancellationToken)
   at System.Net.Http.DiagnosticsHandler.SendAsyncCore(HttpRequestMessage request, Boolean async, CancellationToken cancellationToken)
   at System.Net.Http.RedirectHandler.SendAsync(HttpRequestMessage request, Boolean async, CancellationToken cancellationToken)
   at Microsoft.Extensions.Http.Logging.LoggingHttpMessageHandler.<SendCoreAsync>g__Core|4_0(HttpRequestMessage request, Boolean useAsync, CancellationToken cancellationToken)
   at Microsoft.Extensions.Http.Logging.LoggingScopeHttpMessageHandler.<SendCoreAsync>g__Core|4_0(HttpRequestMessage request, Boolean useAsync, CancellationToken cancellationToken)
   at System.Runtime.CompilerServices.RuntimeAsyncTaskContinuation.GetResult[T](Task task, Byte& result)
   at System.Net.Http.HttpClient.<SendAsync>g__Core|83_0(HttpRequestMessage request, HttpCompletionOption completionOption, CancellationTokenSource cts, Boolean disposeCts, CancellationTokenSource pendingRequestsCts, CancellationToken originalCancellationToken)
   at FishLink.API.Controllers.AgentGatewayController.GetPricePrediction(String species) in C:\Users\gajan\Desktop\SEF-assigment-01-main\SEF-assigment-01-main\FishLink.API\Controllers\AgentGatewayController.cs:line 147
2026-09-25 21:08:00.864 +05:30 [ERR] Serilog.AspNetCore.RequestLoggingMiddleware HTTP GET /api/AgentGateway/prices/Tuna (Yellowfin)/predict responded 503 in 4158.551 ms
2026-09-25 21:08:00.872 +05:30 [ERR] Serilog.AspNetCore.RequestLoggingMiddleware HTTP GET /api/AgentGateway/prices/Mackerel/predict responded 503 in 4163.403 ms
2026-09-25 21:08:00.879 +05:30 [ERR] Serilog.AspNetCore.RequestLoggingMiddleware HTTP GET /api/AgentGateway/prices/Skipjack/predict responded 503 in 4177.713 ms
2026-09-25 21:08:01.060 +05:30 [ERR] Serilog.AspNetCore.RequestLoggingMiddleware HTTP GET /api/AgentGateway/prices/Trevally (Paraw)/predict responded 503 in 4358.587 ms
2026-09-25 21:08:07.656 +05:30 [INF] Serilog.AspNetCore.RequestLoggingMiddleware HTTP OPTIONS /api/AgentGateway/prices/Tuna (Yellowfin)/predict responded 204 in 0.104 ms
2026-09-25 21:08:07.656 +05:30 [INF] Serilog.AspNetCore.RequestLoggingMiddleware HTTP OPTIONS /api/AgentGateway/prices/Skipjack/predict responded 204 in 0.017 ms
2026-09-25 21:08:07.658 +05:30 [INF] Serilog.AspNetCore.RequestLoggingMiddleware HTTP OPTIONS /api/AgentGateway/prices/Trevally (Paraw)/predict responded 204 in 0.044 ms
2026-09-25 21:08:07.658 +05:30 [INF] Serilog.AspNetCore.RequestLoggingMiddleware HTTP OPTIONS /api/AgentGateway/prices/Mackerel/predict responded 204 in 0.015 ms
2026-09-25 21:08:07.659 +05:30 [INF] Serilog.AspNetCore.RequestLoggingMiddleware HTTP OPTIONS /api/Catches/market-stats responded 204 in 0.052 ms
2026-09-25 21:08:07.667 +05:30 [INF] System.Net.Http.HttpClient.Default.LogicalHandler Start processing HTTP request GET http://localhost:8001/api/prices/Tuna%20%28Yellowfin%29/predict
2026-09-25 21:08:07.672 +05:30 [INF] System.Net.Http.HttpClient.Default.LogicalHandler Start processing HTTP request GET http://localhost:8001/api/prices/Skipjack/predict
2026-09-25 21:08:07.675 +05:30 [INF] System.Net.Http.HttpClient.Default.LogicalHandler Start processing HTTP request GET http://localhost:8001/api/prices/Trevally%20%28Paraw%29/predict
2026-09-25 21:08:07.678 +05:30 [INF] System.Net.Http.HttpClient.Default.LogicalHandler Start processing HTTP request GET http://localhost:8001/api/prices/Mackerel/predict
2026-09-25 21:08:07.680 +05:30 [INF] System.Net.Http.HttpClient.Default.ClientHandler Sending HTTP request GET http://localhost:8001/api/prices/Tuna%20%28Yellowfin%29/predict
2026-09-25 21:08:07.684 +05:30 [INF] System.Net.Http.HttpClient.Default.ClientHandler Sending HTTP request GET http://localhost:8001/api/prices/Skipjack/predict
2026-09-25 21:08:07.686 +05:30 [INF] Serilog.AspNetCore.RequestLoggingMiddleware HTTP GET /api/Catches/market-stats responded 200 in 7.125 ms
2026-09-25 21:08:07.689 +05:30 [INF] System.Net.Http.HttpClient.Default.ClientHandler Sending HTTP request GET http://localhost:8001/api/prices/Trevally%20%28Paraw%29/predict
2026-09-25 21:08:07.690 +05:30 [INF] System.Net.Http.HttpClient.Default.ClientHandler Sending HTTP request GET http://localhost:8001/api/prices/Mackerel/predict
2026-09-25 21:08:11.753 +05:30 [INF] System.Net.Http.HttpClient.Default.ClientHandler HTTP request failed after 4061.2023ms
System.Net.Http.HttpRequestException: No connection could be made because the target machine actively refused it. (localhost:8001)
 ---> System.Net.Sockets.SocketException (10061): No connection could be made because the target machine actively refused it.
   at System.Net.Sockets.Socket.AwaitableSocketAsyncEventArgs.ThrowException(SocketError error, CancellationToken cancellationToken)
   at System.Net.Sockets.Socket.AwaitableSocketAsyncEventArgs.System.Threading.Tasks.Sources.IValueTaskSource.GetResult(Int16 token)
   at System.Net.Http.HttpConnectionPool.ConnectToTcpHostAsync(String host, Int32 port, HttpRequestMessage initialRequest, Boolean async, Int64 connectionId, CancellationToken cancellationToken)
   --- End of inner exception stack trace ---
   at System.Net.Http.HttpConnectionPool.ConnectToTcpHostAsync(String host, Int32 port, HttpRequestMessage initialRequest, Boolean async, Int64 connectionId, CancellationToken cancellationToken)
   at System.Net.Http.HttpConnectionPool.ConnectAsync(HttpRequestMessage request, Boolean async, Boolean isForHttp2, CancellationToken cancellationToken)
   at System.Net.Http.HttpConnectionPool.CreateHttp11ConnectionAsync(HttpRequestMessage request, Boolean async, CancellationToken cancellationToken)
   at System.Net.Http.HttpConnectionPool.InjectNewHttp11ConnectionAsync(QueueItem queueItem)
   at System.Runtime.CompilerServices.RuntimeAsyncTaskContinuation.GetResult[T](Task task, Byte& result)
   at System.Threading.Tasks.TaskCompletionSourceWithCancellation`1.WaitWithCancellationAsync(CancellationToken cancellationToken)
   at System.Net.Http.HttpConnectionPool.SendWithVersionDetectionAndRetryAsync(HttpRequestMessage request, Boolean async, Boolean doRequestAuth, CancellationToken cancellationToken)
   at System.Net.Http.HttpMessageHandlerStage.SendAsync(HttpRequestMessage request, CancellationToken cancellationToken)
   at System.Net.Http.HttpMessageHandlerStage.SendAsync(HttpRequestMessage request, CancellationToken cancellationToken)
   at System.Net.Http.DiagnosticsHandler.SendAsyncCore(HttpRequestMessage request, Boolean async, CancellationToken cancellationToken)
   at System.Net.Http.RedirectHandler.SendAsync(HttpRequestMessage request, Boolean async, CancellationToken cancellationToken)
   at Microsoft.Extensions.Http.Logging.LoggingHttpMessageHandler.<SendCoreAsync>g__Core|4_0(HttpRequestMessage request, Boolean useAsync, CancellationToken cancellationToken)
2026-09-25 21:08:11.753 +05:30 [INF] System.Net.Http.HttpClient.Default.ClientHandler HTTP request failed after 4059.5262ms
System.Net.Http.HttpRequestException: No connection could be made because the target machine actively refused it. (localhost:8001)
 ---> System.Net.Sockets.SocketException (10061): No connection could be made because the target machine actively refused it.
   at System.Net.Sockets.Socket.AwaitableSocketAsyncEventArgs.ThrowException(SocketError error, CancellationToken cancellationToken)
   at System.Net.Sockets.Socket.AwaitableSocketAsyncEventArgs.System.Threading.Tasks.Sources.IValueTaskSource.GetResult(Int16 token)
   at System.Net.Http.HttpConnectionPool.ConnectToTcpHostAsync(String host, Int32 port, HttpRequestMessage initialRequest, Boolean async, Int64 connectionId, CancellationToken cancellationToken)
   --- End of inner exception stack trace ---
   at System.Net.Http.HttpConnectionPool.ConnectToTcpHostAsync(String host, Int32 port, HttpRequestMessage initialRequest, Boolean async, Int64 connectionId, CancellationToken cancellationToken)
   at System.Net.Http.HttpConnectionPool.ConnectAsync(HttpRequestMessage request, Boolean async, Boolean isForHttp2, CancellationToken cancellationToken)
   at System.Net.Http.HttpConnectionPool.CreateHttp11ConnectionAsync(HttpRequestMessage request, Boolean async, CancellationToken cancellationToken)
   at System.Net.Http.HttpConnectionPool.InjectNewHttp11ConnectionAsync(QueueItem queueItem)
   at System.Runtime.CompilerServices.RuntimeAsyncTaskContinuation.GetResult[T](Task task, Byte& result)
   at System.Threading.Tasks.TaskCompletionSourceWithCancellation`1.WaitWithCancellationAsync(CancellationToken cancellationToken)
   at System.Net.Http.HttpConnectionPool.SendWithVersionDetectionAndRetryAsync(HttpRequestMessage request, Boolean async, Boolean doRequestAuth, CancellationToken cancellationToken)
   at System.Net.Http.HttpMessageHandlerStage.SendAsync(HttpRequestMessage request, CancellationToken cancellationToken)
   at System.Net.Http.HttpMessageHandlerStage.SendAsync(HttpRequestMessage request, CancellationToken cancellationToken)
   at System.Net.Http.DiagnosticsHandler.SendAsyncCore(HttpRequestMessage request, Boolean async, CancellationToken cancellationToken)
   at System.Net.Http.RedirectHandler.SendAsync(HttpRequestMessage request, Boolean async, CancellationToken cancellationToken)
   at Microsoft.Extensions.Http.Logging.LoggingHttpMessageHandler.<SendCoreAsync>g__Core|4_0(HttpRequestMessage request, Boolean useAsync, CancellationToken cancellationToken)
2026-09-25 21:08:11.753 +05:30 [INF] System.Net.Http.HttpClient.Default.ClientHandler HTTP request failed after 4054.1593ms
System.Net.Http.HttpRequestException: No connection could be made because the target machine actively refused it. (localhost:8001)
 ---> System.Net.Sockets.SocketException (10061): No connection could be made because the target machine actively refused it.
   at System.Net.Sockets.Socket.AwaitableSocketAsyncEventArgs.ThrowException(SocketError error, CancellationToken cancellationToken)
   at System.Net.Sockets.Socket.AwaitableSocketAsyncEventArgs.System.Threading.Tasks.Sources.IValueTaskSource.GetResult(Int16 token)
   at System.Net.Http.HttpConnectionPool.ConnectToTcpHostAsync(String host, Int32 port, HttpRequestMessage initialRequest, Boolean async, Int64 connectionId, CancellationToken cancellationToken)
   --- End of inner exception stack trace ---
   at System.Net.Http.HttpConnectionPool.ConnectToTcpHostAsync(String host, Int32 port, HttpRequestMessage initialRequest, Boolean async, Int64 connectionId, CancellationToken cancellationToken)
   at System.Net.Http.HttpConnectionPool.ConnectAsync(HttpRequestMessage request, Boolean async, Boolean isForHttp2, CancellationToken cancellationToken)
   at System.Net.Http.HttpConnectionPool.CreateHttp11ConnectionAsync(HttpRequestMessage request, Boolean async, CancellationToken cancellationToken)
   at System.Net.Http.HttpConnectionPool.InjectNewHttp11ConnectionAsync(QueueItem queueItem)
   at System.Runtime.CompilerServices.RuntimeAsyncTaskContinuation.GetResult[T](Task task, Byte& result)
   at System.Threading.Tasks.TaskCompletionSourceWithCancellation`1.WaitWithCancellationAsync(CancellationToken cancellationToken)
   at System.Net.Http.HttpConnectionPool.SendWithVersionDetectionAndRetryAsync(HttpRequestMessage request, Boolean async, Boolean doRequestAuth, CancellationToken cancellationToken)
   at System.Net.Http.HttpMessageHandlerStage.SendAsync(HttpRequestMessage request, CancellationToken cancellationToken)
   at System.Net.Http.HttpMessageHandlerStage.SendAsync(HttpRequestMessage request, CancellationToken cancellationToken)
   at System.Net.Http.DiagnosticsHandler.SendAsyncCore(HttpRequestMessage request, Boolean async, CancellationToken cancellationToken)
   at System.Net.Http.RedirectHandler.SendAsync(HttpRequestMessage request, Boolean async, CancellationToken cancellationToken)
   at Microsoft.Extensions.Http.Logging.LoggingHttpMessageHandler.<SendCoreAsync>g__Core|4_0(HttpRequestMessage request, Boolean useAsync, CancellationToken cancellationToken)
2026-09-25 21:08:11.753 +05:30 [INF] System.Net.Http.HttpClient.Default.ClientHandler HTTP request failed after 4052.3684ms
System.Net.Http.HttpRequestException: No connection could be made because the target machine actively refused it. (localhost:8001)
 ---> System.Net.Sockets.SocketException (10061): No connection could be made because the target machine actively refused it.
   at System.Net.Sockets.Socket.AwaitableSocketAsyncEventArgs.ThrowException(SocketError error, CancellationToken cancellationToken)
   at System.Net.Sockets.Socket.AwaitableSocketAsyncEventArgs.System.Threading.Tasks.Sources.IValueTaskSource.GetResult(Int16 token)
   at System.Net.Http.HttpConnectionPool.ConnectToTcpHostAsync(String host, Int32 port, HttpRequestMessage initialRequest, Boolean async, Int64 connectionId, CancellationToken cancellationToken)
   --- End of inner exception stack trace ---
   at System.Net.Http.HttpConnectionPool.ConnectToTcpHostAsync(String host, Int32 port, HttpRequestMessage initialRequest, Boolean async, Int64 connectionId, CancellationToken cancellationToken)
   at System.Net.Http.HttpConnectionPool.ConnectAsync(HttpRequestMessage request, Boolean async, Boolean isForHttp2, CancellationToken cancellationToken)
   at System.Net.Http.HttpConnectionPool.CreateHttp11ConnectionAsync(HttpRequestMessage request, Boolean async, CancellationToken cancellationToken)
   at System.Net.Http.HttpConnectionPool.InjectNewHttp11ConnectionAsync(QueueItem queueItem)
   at System.Runtime.CompilerServices.RuntimeAsyncTaskContinuation.GetResult[T](Task task, Byte& result)
   at System.Threading.Tasks.TaskCompletionSourceWithCancellation`1.WaitWithCancellationAsync(CancellationToken cancellationToken)
   at System.Net.Http.HttpConnectionPool.SendWithVersionDetectionAndRetryAsync(HttpRequestMessage request, Boolean async, Boolean doRequestAuth, CancellationToken cancellationToken)
   at System.Net.Http.HttpMessageHandlerStage.SendAsync(HttpRequestMessage request, CancellationToken cancellationToken)
   at System.Net.Http.HttpMessageHandlerStage.SendAsync(HttpRequestMessage request, CancellationToken cancellationToken)
   at System.Net.Http.DiagnosticsHandler.SendAsyncCore(HttpRequestMessage request, Boolean async, CancellationToken cancellationToken)
   at System.Net.Http.RedirectHandler.SendAsync(HttpRequestMessage request, Boolean async, CancellationToken cancellationToken)
   at Microsoft.Extensions.Http.Logging.LoggingHttpMessageHandler.<SendCoreAsync>g__Core|4_0(HttpRequestMessage request, Boolean useAsync, CancellationToken cancellationToken)
2026-09-25 21:08:11.760 +05:30 [INF] System.Net.Http.HttpClient.Default.LogicalHandler HTTP request failed after 4092.6519ms
System.Net.Http.HttpRequestException: No connection could be made because the target machine actively refused it. (localhost:8001)
 ---> System.Net.Sockets.SocketException (10061): No connection could be made because the target machine actively refused it.
   at System.Net.Sockets.Socket.AwaitableSocketAsyncEventArgs.ThrowException(SocketError error, CancellationToken cancellationToken)
   at System.Net.Sockets.Socket.AwaitableSocketAsyncEventArgs.System.Threading.Tasks.Sources.IValueTaskSource.GetResult(Int16 token)
   at System.Net.Http.HttpConnectionPool.ConnectToTcpHostAsync(String host, Int32 port, HttpRequestMessage initialRequest, Boolean async, Int64 connectionId, CancellationToken cancellationToken)
   --- End of inner exception stack trace ---
   at System.Net.Http.HttpConnectionPool.ConnectToTcpHostAsync(String host, Int32 port, HttpRequestMessage initialRequest, Boolean async, Int64 connectionId, CancellationToken cancellationToken)
   at System.Net.Http.HttpConnectionPool.ConnectAsync(HttpRequestMessage request, Boolean async, Boolean isForHttp2, CancellationToken cancellationToken)
   at System.Net.Http.HttpConnectionPool.CreateHttp11ConnectionAsync(HttpRequestMessage request, Boolean async, CancellationToken cancellationToken)
   at System.Net.Http.HttpConnectionPool.InjectNewHttp11ConnectionAsync(QueueItem queueItem)
   at System.Runtime.CompilerServices.RuntimeAsyncTaskContinuation.GetResult[T](Task task, Byte& result)
   at System.Threading.Tasks.TaskCompletionSourceWithCancellation`1.WaitWithCancellationAsync(CancellationToken cancellationToken)
   at System.Net.Http.HttpConnectionPool.SendWithVersionDetectionAndRetryAsync(HttpRequestMessage request, Boolean async, Boolean doRequestAuth, CancellationToken cancellationToken)
   at System.Net.Http.HttpMessageHandlerStage.SendAsync(HttpRequestMessage request, CancellationToken cancellationToken)
   at System.Net.Http.HttpMessageHandlerStage.SendAsync(HttpRequestMessage request, CancellationToken cancellationToken)
   at System.Net.Http.DiagnosticsHandler.SendAsyncCore(HttpRequestMessage request, Boolean async, CancellationToken cancellationToken)
   at System.Net.Http.RedirectHandler.SendAsync(HttpRequestMessage request, Boolean async, CancellationToken cancellationToken)
   at Microsoft.Extensions.Http.Logging.LoggingHttpMessageHandler.<SendCoreAsync>g__Core|4_0(HttpRequestMessage request, Boolean useAsync, CancellationToken cancellationToken)
   at Microsoft.Extensions.Http.Logging.LoggingScopeHttpMessageHandler.<SendCoreAsync>g__Core|4_0(HttpRequestMessage request, Boolean useAsync, CancellationToken cancellationToken)
2026-09-25 21:08:11.769 +05:30 [INF] System.Net.Http.HttpClient.Default.LogicalHandler HTTP request failed after 4096.2104ms
System.Net.Http.HttpRequestException: No connection could be made because the target machine actively refused it. (localhost:8001)
 ---> System.Net.Sockets.SocketException (10061): No connection could be made because the target machine actively refused it.
   at System.Net.Sockets.Socket.AwaitableSocketAsyncEventArgs.ThrowException(SocketError error, CancellationToken cancellationToken)
   at System.Net.Sockets.Socket.AwaitableSocketAsyncEventArgs.System.Threading.Tasks.Sources.IValueTaskSource.GetResult(Int16 token)
   at System.Net.Http.HttpConnectionPool.ConnectToTcpHostAsync(String host, Int32 port, HttpRequestMessage initialRequest, Boolean async, Int64 connectionId, CancellationToken cancellationToken)
   --- End of inner exception stack trace ---
   at System.Net.Http.HttpConnectionPool.ConnectToTcpHostAsync(String host, Int32 port, HttpRequestMessage initialRequest, Boolean async, Int64 connectionId, CancellationToken cancellationToken)
   at System.Net.Http.HttpConnectionPool.ConnectAsync(HttpRequestMessage request, Boolean async, Boolean isForHttp2, CancellationToken cancellationToken)
   at System.Net.Http.HttpConnectionPool.CreateHttp11ConnectionAsync(HttpRequestMessage request, Boolean async, CancellationToken cancellationToken)
   at System.Net.Http.HttpConnectionPool.InjectNewHttp11ConnectionAsync(QueueItem queueItem)
   at System.Runtime.CompilerServices.RuntimeAsyncTaskContinuation.GetResult[T](Task task, Byte& result)
   at System.Threading.Tasks.TaskCompletionSourceWithCancellation`1.WaitWithCancellationAsync(CancellationToken cancellationToken)
   at System.Net.Http.HttpConnectionPool.SendWithVersionDetectionAndRetryAsync(HttpRequestMessage request, Boolean async, Boolean doRequestAuth, CancellationToken cancellationToken)
   at System.Net.Http.HttpMessageHandlerStage.SendAsync(HttpRequestMessage request, CancellationToken cancellationToken)
   at System.Net.Http.HttpMessageHandlerStage.SendAsync(HttpRequestMessage request, CancellationToken cancellationToken)
   at System.Net.Http.DiagnosticsHandler.SendAsyncCore(HttpRequestMessage request, Boolean async, CancellationToken cancellationToken)
   at System.Net.Http.RedirectHandler.SendAsync(HttpRequestMessage request, Boolean async, CancellationToken cancellationToken)
   at Microsoft.Extensions.Http.Logging.LoggingHttpMessageHandler.<SendCoreAsync>g__Core|4_0(HttpRequestMessage request, Boolean useAsync, CancellationToken cancellationToken)
   at Microsoft.Extensions.Http.Logging.LoggingScopeHttpMessageHandler.<SendCoreAsync>g__Core|4_0(HttpRequestMessage request, Boolean useAsync, CancellationToken cancellationToken)
2026-09-25 21:08:11.778 +05:30 [INF] System.Net.Http.HttpClient.Default.LogicalHandler HTTP request failed after 4102.403ms
System.Net.Http.HttpRequestException: No connection could be made because the target machine actively refused it. (localhost:8001)
 ---> System.Net.Sockets.SocketException (10061): No connection could be made because the target machine actively refused it.
   at System.Net.Sockets.Socket.AwaitableSocketAsyncEventArgs.ThrowException(SocketError error, CancellationToken cancellationToken)
   at System.Net.Sockets.Socket.AwaitableSocketAsyncEventArgs.System.Threading.Tasks.Sources.IValueTaskSource.GetResult(Int16 token)
   at System.Net.Http.HttpConnectionPool.ConnectToTcpHostAsync(String host, Int32 port, HttpRequestMessage initialRequest, Boolean async, Int64 connectionId, CancellationToken cancellationToken)
   --- End of inner exception stack trace ---
   at System.Net.Http.HttpConnectionPool.ConnectToTcpHostAsync(String host, Int32 port, HttpRequestMessage initialRequest, Boolean async, Int64 connectionId, CancellationToken cancellationToken)
   at System.Net.Http.HttpConnectionPool.ConnectAsync(HttpRequestMessage request, Boolean async, Boolean isForHttp2, CancellationToken cancellationToken)
   at System.Net.Http.HttpConnectionPool.CreateHttp11ConnectionAsync(HttpRequestMessage request, Boolean async, CancellationToken cancellationToken)
   at System.Net.Http.HttpConnectionPool.InjectNewHttp11ConnectionAsync(QueueItem queueItem)
   at System.Runtime.CompilerServices.RuntimeAsyncTaskContinuation.GetResult[T](Task task, Byte& result)
   at System.Threading.Tasks.TaskCompletionSourceWithCancellation`1.WaitWithCancellationAsync(CancellationToken cancellationToken)
   at System.Net.Http.HttpConnectionPool.SendWithVersionDetectionAndRetryAsync(HttpRequestMessage request, Boolean async, Boolean doRequestAuth, CancellationToken cancellationToken)
   at System.Net.Http.HttpMessageHandlerStage.SendAsync(HttpRequestMessage request, CancellationToken cancellationToken)
   at System.Net.Http.HttpMessageHandlerStage.SendAsync(HttpRequestMessage request, CancellationToken cancellationToken)
   at System.Net.Http.DiagnosticsHandler.SendAsyncCore(HttpRequestMessage request, Boolean async, CancellationToken cancellationToken)
   at System.Net.Http.RedirectHandler.SendAsync(HttpRequestMessage request, Boolean async, CancellationToken cancellationToken)
   at Microsoft.Extensions.Http.Logging.LoggingHttpMessageHandler.<SendCoreAsync>g__Core|4_0(HttpRequestMessage request, Boolean useAsync, CancellationToken cancellationToken)
   at Microsoft.Extensions.Http.Logging.LoggingScopeHttpMessageHandler.<SendCoreAsync>g__Core|4_0(HttpRequestMessage request, Boolean useAsync, CancellationToken cancellationToken)
2026-09-25 21:08:11.787 +05:30 [INF] System.Net.Http.HttpClient.Default.LogicalHandler HTTP request failed after 4109.1912ms
System.Net.Http.HttpRequestException: No connection could be made because the target machine actively refused it. (localhost:8001)
 ---> System.Net.Sockets.SocketException (10061): No connection could be made because the target machine actively refused it.
   at System.Net.Sockets.Socket.AwaitableSocketAsyncEventArgs.ThrowException(SocketError error, CancellationToken cancellationToken)
   at System.Net.Sockets.Socket.AwaitableSocketAsyncEventArgs.System.Threading.Tasks.Sources.IValueTaskSource.GetResult(Int16 token)
   at System.Net.Http.HttpConnectionPool.ConnectToTcpHostAsync(String host, Int32 port, HttpRequestMessage initialRequest, Boolean async, Int64 connectionId, CancellationToken cancellationToken)
   --- End of inner exception stack trace ---
   at System.Net.Http.HttpConnectionPool.ConnectToTcpHostAsync(String host, Int32 port, HttpRequestMessage initialRequest, Boolean async, Int64 connectionId, CancellationToken cancellationToken)
   at System.Net.Http.HttpConnectionPool.ConnectAsync(HttpRequestMessage request, Boolean async, Boolean isForHttp2, CancellationToken cancellationToken)
   at System.Net.Http.HttpConnectionPool.CreateHttp11ConnectionAsync(HttpRequestMessage request, Boolean async, CancellationToken cancellationToken)
   at System.Net.Http.HttpConnectionPool.InjectNewHttp11ConnectionAsync(QueueItem queueItem)
   at System.Runtime.CompilerServices.RuntimeAsyncTaskContinuation.GetResult[T](Task task, Byte& result)
   at System.Threading.Tasks.TaskCompletionSourceWithCancellation`1.WaitWithCancellationAsync(CancellationToken cancellationToken)
   at System.Net.Http.HttpConnectionPool.SendWithVersionDetectionAndRetryAsync(HttpRequestMessage request, Boolean async, Boolean doRequestAuth, CancellationToken cancellationToken)
   at System.Net.Http.HttpMessageHandlerStage.SendAsync(HttpRequestMessage request, CancellationToken cancellationToken)
   at System.Net.Http.HttpMessageHandlerStage.SendAsync(HttpRequestMessage request, CancellationToken cancellationToken)
   at System.Net.Http.DiagnosticsHandler.SendAsyncCore(HttpRequestMessage request, Boolean async, CancellationToken cancellationToken)
   at System.Net.Http.RedirectHandler.SendAsync(HttpRequestMessage request, Boolean async, CancellationToken cancellationToken)
   at Microsoft.Extensions.Http.Logging.LoggingHttpMessageHandler.<SendCoreAsync>g__Core|4_0(HttpRequestMessage request, Boolean useAsync, CancellationToken cancellationToken)
   at Microsoft.Extensions.Http.Logging.LoggingScopeHttpMessageHandler.<SendCoreAsync>g__Core|4_0(HttpRequestMessage request, Boolean useAsync, CancellationToken cancellationToken)
2026-09-25 21:08:11.794 +05:30 [WRN] FishLink.API.Controllers.AgentGatewayController Price API unreachable for species Tuna (Yellowfin)
System.Net.Http.HttpRequestException: No connection could be made because the target machine actively refused it. (localhost:8001)
 ---> System.Net.Sockets.SocketException (10061): No connection could be made because the target machine actively refused it.
   at System.Net.Sockets.Socket.AwaitableSocketAsyncEventArgs.ThrowException(SocketError error, CancellationToken cancellationToken)
   at System.Net.Sockets.Socket.AwaitableSocketAsyncEventArgs.System.Threading.Tasks.Sources.IValueTaskSource.GetResult(Int16 token)
   at System.Net.Http.HttpConnectionPool.ConnectToTcpHostAsync(String host, Int32 port, HttpRequestMessage initialRequest, Boolean async, Int64 connectionId, CancellationToken cancellationToken)
   --- End of inner exception stack trace ---
   at System.Net.Http.HttpConnectionPool.ConnectToTcpHostAsync(String host, Int32 port, HttpRequestMessage initialRequest, Boolean async, Int64 connectionId, CancellationToken cancellationToken)
   at System.Net.Http.HttpConnectionPool.ConnectAsync(HttpRequestMessage request, Boolean async, Boolean isForHttp2, CancellationToken cancellationToken)
   at System.Net.Http.HttpConnectionPool.CreateHttp11ConnectionAsync(HttpRequestMessage request, Boolean async, CancellationToken cancellationToken)
   at System.Net.Http.HttpConnectionPool.InjectNewHttp11ConnectionAsync(QueueItem queueItem)
   at System.Runtime.CompilerServices.RuntimeAsyncTaskContinuation.GetResult[T](Task task, Byte& result)
   at System.Threading.Tasks.TaskCompletionSourceWithCancellation`1.WaitWithCancellationAsync(CancellationToken cancellationToken)
   at System.Net.Http.HttpConnectionPool.SendWithVersionDetectionAndRetryAsync(HttpRequestMessage request, Boolean async, Boolean doRequestAuth, CancellationToken cancellationToken)
   at System.Net.Http.HttpMessageHandlerStage.SendAsync(HttpRequestMessage request, CancellationToken cancellationToken)
   at System.Net.Http.HttpMessageHandlerStage.SendAsync(HttpRequestMessage request, CancellationToken cancellationToken)
   at System.Net.Http.DiagnosticsHandler.SendAsyncCore(HttpRequestMessage request, Boolean async, CancellationToken cancellationToken)
   at System.Net.Http.RedirectHandler.SendAsync(HttpRequestMessage request, Boolean async, CancellationToken cancellationToken)
   at Microsoft.Extensions.Http.Logging.LoggingHttpMessageHandler.<SendCoreAsync>g__Core|4_0(HttpRequestMessage request, Boolean useAsync, CancellationToken cancellationToken)
   at Microsoft.Extensions.Http.Logging.LoggingScopeHttpMessageHandler.<SendCoreAsync>g__Core|4_0(HttpRequestMessage request, Boolean useAsync, CancellationToken cancellationToken)
   at System.Runtime.CompilerServices.RuntimeAsyncTaskContinuation.GetResult[T](Task task, Byte& result)
   at System.Net.Http.HttpClient.<SendAsync>g__Core|83_0(HttpRequestMessage request, HttpCompletionOption completionOption, CancellationTokenSource cts, Boolean disposeCts, CancellationTokenSource pendingRequestsCts, CancellationToken originalCancellationToken)
   at FishLink.API.Controllers.AgentGatewayController.GetPricePrediction(String species) in C:\Users\gajan\Desktop\SEF-assigment-01-main\SEF-assigment-01-main\FishLink.API\Controllers\AgentGatewayController.cs:line 147
2026-09-25 21:08:11.803 +05:30 [WRN] FishLink.API.Controllers.AgentGatewayController Price API unreachable for species Skipjack
System.Net.Http.HttpRequestException: No connection could be made because the target machine actively refused it. (localhost:8001)
 ---> System.Net.Sockets.SocketException (10061): No connection could be made because the target machine actively refused it.
   at System.Net.Sockets.Socket.AwaitableSocketAsyncEventArgs.ThrowException(SocketError error, CancellationToken cancellationToken)
   at System.Net.Sockets.Socket.AwaitableSocketAsyncEventArgs.System.Threading.Tasks.Sources.IValueTaskSource.GetResult(Int16 token)
   at System.Net.Http.HttpConnectionPool.ConnectToTcpHostAsync(String host, Int32 port, HttpRequestMessage initialRequest, Boolean async, Int64 connectionId, CancellationToken cancellationToken)
   --- End of inner exception stack trace ---
   at System.Net.Http.HttpConnectionPool.ConnectToTcpHostAsync(String host, Int32 port, HttpRequestMessage initialRequest, Boolean async, Int64 connectionId, CancellationToken cancellationToken)
   at System.Net.Http.HttpConnectionPool.ConnectAsync(HttpRequestMessage request, Boolean async, Boolean isForHttp2, CancellationToken cancellationToken)
   at System.Net.Http.HttpConnectionPool.CreateHttp11ConnectionAsync(HttpRequestMessage request, Boolean async, CancellationToken cancellationToken)
   at System.Net.Http.HttpConnectionPool.InjectNewHttp11ConnectionAsync(QueueItem queueItem)
   at System.Runtime.CompilerServices.RuntimeAsyncTaskContinuation.GetResult[T](Task task, Byte& result)
   at System.Threading.Tasks.TaskCompletionSourceWithCancellation`1.WaitWithCancellationAsync(CancellationToken cancellationToken)
   at System.Net.Http.HttpConnectionPool.SendWithVersionDetectionAndRetryAsync(HttpRequestMessage request, Boolean async, Boolean doRequestAuth, CancellationToken cancellationToken)
   at System.Net.Http.HttpMessageHandlerStage.SendAsync(HttpRequestMessage request, CancellationToken cancellationToken)
   at System.Net.Http.HttpMessageHandlerStage.SendAsync(HttpRequestMessage request, CancellationToken cancellationToken)
   at System.Net.Http.DiagnosticsHandler.SendAsyncCore(HttpRequestMessage request, Boolean async, CancellationToken cancellationToken)
   at System.Net.Http.RedirectHandler.SendAsync(HttpRequestMessage request, Boolean async, CancellationToken cancellationToken)
   at Microsoft.Extensions.Http.Logging.LoggingHttpMessageHandler.<SendCoreAsync>g__Core|4_0(HttpRequestMessage request, Boolean useAsync, CancellationToken cancellationToken)
   at Microsoft.Extensions.Http.Logging.LoggingScopeHttpMessageHandler.<SendCoreAsync>g__Core|4_0(HttpRequestMessage request, Boolean useAsync, CancellationToken cancellationToken)
   at System.Runtime.CompilerServices.RuntimeAsyncTaskContinuation.GetResult[T](Task task, Byte& result)
   at System.Net.Http.HttpClient.<SendAsync>g__Core|83_0(HttpRequestMessage request, HttpCompletionOption completionOption, CancellationTokenSource cts, Boolean disposeCts, CancellationTokenSource pendingRequestsCts, CancellationToken originalCancellationToken)
   at FishLink.API.Controllers.AgentGatewayController.GetPricePrediction(String species) in C:\Users\gajan\Desktop\SEF-assigment-01-main\SEF-assigment-01-main\FishLink.API\Controllers\AgentGatewayController.cs:line 147
2026-09-25 21:08:11.809 +05:30 [WRN] FishLink.API.Controllers.AgentGatewayController Price API unreachable for species Trevally (Paraw)
System.Net.Http.HttpRequestException: No connection could be made because the target machine actively refused it. (localhost:8001)
 ---> System.Net.Sockets.SocketException (10061): No connection could be made because the target machine actively refused it.
   at System.Net.Sockets.Socket.AwaitableSocketAsyncEventArgs.ThrowException(SocketError error, CancellationToken cancellationToken)
   at System.Net.Sockets.Socket.AwaitableSocketAsyncEventArgs.System.Threading.Tasks.Sources.IValueTaskSource.GetResult(Int16 token)
   at System.Net.Http.HttpConnectionPool.ConnectToTcpHostAsync(String host, Int32 port, HttpRequestMessage initialRequest, Boolean async, Int64 connectionId, CancellationToken cancellationToken)
   --- End of inner exception stack trace ---
   at System.Net.Http.HttpConnectionPool.ConnectToTcpHostAsync(String host, Int32 port, HttpRequestMessage initialRequest, Boolean async, Int64 connectionId, CancellationToken cancellationToken)
   at System.Net.Http.HttpConnectionPool.ConnectAsync(HttpRequestMessage request, Boolean async, Boolean isForHttp2, CancellationToken cancellationToken)
   at System.Net.Http.HttpConnectionPool.CreateHttp11ConnectionAsync(HttpRequestMessage request, Boolean async, CancellationToken cancellationToken)
   at System.Net.Http.HttpConnectionPool.InjectNewHttp11ConnectionAsync(QueueItem queueItem)
   at System.Runtime.CompilerServices.RuntimeAsyncTaskContinuation.GetResult[T](Task task, Byte& result)
   at System.Threading.Tasks.TaskCompletionSourceWithCancellation`1.WaitWithCancellationAsync(CancellationToken cancellationToken)
   at System.Net.Http.HttpConnectionPool.SendWithVersionDetectionAndRetryAsync(HttpRequestMessage request, Boolean async, Boolean doRequestAuth, CancellationToken cancellationToken)
   at System.Net.Http.HttpMessageHandlerStage.SendAsync(HttpRequestMessage request, CancellationToken cancellationToken)
   at System.Net.Http.HttpMessageHandlerStage.SendAsync(HttpRequestMessage request, CancellationToken cancellationToken)
   at System.Net.Http.DiagnosticsHandler.SendAsyncCore(HttpRequestMessage request, Boolean async, CancellationToken cancellationToken)
   at System.Net.Http.RedirectHandler.SendAsync(HttpRequestMessage request, Boolean async, CancellationToken cancellationToken)
   at Microsoft.Extensions.Http.Logging.LoggingHttpMessageHandler.<SendCoreAsync>g__Core|4_0(HttpRequestMessage request, Boolean useAsync, CancellationToken cancellationToken)
   at Microsoft.Extensions.Http.Logging.LoggingScopeHttpMessageHandler.<SendCoreAsync>g__Core|4_0(HttpRequestMessage request, Boolean useAsync, CancellationToken cancellationToken)
   at System.Runtime.CompilerServices.RuntimeAsyncTaskContinuation.GetResult[T](Task task, Byte& result)
   at System.Net.Http.HttpClient.<SendAsync>g__Core|83_0(HttpRequestMessage request, HttpCompletionOption completionOption, CancellationTokenSource cts, Boolean disposeCts, CancellationTokenSource pendingRequestsCts, CancellationToken originalCancellationToken)
   at FishLink.API.Controllers.AgentGatewayController.GetPricePrediction(String species) in C:\Users\gajan\Desktop\SEF-assigment-01-main\SEF-assigment-01-main\FishLink.API\Controllers\AgentGatewayController.cs:line 147
2026-09-25 21:08:11.818 +05:30 [WRN] FishLink.API.Controllers.AgentGatewayController Price API unreachable for species Mackerel
System.Net.Http.HttpRequestException: No connection could be made because the target machine actively refused it. (localhost:8001)
 ---> System.Net.Sockets.SocketException (10061): No connection could be made because the target machine actively refused it.
   at System.Net.Sockets.Socket.AwaitableSocketAsyncEventArgs.ThrowException(SocketError error, CancellationToken cancellationToken)
   at System.Net.Sockets.Socket.AwaitableSocketAsyncEventArgs.System.Threading.Tasks.Sources.IValueTaskSource.GetResult(Int16 token)
   at System.Net.Http.HttpConnectionPool.ConnectToTcpHostAsync(String host, Int32 port, HttpRequestMessage initialRequest, Boolean async, Int64 connectionId, CancellationToken cancellationToken)
   --- End of inner exception stack trace ---
   at System.Net.Http.HttpConnectionPool.ConnectToTcpHostAsync(String host, Int32 port, HttpRequestMessage initialRequest, Boolean async, Int64 connectionId, CancellationToken cancellationToken)
   at System.Net.Http.HttpConnectionPool.ConnectAsync(HttpRequestMessage request, Boolean async, Boolean isForHttp2, CancellationToken cancellationToken)
   at System.Net.Http.HttpConnectionPool.CreateHttp11ConnectionAsync(HttpRequestMessage request, Boolean async, CancellationToken cancellationToken)
   at System.Net.Http.HttpConnectionPool.InjectNewHttp11ConnectionAsync(QueueItem queueItem)
   at System.Runtime.CompilerServices.RuntimeAsyncTaskContinuation.GetResult[T](Task task, Byte& result)
   at System.Threading.Tasks.TaskCompletionSourceWithCancellation`1.WaitWithCancellationAsync(CancellationToken cancellationToken)
   at System.Net.Http.HttpConnectionPool.SendWithVersionDetectionAndRetryAsync(HttpRequestMessage request, Boolean async, Boolean doRequestAuth, CancellationToken cancellationToken)
   at System.Net.Http.HttpMessageHandlerStage.SendAsync(HttpRequestMessage request, CancellationToken cancellationToken)
   at System.Net.Http.HttpMessageHandlerStage.SendAsync(HttpRequestMessage request, CancellationToken cancellationToken)
   at System.Net.Http.DiagnosticsHandler.SendAsyncCore(HttpRequestMessage request, Boolean async, CancellationToken cancellationToken)
   at System.Net.Http.RedirectHandler.SendAsync(HttpRequestMessage request, Boolean async, CancellationToken cancellationToken)
   at Microsoft.Extensions.Http.Logging.LoggingHttpMessageHandler.<SendCoreAsync>g__Core|4_0(HttpRequestMessage request, Boolean useAsync, CancellationToken cancellationToken)
   at Microsoft.Extensions.Http.Logging.LoggingScopeHttpMessageHandler.<SendCoreAsync>g__Core|4_0(HttpRequestMessage request, Boolean useAsync, CancellationToken cancellationToken)
   at System.Runtime.CompilerServices.RuntimeAsyncTaskContinuation.GetResult[T](Task task, Byte& result)
   at System.Net.Http.HttpClient.<SendAsync>g__Core|83_0(HttpRequestMessage request, HttpCompletionOption completionOption, CancellationTokenSource cts, Boolean disposeCts, CancellationTokenSource pendingRequestsCts, CancellationToken originalCancellationToken)
   at FishLink.API.Controllers.AgentGatewayController.GetPricePrediction(String species) in C:\Users\gajan\Desktop\SEF-assigment-01-main\SEF-assigment-01-main\FishLink.API\Controllers\AgentGatewayController.cs:line 147
2026-09-25 21:08:11.825 +05:30 [ERR] Serilog.AspNetCore.RequestLoggingMiddleware HTTP GET /api/AgentGateway/prices/Tuna (Yellowfin)/predict responded 503 in 4160.354 ms
2026-09-25 21:08:11.833 +05:30 [ERR] Serilog.AspNetCore.RequestLoggingMiddleware HTTP GET /api/AgentGateway/prices/Skipjack/predict responded 503 in 4161.583 ms
2026-09-25 21:08:11.843 +05:30 [ERR] Serilog.AspNetCore.RequestLoggingMiddleware HTTP GET /api/AgentGateway/prices/Trevally (Paraw)/predict responded 503 in 4168.826 ms
2026-09-25 21:08:11.856 +05:30 [ERR] Serilog.AspNetCore.RequestLoggingMiddleware HTTP GET /api/AgentGateway/prices/Mackerel/predict responded 503 in 4178.917 ms
2026-09-25 21:08:37.892 +05:30 [INF] Serilog.AspNetCore.RequestLoggingMiddleware HTTP OPTIONS /api/Catches/market-stats/override responded 204 in 0.081 ms
2026-09-25 21:08:37.898 +05:30 [INF] Serilog.AspNetCore.RequestLoggingMiddleware HTTP POST /api/Catches/market-stats/override responded 404 in 0.354 ms
2026-09-25 21:09:16.620 +05:30 [INF] Serilog.AspNetCore.RequestLoggingMiddleware HTTP OPTIONS /api/Catches responded 204 in 0.093 ms
2026-09-25 21:09:16.622 +05:30 [INF] Serilog.AspNetCore.RequestLoggingMiddleware HTTP OPTIONS /api/Catches responded 204 in 0.046 ms
2026-09-25 21:09:16.640 +05:30 [INF] FishLink.API.Services.CatchService GetCatches: 4 results, page 1/1
2026-09-25 21:09:16.644 +05:30 [INF] Serilog.AspNetCore.RequestLoggingMiddleware HTTP GET /api/Catches responded 200 in 12.945 ms
2026-09-25 21:09:16.652 +05:30 [INF] FishLink.API.Services.CatchService GetCatches: 4 results, page 1/1
2026-09-25 21:09:16.657 +05:30 [INF] Serilog.AspNetCore.RequestLoggingMiddleware HTTP GET /api/Catches responded 200 in 11.015 ms
2026-09-25 21:09:16.671 +05:30 [INF] Serilog.AspNetCore.RequestLoggingMiddleware HTTP OPTIONS /api/Bids/catch/1 responded 204 in 0.042 ms
2026-09-25 21:09:16.672 +05:30 [INF] Serilog.AspNetCore.RequestLoggingMiddleware HTTP OPTIONS /api/Bids/catch/1 responded 204 in 0.052 ms
2026-09-25 21:09:16.705 +05:30 [INF] Serilog.AspNetCore.RequestLoggingMiddleware HTTP GET /api/Bids/catch/1 responded 200 in 4.233 ms
2026-09-25 21:09:16.719 +05:30 [INF] Serilog.AspNetCore.RequestLoggingMiddleware HTTP GET /api/Bids/catch/1 responded 200 in 7.712 ms
2026-09-25 21:09:36.768 +05:30 [INF] Serilog.AspNetCore.RequestLoggingMiddleware HTTP OPTIONS /api/BuyerMatch/score-buyers/1 responded 204 in 0.048 ms
2026-09-25 21:09:36.881 +05:30 [INF] Serilog.AspNetCore.RequestLoggingMiddleware HTTP GET /api/BuyerMatch/score-buyers/1 responded 200 in 92.058 ms
2026-09-25 21:09:36.886 +05:30 [INF] Serilog.AspNetCore.RequestLoggingMiddleware HTTP OPTIONS /api/Bids/catch/1 responded 204 in 0.032 ms
2026-09-25 21:09:36.892 +05:30 [INF] Serilog.AspNetCore.RequestLoggingMiddleware HTTP GET /api/Bids/catch/1 responded 200 in 2.028 ms
2026-09-25 21:09:42.603 +05:30 [INF] Serilog.AspNetCore.RequestLoggingMiddleware HTTP OPTIONS /api/BuyerMatch/buyers responded 204 in 0.042 ms
2026-09-25 21:09:42.604 +05:30 [INF] Serilog.AspNetCore.RequestLoggingMiddleware HTTP OPTIONS /api/BuyerMatch/buyers responded 204 in 0.087 ms
2026-09-25 21:09:42.655 +05:30 [INF] Serilog.AspNetCore.RequestLoggingMiddleware HTTP GET /api/BuyerMatch/buyers responded 200 in 44.702 ms
2026-09-25 21:09:42.663 +05:30 [INF] Serilog.AspNetCore.RequestLoggingMiddleware HTTP OPTIONS /api/BuyerMatch/buyers/3 responded 204 in 1.853 ms
2026-09-25 21:09:42.663 +05:30 [INF] Serilog.AspNetCore.RequestLoggingMiddleware HTTP GET /api/BuyerMatch/buyers responded 200 in 6.059 ms
2026-09-25 21:09:42.738 +05:30 [INF] Serilog.AspNetCore.RequestLoggingMiddleware HTTP GET /api/BuyerMatch/buyers/3 responded 200 in 69.175 ms
2026-09-25 21:09:42.750 +05:30 [INF] Serilog.AspNetCore.RequestLoggingMiddleware HTTP GET /api/BuyerMatch/buyers/3 responded 200 in 9.535 ms
2026-09-25 21:09:54.684 +05:30 [INF] Serilog.AspNetCore.RequestLoggingMiddleware HTTP OPTIONS /api/AgentGateway/prices/Skipjack/predict responded 204 in 0.067 ms
2026-09-25 21:09:54.684 +05:30 [INF] Serilog.AspNetCore.RequestLoggingMiddleware HTTP OPTIONS /api/AgentGateway/prices/Tuna (Yellowfin)/predict responded 204 in 0.067 ms
2026-09-25 21:09:54.689 +05:30 [INF] Serilog.AspNetCore.RequestLoggingMiddleware HTTP OPTIONS /api/AgentGateway/prices/Trevally (Paraw)/predict responded 204 in 0.040 ms
2026-09-25 21:09:54.692 +05:30 [INF] Serilog.AspNetCore.RequestLoggingMiddleware HTTP OPTIONS /api/Catches/market-stats responded 204 in 0.059 ms
2026-09-25 21:09:54.693 +05:30 [INF] Serilog.AspNetCore.RequestLoggingMiddleware HTTP OPTIONS /api/AgentGateway/prices/Mackerel/predict responded 204 in 0.043 ms
2026-09-25 21:09:54.695 +05:30 [INF] Serilog.AspNetCore.RequestLoggingMiddleware HTTP OPTIONS /api/AgentGateway/prices/Tuna (Yellowfin)/predict responded 204 in 0.046 ms
2026-09-25 21:09:54.699 +05:30 [INF] Serilog.AspNetCore.RequestLoggingMiddleware HTTP OPTIONS /api/AgentGateway/prices/Skipjack/predict responded 204 in 0.045 ms
2026-09-25 21:09:54.705 +05:30 [INF] Serilog.AspNetCore.RequestLoggingMiddleware HTTP OPTIONS /api/AgentGateway/prices/Trevally (Paraw)/predict responded 204 in 0.039 ms
2026-09-25 21:09:54.708 +05:30 [INF] Serilog.AspNetCore.RequestLoggingMiddleware HTTP OPTIONS /api/AgentGateway/prices/Mackerel/predict responded 204 in 0.057 ms
2026-09-25 21:09:54.713 +05:30 [INF] Serilog.AspNetCore.RequestLoggingMiddleware HTTP OPTIONS /api/Catches/market-stats responded 204 in 0.051 ms
2026-09-25 21:09:54.718 +05:30 [INF] System.Net.Http.HttpClient.Default.LogicalHandler Start processing HTTP request GET http://localhost:8001/api/prices/Skipjack/predict
2026-09-25 21:09:54.719 +05:30 [INF] System.Net.Http.HttpClient.Default.LogicalHandler Start processing HTTP request GET http://localhost:8001/api/prices/Tuna%20%28Yellowfin%29/predict
2026-09-25 21:09:54.746 +05:30 [INF] System.Net.Http.HttpClient.Default.ClientHandler Sending HTTP request GET http://localhost:8001/api/prices/Tuna%20%28Yellowfin%29/predict
2026-09-25 21:09:54.732 +05:30 [INF] System.Net.Http.HttpClient.Default.LogicalHandler Start processing HTTP request GET http://localhost:8001/api/prices/Mackerel/predict
2026-09-25 21:09:54.735 +05:30 [INF] Serilog.AspNetCore.RequestLoggingMiddleware HTTP GET /api/Catches/market-stats responded 200 in 8.951 ms
2026-09-25 21:09:54.741 +05:30 [INF] System.Net.Http.HttpClient.Default.ClientHandler Sending HTTP request GET http://localhost:8001/api/prices/Skipjack/predict
2026-09-25 21:09:54.723 +05:30 [INF] System.Net.Http.HttpClient.Default.LogicalHandler Start processing HTTP request GET http://localhost:8001/api/prices/Trevally%20%28Paraw%29/predict
2026-09-25 21:09:54.749 +05:30 [INF] Serilog.AspNetCore.RequestLoggingMiddleware HTTP GET /api/Catches/market-stats responded 200 in 8.841 ms
2026-09-25 21:09:54.755 +05:30 [INF] System.Net.Http.HttpClient.Default.ClientHandler Sending HTTP request GET http://localhost:8001/api/prices/Mackerel/predict
2026-09-25 21:09:54.765 +05:30 [INF] System.Net.Http.HttpClient.Default.ClientHandler Sending HTTP request GET http://localhost:8001/api/prices/Trevally%20%28Paraw%29/predict
2026-09-25 21:09:58.811 +05:30 [INF] System.Net.Http.HttpClient.Default.ClientHandler HTTP request failed after 4039.1768ms
System.Net.Http.HttpRequestException: No connection could be made because the target machine actively refused it. (localhost:8001)
 ---> System.Net.Sockets.SocketException (10061): No connection could be made because the target machine actively refused it.
   at System.Net.Sockets.Socket.AwaitableSocketAsyncEventArgs.ThrowException(SocketError error, CancellationToken cancellationToken)
   at System.Net.Sockets.Socket.AwaitableSocketAsyncEventArgs.System.Threading.Tasks.Sources.IValueTaskSource.GetResult(Int16 token)
   at System.Net.Http.HttpConnectionPool.ConnectToTcpHostAsync(String host, Int32 port, HttpRequestMessage initialRequest, Boolean async, Int64 connectionId, CancellationToken cancellationToken)
   --- End of inner exception stack trace ---
   at System.Net.Http.HttpConnectionPool.ConnectToTcpHostAsync(String host, Int32 port, HttpRequestMessage initialRequest, Boolean async, Int64 connectionId, CancellationToken cancellationToken)
   at System.Net.Http.HttpConnectionPool.ConnectAsync(HttpRequestMessage request, Boolean async, Boolean isForHttp2, CancellationToken cancellationToken)
   at System.Net.Http.HttpConnectionPool.CreateHttp11ConnectionAsync(HttpRequestMessage request, Boolean async, CancellationToken cancellationToken)
   at System.Net.Http.HttpConnectionPool.InjectNewHttp11ConnectionAsync(QueueItem queueItem)
   at System.Runtime.CompilerServices.RuntimeAsyncTaskContinuation.GetResult[T](Task task, Byte& result)
   at System.Threading.Tasks.TaskCompletionSourceWithCancellation`1.WaitWithCancellationAsync(CancellationToken cancellationToken)
   at System.Net.Http.HttpConnectionPool.SendWithVersionDetectionAndRetryAsync(HttpRequestMessage request, Boolean async, Boolean doRequestAuth, CancellationToken cancellationToken)
   at System.Net.Http.HttpMessageHandlerStage.SendAsync(HttpRequestMessage request, CancellationToken cancellationToken)
   at System.Net.Http.HttpMessageHandlerStage.SendAsync(HttpRequestMessage request, CancellationToken cancellationToken)
   at System.Net.Http.DiagnosticsHandler.SendAsyncCore(HttpRequestMessage request, Boolean async, CancellationToken cancellationToken)
   at System.Net.Http.RedirectHandler.SendAsync(HttpRequestMessage request, Boolean async, CancellationToken cancellationToken)
   at Microsoft.Extensions.Http.Logging.LoggingHttpMessageHandler.<SendCoreAsync>g__Core|4_0(HttpRequestMessage request, Boolean useAsync, CancellationToken cancellationToken)
2026-09-25 21:09:58.811 +05:30 [INF] System.Net.Http.HttpClient.Default.ClientHandler HTTP request failed after 4050.4539ms
System.Net.Http.HttpRequestException: No connection could be made because the target machine actively refused it. (localhost:8001)
 ---> System.Net.Sockets.SocketException (10061): No connection could be made because the target machine actively refused it.
   at System.Net.Sockets.Socket.AwaitableSocketAsyncEventArgs.ThrowException(SocketError error, CancellationToken cancellationToken)
   at System.Net.Sockets.Socket.AwaitableSocketAsyncEventArgs.System.Threading.Tasks.Sources.IValueTaskSource.GetResult(Int16 token)
   at System.Net.Http.HttpConnectionPool.ConnectToTcpHostAsync(String host, Int32 port, HttpRequestMessage initialRequest, Boolean async, Int64 connectionId, CancellationToken cancellationToken)
   --- End of inner exception stack trace ---
   at System.Net.Http.HttpConnectionPool.ConnectToTcpHostAsync(String host, Int32 port, HttpRequestMessage initialRequest, Boolean async, Int64 connectionId, CancellationToken cancellationToken)
   at System.Net.Http.HttpConnectionPool.ConnectAsync(HttpRequestMessage request, Boolean async, Boolean isForHttp2, CancellationToken cancellationToken)
   at System.Net.Http.HttpConnectionPool.CreateHttp11ConnectionAsync(HttpRequestMessage request, Boolean async, CancellationToken cancellationToken)
   at System.Net.Http.HttpConnectionPool.InjectNewHttp11ConnectionAsync(QueueItem queueItem)
   at System.Runtime.CompilerServices.RuntimeAsyncTaskContinuation.GetResult[T](Task task, Byte& result)
   at System.Threading.Tasks.TaskCompletionSourceWithCancellation`1.WaitWithCancellationAsync(CancellationToken cancellationToken)
   at System.Net.Http.HttpConnectionPool.SendWithVersionDetectionAndRetryAsync(HttpRequestMessage request, Boolean async, Boolean doRequestAuth, CancellationToken cancellationToken)
   at System.Net.Http.HttpMessageHandlerStage.SendAsync(HttpRequestMessage request, CancellationToken cancellationToken)
   at System.Net.Http.HttpMessageHandlerStage.SendAsync(HttpRequestMessage request, CancellationToken cancellationToken)
   at System.Net.Http.DiagnosticsHandler.SendAsyncCore(HttpRequestMessage request, Boolean async, CancellationToken cancellationToken)
   at System.Net.Http.RedirectHandler.SendAsync(HttpRequestMessage request, Boolean async, CancellationToken cancellationToken)
   at Microsoft.Extensions.Http.Logging.LoggingHttpMessageHandler.<SendCoreAsync>g__Core|4_0(HttpRequestMessage request, Boolean useAsync, CancellationToken cancellationToken)
2026-09-25 21:09:58.811 +05:30 [INF] System.Net.Http.HttpClient.Default.ClientHandler HTTP request failed after 4060.1023ms
System.Net.Http.HttpRequestException: No connection could be made because the target machine actively refused it. (localhost:8001)
 ---> System.Net.Sockets.SocketException (10061): No connection could be made because the target machine actively refused it.
   at System.Net.Sockets.Socket.AwaitableSocketAsyncEventArgs.ThrowException(SocketError error, CancellationToken cancellationToken)
   at System.Net.Sockets.Socket.AwaitableSocketAsyncEventArgs.System.Threading.Tasks.Sources.IValueTaskSource.GetResult(Int16 token)
   at System.Net.Http.HttpConnectionPool.ConnectToTcpHostAsync(String host, Int32 port, HttpRequestMessage initialRequest, Boolean async, Int64 connectionId, CancellationToken cancellationToken)
   --- End of inner exception stack trace ---
   at System.Net.Http.HttpConnectionPool.ConnectToTcpHostAsync(String host, Int32 port, HttpRequestMessage initialRequest, Boolean async, Int64 connectionId, CancellationToken cancellationToken)
   at System.Net.Http.HttpConnectionPool.ConnectAsync(HttpRequestMessage request, Boolean async, Boolean isForHttp2, CancellationToken cancellationToken)
   at System.Net.Http.HttpConnectionPool.CreateHttp11ConnectionAsync(HttpRequestMessage request, Boolean async, CancellationToken cancellationToken)
   at System.Net.Http.HttpConnectionPool.InjectNewHttp11ConnectionAsync(QueueItem queueItem)
   at System.Runtime.CompilerServices.RuntimeAsyncTaskContinuation.GetResult[T](Task task, Byte& result)
   at System.Threading.Tasks.TaskCompletionSourceWithCancellation`1.WaitWithCancellationAsync(CancellationToken cancellationToken)
   at System.Net.Http.HttpConnectionPool.SendWithVersionDetectionAndRetryAsync(HttpRequestMessage request, Boolean async, Boolean doRequestAuth, CancellationToken cancellationToken)
   at System.Net.Http.HttpMessageHandlerStage.SendAsync(HttpRequestMessage request, CancellationToken cancellationToken)
   at System.Net.Http.HttpMessageHandlerStage.SendAsync(HttpRequestMessage request, CancellationToken cancellationToken)
   at System.Net.Http.DiagnosticsHandler.SendAsyncCore(HttpRequestMessage request, Boolean async, CancellationToken cancellationToken)
   at System.Net.Http.RedirectHandler.SendAsync(HttpRequestMessage request, Boolean async, CancellationToken cancellationToken)
   at System.Net.Http.HttpMessageHandlerStage.SendAsync(HttpRequestMessage request, CancellationToken cancellationToken)
   at System.Net.Http.SocketsHttpHandler.<SendAsync>g__CreateHandlerAndSendAsync|119_0(HttpRequestMessage request, CancellationToken cancellationToken)
   at Microsoft.Extensions.Http.Logging.LoggingHttpMessageHandler.<SendCoreAsync>g__Core|4_0(HttpRequestMessage request, Boolean useAsync, CancellationToken cancellationToken)
2026-09-25 21:09:58.817 +05:30 [INF] System.Net.Http.HttpClient.Default.LogicalHandler HTTP request failed after 4094.598ms
System.Net.Http.HttpRequestException: No connection could be made because the target machine actively refused it. (localhost:8001)
 ---> System.Net.Sockets.SocketException (10061): No connection could be made because the target machine actively refused it.
   at System.Net.Sockets.Socket.AwaitableSocketAsyncEventArgs.ThrowException(SocketError error, CancellationToken cancellationToken)
   at System.Net.Sockets.Socket.AwaitableSocketAsyncEventArgs.System.Threading.Tasks.Sources.IValueTaskSource.GetResult(Int16 token)
   at System.Net.Http.HttpConnectionPool.ConnectToTcpHostAsync(String host, Int32 port, HttpRequestMessage initialRequest, Boolean async, Int64 connectionId, CancellationToken cancellationToken)
   --- End of inner exception stack trace ---
   at System.Net.Http.HttpConnectionPool.ConnectToTcpHostAsync(String host, Int32 port, HttpRequestMessage initialRequest, Boolean async, Int64 connectionId, CancellationToken cancellationToken)
   at System.Net.Http.HttpConnectionPool.ConnectAsync(HttpRequestMessage request, Boolean async, Boolean isForHttp2, CancellationToken cancellationToken)
   at System.Net.Http.HttpConnectionPool.CreateHttp11ConnectionAsync(HttpRequestMessage request, Boolean async, CancellationToken cancellationToken)
   at System.Net.Http.HttpConnectionPool.InjectNewHttp11ConnectionAsync(QueueItem queueItem)
   at System.Runtime.CompilerServices.RuntimeAsyncTaskContinuation.GetResult[T](Task task, Byte& result)
   at System.Threading.Tasks.TaskCompletionSourceWithCancellation`1.WaitWithCancellationAsync(CancellationToken cancellationToken)
   at System.Net.Http.HttpConnectionPool.SendWithVersionDetectionAndRetryAsync(HttpRequestMessage request, Boolean async, Boolean doRequestAuth, CancellationToken cancellationToken)
   at System.Net.Http.HttpMessageHandlerStage.SendAsync(HttpRequestMessage request, CancellationToken cancellationToken)
   at System.Net.Http.HttpMessageHandlerStage.SendAsync(HttpRequestMessage request, CancellationToken cancellationToken)
   at System.Net.Http.DiagnosticsHandler.SendAsyncCore(HttpRequestMessage request, Boolean async, CancellationToken cancellationToken)
   at System.Net.Http.RedirectHandler.SendAsync(HttpRequestMessage request, Boolean async, CancellationToken cancellationToken)
   at Microsoft.Extensions.Http.Logging.LoggingHttpMessageHandler.<SendCoreAsync>g__Core|4_0(HttpRequestMessage request, Boolean useAsync, CancellationToken cancellationToken)
   at Microsoft.Extensions.Http.Logging.LoggingScopeHttpMessageHandler.<SendCoreAsync>g__Core|4_0(HttpRequestMessage request, Boolean useAsync, CancellationToken cancellationToken)
2026-09-25 21:09:58.823 +05:30 [INF] System.Net.Http.HttpClient.Default.LogicalHandler HTTP request failed after 4105.2068ms
System.Net.Http.HttpRequestException: No connection could be made because the target machine actively refused it. (localhost:8001)
 ---> System.Net.Sockets.SocketException (10061): No connection could be made because the target machine actively refused it.
   at System.Net.Sockets.Socket.AwaitableSocketAsyncEventArgs.ThrowException(SocketError error, CancellationToken cancellationToken)
   at System.Net.Sockets.Socket.AwaitableSocketAsyncEventArgs.System.Threading.Tasks.Sources.IValueTaskSource.GetResult(Int16 token)
   at System.Net.Http.HttpConnectionPool.ConnectToTcpHostAsync(String host, Int32 port, HttpRequestMessage initialRequest, Boolean async, Int64 connectionId, CancellationToken cancellationToken)
   --- End of inner exception stack trace ---
   at System.Net.Http.HttpConnectionPool.ConnectToTcpHostAsync(String host, Int32 port, HttpRequestMessage initialRequest, Boolean async, Int64 connectionId, CancellationToken cancellationToken)
   at System.Net.Http.HttpConnectionPool.ConnectAsync(HttpRequestMessage request, Boolean async, Boolean isForHttp2, CancellationToken cancellationToken)
   at System.Net.Http.HttpConnectionPool.CreateHttp11ConnectionAsync(HttpRequestMessage request, Boolean async, CancellationToken cancellationToken)
   at System.Net.Http.HttpConnectionPool.InjectNewHttp11ConnectionAsync(QueueItem queueItem)
   at System.Runtime.CompilerServices.RuntimeAsyncTaskContinuation.GetResult[T](Task task, Byte& result)
   at System.Threading.Tasks.TaskCompletionSourceWithCancellation`1.WaitWithCancellationAsync(CancellationToken cancellationToken)
   at System.Net.Http.HttpConnectionPool.SendWithVersionDetectionAndRetryAsync(HttpRequestMessage request, Boolean async, Boolean doRequestAuth, CancellationToken cancellationToken)
   at System.Net.Http.HttpMessageHandlerStage.SendAsync(HttpRequestMessage request, CancellationToken cancellationToken)
   at System.Net.Http.HttpMessageHandlerStage.SendAsync(HttpRequestMessage request, CancellationToken cancellationToken)
   at System.Net.Http.DiagnosticsHandler.SendAsyncCore(HttpRequestMessage request, Boolean async, CancellationToken cancellationToken)
   at System.Net.Http.RedirectHandler.SendAsync(HttpRequestMessage request, Boolean async, CancellationToken cancellationToken)
   at Microsoft.Extensions.Http.Logging.LoggingHttpMessageHandler.<SendCoreAsync>g__Core|4_0(HttpRequestMessage request, Boolean useAsync, CancellationToken cancellationToken)
   at Microsoft.Extensions.Http.Logging.LoggingScopeHttpMessageHandler.<SendCoreAsync>g__Core|4_0(HttpRequestMessage request, Boolean useAsync, CancellationToken cancellationToken)
2026-09-25 21:09:58.827 +05:30 [INF] System.Net.Http.HttpClient.Default.ClientHandler HTTP request failed after 4057.0715ms
System.Net.Http.HttpRequestException: No connection could be made because the target machine actively refused it. (localhost:8001)
 ---> System.Net.Sockets.SocketException (10061): No connection could be made because the target machine actively refused it.
   at System.Net.Sockets.Socket.AwaitableSocketAsyncEventArgs.ThrowException(SocketError error, CancellationToken cancellationToken)
   at System.Net.Sockets.Socket.AwaitableSocketAsyncEventArgs.System.Threading.Tasks.Sources.IValueTaskSource.GetResult(Int16 token)
   at System.Net.Http.HttpConnectionPool.ConnectToTcpHostAsync(String host, Int32 port, HttpRequestMessage initialRequest, Boolean async, Int64 connectionId, CancellationToken cancellationToken)
   --- End of inner exception stack trace ---
   at System.Net.Http.HttpConnectionPool.ConnectToTcpHostAsync(String host, Int32 port, HttpRequestMessage initialRequest, Boolean async, Int64 connectionId, CancellationToken cancellationToken)
   at System.Net.Http.HttpConnectionPool.ConnectAsync(HttpRequestMessage request, Boolean async, Boolean isForHttp2, CancellationToken cancellationToken)
   at System.Net.Http.HttpConnectionPool.CreateHttp11ConnectionAsync(HttpRequestMessage request, Boolean async, CancellationToken cancellationToken)
   at System.Net.Http.HttpConnectionPool.InjectNewHttp11ConnectionAsync(QueueItem queueItem)
   at System.Runtime.CompilerServices.RuntimeAsyncTaskContinuation.GetResult[T](Task task, Byte& result)
   at System.Threading.Tasks.TaskCompletionSourceWithCancellation`1.WaitWithCancellationAsync(CancellationToken cancellationToken)
   at System.Net.Http.HttpConnectionPool.SendWithVersionDetectionAndRetryAsync(HttpRequestMessage request, Boolean async, Boolean doRequestAuth, CancellationToken cancellationToken)
   at System.Net.Http.HttpMessageHandlerStage.SendAsync(HttpRequestMessage request, CancellationToken cancellationToken)
   at System.Net.Http.HttpMessageHandlerStage.SendAsync(HttpRequestMessage request, CancellationToken cancellationToken)
   at System.Net.Http.DiagnosticsHandler.SendAsyncCore(HttpRequestMessage request, Boolean async, CancellationToken cancellationToken)
   at System.Net.Http.RedirectHandler.SendAsync(HttpRequestMessage request, Boolean async, CancellationToken cancellationToken)
   at Microsoft.Extensions.Http.Logging.LoggingHttpMessageHandler.<SendCoreAsync>g__Core|4_0(HttpRequestMessage request, Boolean useAsync, CancellationToken cancellationToken)
2026-09-25 21:09:58.830 +05:30 [INF] System.Net.Http.HttpClient.Default.LogicalHandler HTTP request failed after 4111.2996ms
System.Net.Http.HttpRequestException: No connection could be made because the target machine actively refused it. (localhost:8001)
 ---> System.Net.Sockets.SocketException (10061): No connection could be made because the target machine actively refused it.
   at System.Net.Sockets.Socket.AwaitableSocketAsyncEventArgs.ThrowException(SocketError error, CancellationToken cancellationToken)
   at System.Net.Sockets.Socket.AwaitableSocketAsyncEventArgs.System.Threading.Tasks.Sources.IValueTaskSource.GetResult(Int16 token)
   at System.Net.Http.HttpConnectionPool.ConnectToTcpHostAsync(String host, Int32 port, HttpRequestMessage initialRequest, Boolean async, Int64 connectionId, CancellationToken cancellationToken)
   --- End of inner exception stack trace ---
   at System.Net.Http.HttpConnectionPool.ConnectToTcpHostAsync(String host, Int32 port, HttpRequestMessage initialRequest, Boolean async, Int64 connectionId, CancellationToken cancellationToken)
   at System.Net.Http.HttpConnectionPool.ConnectAsync(HttpRequestMessage request, Boolean async, Boolean isForHttp2, CancellationToken cancellationToken)
   at System.Net.Http.HttpConnectionPool.CreateHttp11ConnectionAsync(HttpRequestMessage request, Boolean async, CancellationToken cancellationToken)
   at System.Net.Http.HttpConnectionPool.InjectNewHttp11ConnectionAsync(QueueItem queueItem)
   at System.Runtime.CompilerServices.RuntimeAsyncTaskContinuation.GetResult[T](Task task, Byte& result)
   at System.Threading.Tasks.TaskCompletionSourceWithCancellation`1.WaitWithCancellationAsync(CancellationToken cancellationToken)
   at System.Net.Http.HttpConnectionPool.SendWithVersionDetectionAndRetryAsync(HttpRequestMessage request, Boolean async, Boolean doRequestAuth, CancellationToken cancellationToken)
   at System.Net.Http.HttpMessageHandlerStage.SendAsync(HttpRequestMessage request, CancellationToken cancellationToken)
   at System.Net.Http.HttpMessageHandlerStage.SendAsync(HttpRequestMessage request, CancellationToken cancellationToken)
   at System.Net.Http.DiagnosticsHandler.SendAsyncCore(HttpRequestMessage request, Boolean async, CancellationToken cancellationToken)
   at System.Net.Http.RedirectHandler.SendAsync(HttpRequestMessage request, Boolean async, CancellationToken cancellationToken)
   at System.Net.Http.HttpMessageHandlerStage.SendAsync(HttpRequestMessage request, CancellationToken cancellationToken)
   at System.Net.Http.SocketsHttpHandler.<SendAsync>g__CreateHandlerAndSendAsync|119_0(HttpRequestMessage request, CancellationToken cancellationToken)
   at Microsoft.Extensions.Http.Logging.LoggingHttpMessageHandler.<SendCoreAsync>g__Core|4_0(HttpRequestMessage request, Boolean useAsync, CancellationToken cancellationToken)
   at Microsoft.Extensions.Http.Logging.LoggingScopeHttpMessageHandler.<SendCoreAsync>g__Core|4_0(HttpRequestMessage request, Boolean useAsync, CancellationToken cancellationToken)
2026-09-25 21:09:58.836 +05:30 [WRN] FishLink.API.Controllers.AgentGatewayController Price API unreachable for species Trevally (Paraw)
System.Net.Http.HttpRequestException: No connection could be made because the target machine actively refused it. (localhost:8001)
 ---> System.Net.Sockets.SocketException (10061): No connection could be made because the target machine actively refused it.
   at System.Net.Sockets.Socket.AwaitableSocketAsyncEventArgs.ThrowException(SocketError error, CancellationToken cancellationToken)
   at System.Net.Sockets.Socket.AwaitableSocketAsyncEventArgs.System.Threading.Tasks.Sources.IValueTaskSource.GetResult(Int16 token)
   at System.Net.Http.HttpConnectionPool.ConnectToTcpHostAsync(String host, Int32 port, HttpRequestMessage initialRequest, Boolean async, Int64 connectionId, CancellationToken cancellationToken)
   --- End of inner exception stack trace ---
   at System.Net.Http.HttpConnectionPool.ConnectToTcpHostAsync(String host, Int32 port, HttpRequestMessage initialRequest, Boolean async, Int64 connectionId, CancellationToken cancellationToken)
   at System.Net.Http.HttpConnectionPool.ConnectAsync(HttpRequestMessage request, Boolean async, Boolean isForHttp2, CancellationToken cancellationToken)
   at System.Net.Http.HttpConnectionPool.CreateHttp11ConnectionAsync(HttpRequestMessage request, Boolean async, CancellationToken cancellationToken)
   at System.Net.Http.HttpConnectionPool.InjectNewHttp11ConnectionAsync(QueueItem queueItem)
   at System.Runtime.CompilerServices.RuntimeAsyncTaskContinuation.GetResult[T](Task task, Byte& result)
   at System.Threading.Tasks.TaskCompletionSourceWithCancellation`1.WaitWithCancellationAsync(CancellationToken cancellationToken)
   at System.Net.Http.HttpConnectionPool.SendWithVersionDetectionAndRetryAsync(HttpRequestMessage request, Boolean async, Boolean doRequestAuth, CancellationToken cancellationToken)
   at System.Net.Http.HttpMessageHandlerStage.SendAsync(HttpRequestMessage request, CancellationToken cancellationToken)
   at System.Net.Http.HttpMessageHandlerStage.SendAsync(HttpRequestMessage request, CancellationToken cancellationToken)
   at System.Net.Http.DiagnosticsHandler.SendAsyncCore(HttpRequestMessage request, Boolean async, CancellationToken cancellationToken)
   at System.Net.Http.RedirectHandler.SendAsync(HttpRequestMessage request, Boolean async, CancellationToken cancellationToken)
   at Microsoft.Extensions.Http.Logging.LoggingHttpMessageHandler.<SendCoreAsync>g__Core|4_0(HttpRequestMessage request, Boolean useAsync, CancellationToken cancellationToken)
   at Microsoft.Extensions.Http.Logging.LoggingScopeHttpMessageHandler.<SendCoreAsync>g__Core|4_0(HttpRequestMessage request, Boolean useAsync, CancellationToken cancellationToken)
   at System.Runtime.CompilerServices.RuntimeAsyncTaskContinuation.GetResult[T](Task task, Byte& result)
   at System.Net.Http.HttpClient.<SendAsync>g__Core|83_0(HttpRequestMessage request, HttpCompletionOption completionOption, CancellationTokenSource cts, Boolean disposeCts, CancellationTokenSource pendingRequestsCts, CancellationToken originalCancellationToken)
   at FishLink.API.Controllers.AgentGatewayController.GetPricePrediction(String species) in C:\Users\gajan\Desktop\SEF-assigment-01-main\SEF-assigment-01-main\FishLink.API\Controllers\AgentGatewayController.cs:line 147
2026-09-25 21:09:58.842 +05:30 [WRN] FishLink.API.Controllers.AgentGatewayController Price API unreachable for species Skipjack
System.Net.Http.HttpRequestException: No connection could be made because the target machine actively refused it. (localhost:8001)
 ---> System.Net.Sockets.SocketException (10061): No connection could be made because the target machine actively refused it.
   at System.Net.Sockets.Socket.AwaitableSocketAsyncEventArgs.ThrowException(SocketError error, CancellationToken cancellationToken)
   at System.Net.Sockets.Socket.AwaitableSocketAsyncEventArgs.System.Threading.Tasks.Sources.IValueTaskSource.GetResult(Int16 token)
   at System.Net.Http.HttpConnectionPool.ConnectToTcpHostAsync(String host, Int32 port, HttpRequestMessage initialRequest, Boolean async, Int64 connectionId, CancellationToken cancellationToken)
   --- End of inner exception stack trace ---
   at System.Net.Http.HttpConnectionPool.ConnectToTcpHostAsync(String host, Int32 port, HttpRequestMessage initialRequest, Boolean async, Int64 connectionId, CancellationToken cancellationToken)
   at System.Net.Http.HttpConnectionPool.ConnectAsync(HttpRequestMessage request, Boolean async, Boolean isForHttp2, CancellationToken cancellationToken)
   at System.Net.Http.HttpConnectionPool.CreateHttp11ConnectionAsync(HttpRequestMessage request, Boolean async, CancellationToken cancellationToken)
   at System.Net.Http.HttpConnectionPool.InjectNewHttp11ConnectionAsync(QueueItem queueItem)
   at System.Runtime.CompilerServices.RuntimeAsyncTaskContinuation.GetResult[T](Task task, Byte& result)
   at System.Threading.Tasks.TaskCompletionSourceWithCancellation`1.WaitWithCancellationAsync(CancellationToken cancellationToken)
   at System.Net.Http.HttpConnectionPool.SendWithVersionDetectionAndRetryAsync(HttpRequestMessage request, Boolean async, Boolean doRequestAuth, CancellationToken cancellationToken)
   at System.Net.Http.HttpMessageHandlerStage.SendAsync(HttpRequestMessage request, CancellationToken cancellationToken)
   at System.Net.Http.HttpMessageHandlerStage.SendAsync(HttpRequestMessage request, CancellationToken cancellationToken)
   at System.Net.Http.DiagnosticsHandler.SendAsyncCore(HttpRequestMessage request, Boolean async, CancellationToken cancellationToken)
   at System.Net.Http.RedirectHandler.SendAsync(HttpRequestMessage request, Boolean async, CancellationToken cancellationToken)
   at Microsoft.Extensions.Http.Logging.LoggingHttpMessageHandler.<SendCoreAsync>g__Core|4_0(HttpRequestMessage request, Boolean useAsync, CancellationToken cancellationToken)
   at Microsoft.Extensions.Http.Logging.LoggingScopeHttpMessageHandler.<SendCoreAsync>g__Core|4_0(HttpRequestMessage request, Boolean useAsync, CancellationToken cancellationToken)
   at System.Runtime.CompilerServices.RuntimeAsyncTaskContinuation.GetResult[T](Task task, Byte& result)
   at System.Net.Http.HttpClient.<SendAsync>g__Core|83_0(HttpRequestMessage request, HttpCompletionOption completionOption, CancellationTokenSource cts, Boolean disposeCts, CancellationTokenSource pendingRequestsCts, CancellationToken originalCancellationToken)
   at FishLink.API.Controllers.AgentGatewayController.GetPricePrediction(String species) in C:\Users\gajan\Desktop\SEF-assigment-01-main\SEF-assigment-01-main\FishLink.API\Controllers\AgentGatewayController.cs:line 147
2026-09-25 21:09:58.849 +05:30 [INF] System.Net.Http.HttpClient.Default.LogicalHandler HTTP request failed after 4116.173ms
System.Net.Http.HttpRequestException: No connection could be made because the target machine actively refused it. (localhost:8001)
 ---> System.Net.Sockets.SocketException (10061): No connection could be made because the target machine actively refused it.
   at System.Net.Sockets.Socket.AwaitableSocketAsyncEventArgs.ThrowException(SocketError error, CancellationToken cancellationToken)
   at System.Net.Sockets.Socket.AwaitableSocketAsyncEventArgs.System.Threading.Tasks.Sources.IValueTaskSource.GetResult(Int16 token)
   at System.Net.Http.HttpConnectionPool.ConnectToTcpHostAsync(String host, Int32 port, HttpRequestMessage initialRequest, Boolean async, Int64 connectionId, CancellationToken cancellationToken)
   --- End of inner exception stack trace ---
   at System.Net.Http.HttpConnectionPool.ConnectToTcpHostAsync(String host, Int32 port, HttpRequestMessage initialRequest, Boolean async, Int64 connectionId, CancellationToken cancellationToken)
   at System.Net.Http.HttpConnectionPool.ConnectAsync(HttpRequestMessage request, Boolean async, Boolean isForHttp2, CancellationToken cancellationToken)
   at System.Net.Http.HttpConnectionPool.CreateHttp11ConnectionAsync(HttpRequestMessage request, Boolean async, CancellationToken cancellationToken)
   at System.Net.Http.HttpConnectionPool.InjectNewHttp11ConnectionAsync(QueueItem queueItem)
   at System.Runtime.CompilerServices.RuntimeAsyncTaskContinuation.GetResult[T](Task task, Byte& result)
   at System.Threading.Tasks.TaskCompletionSourceWithCancellation`1.WaitWithCancellationAsync(CancellationToken cancellationToken)
   at System.Net.Http.HttpConnectionPool.SendWithVersionDetectionAndRetryAsync(HttpRequestMessage request, Boolean async, Boolean doRequestAuth, CancellationToken cancellationToken)
   at System.Net.Http.HttpMessageHandlerStage.SendAsync(HttpRequestMessage request, CancellationToken cancellationToken)
   at System.Net.Http.HttpMessageHandlerStage.SendAsync(HttpRequestMessage request, CancellationToken cancellationToken)
   at System.Net.Http.DiagnosticsHandler.SendAsyncCore(HttpRequestMessage request, Boolean async, CancellationToken cancellationToken)
   at System.Net.Http.RedirectHandler.SendAsync(HttpRequestMessage request, Boolean async, CancellationToken cancellationToken)
   at Microsoft.Extensions.Http.Logging.LoggingHttpMessageHandler.<SendCoreAsync>g__Core|4_0(HttpRequestMessage request, Boolean useAsync, CancellationToken cancellationToken)
   at Microsoft.Extensions.Http.Logging.LoggingScopeHttpMessageHandler.<SendCoreAsync>g__Core|4_0(HttpRequestMessage request, Boolean useAsync, CancellationToken cancellationToken)
2026-09-25 21:09:58.855 +05:30 [WRN] FishLink.API.Controllers.AgentGatewayController Price API unreachable for species Tuna (Yellowfin)
System.Net.Http.HttpRequestException: No connection could be made because the target machine actively refused it. (localhost:8001)
 ---> System.Net.Sockets.SocketException (10061): No connection could be made because the target machine actively refused it.
   at System.Net.Sockets.Socket.AwaitableSocketAsyncEventArgs.ThrowException(SocketError error, CancellationToken cancellationToken)
   at System.Net.Sockets.Socket.AwaitableSocketAsyncEventArgs.System.Threading.Tasks.Sources.IValueTaskSource.GetResult(Int16 token)
   at System.Net.Http.HttpConnectionPool.ConnectToTcpHostAsync(String host, Int32 port, HttpRequestMessage initialRequest, Boolean async, Int64 connectionId, CancellationToken cancellationToken)
   --- End of inner exception stack trace ---
   at System.Net.Http.HttpConnectionPool.ConnectToTcpHostAsync(String host, Int32 port, HttpRequestMessage initialRequest, Boolean async, Int64 connectionId, CancellationToken cancellationToken)
   at System.Net.Http.HttpConnectionPool.ConnectAsync(HttpRequestMessage request, Boolean async, Boolean isForHttp2, CancellationToken cancellationToken)
   at System.Net.Http.HttpConnectionPool.CreateHttp11ConnectionAsync(HttpRequestMessage request, Boolean async, CancellationToken cancellationToken)
   at System.Net.Http.HttpConnectionPool.InjectNewHttp11ConnectionAsync(QueueItem queueItem)
   at System.Runtime.CompilerServices.RuntimeAsyncTaskContinuation.GetResult[T](Task task, Byte& result)
   at System.Threading.Tasks.TaskCompletionSourceWithCancellation`1.WaitWithCancellationAsync(CancellationToken cancellationToken)
   at System.Net.Http.HttpConnectionPool.SendWithVersionDetectionAndRetryAsync(HttpRequestMessage request, Boolean async, Boolean doRequestAuth, CancellationToken cancellationToken)
   at System.Net.Http.HttpMessageHandlerStage.SendAsync(HttpRequestMessage request, CancellationToken cancellationToken)
   at System.Net.Http.HttpMessageHandlerStage.SendAsync(HttpRequestMessage request, CancellationToken cancellationToken)
   at System.Net.Http.DiagnosticsHandler.SendAsyncCore(HttpRequestMessage request, Boolean async, CancellationToken cancellationToken)
   at System.Net.Http.RedirectHandler.SendAsync(HttpRequestMessage request, Boolean async, CancellationToken cancellationToken)
   at System.Net.Http.HttpMessageHandlerStage.SendAsync(HttpRequestMessage request, CancellationToken cancellationToken)
   at System.Net.Http.SocketsHttpHandler.<SendAsync>g__CreateHandlerAndSendAsync|119_0(HttpRequestMessage request, CancellationToken cancellationToken)
   at Microsoft.Extensions.Http.Logging.LoggingHttpMessageHandler.<SendCoreAsync>g__Core|4_0(HttpRequestMessage request, Boolean useAsync, CancellationToken cancellationToken)
   at Microsoft.Extensions.Http.Logging.LoggingScopeHttpMessageHandler.<SendCoreAsync>g__Core|4_0(HttpRequestMessage request, Boolean useAsync, CancellationToken cancellationToken)
   at System.Runtime.CompilerServices.RuntimeAsyncTaskContinuation.GetResult[T](Task task, Byte& result)
   at System.Net.Http.HttpClient.<SendAsync>g__Core|83_0(HttpRequestMessage request, HttpCompletionOption completionOption, CancellationTokenSource cts, Boolean disposeCts, CancellationTokenSource pendingRequestsCts, CancellationToken originalCancellationToken)
   at FishLink.API.Controllers.AgentGatewayController.GetPricePrediction(String species) in C:\Users\gajan\Desktop\SEF-assigment-01-main\SEF-assigment-01-main\FishLink.API\Controllers\AgentGatewayController.cs:line 147
2026-09-25 21:09:58.865 +05:30 [ERR] Serilog.AspNetCore.RequestLoggingMiddleware HTTP GET /api/AgentGateway/prices/Trevally (Paraw)/predict responded 503 in 4142.636 ms
2026-09-25 21:09:58.871 +05:30 [ERR] Serilog.AspNetCore.RequestLoggingMiddleware HTTP GET /api/AgentGateway/prices/Skipjack/predict responded 503 in 4155.423 ms
2026-09-25 21:09:58.877 +05:30 [WRN] FishLink.API.Controllers.AgentGatewayController Price API unreachable for species Mackerel
System.Net.Http.HttpRequestException: No connection could be made because the target machine actively refused it. (localhost:8001)
 ---> System.Net.Sockets.SocketException (10061): No connection could be made because the target machine actively refused it.
   at System.Net.Sockets.Socket.AwaitableSocketAsyncEventArgs.ThrowException(SocketError error, CancellationToken cancellationToken)
   at System.Net.Sockets.Socket.AwaitableSocketAsyncEventArgs.System.Threading.Tasks.Sources.IValueTaskSource.GetResult(Int16 token)
   at System.Net.Http.HttpConnectionPool.ConnectToTcpHostAsync(String host, Int32 port, HttpRequestMessage initialRequest, Boolean async, Int64 connectionId, CancellationToken cancellationToken)
   --- End of inner exception stack trace ---
   at System.Net.Http.HttpConnectionPool.ConnectToTcpHostAsync(String host, Int32 port, HttpRequestMessage initialRequest, Boolean async, Int64 connectionId, CancellationToken cancellationToken)
   at System.Net.Http.HttpConnectionPool.ConnectAsync(HttpRequestMessage request, Boolean async, Boolean isForHttp2, CancellationToken cancellationToken)
   at System.Net.Http.HttpConnectionPool.CreateHttp11ConnectionAsync(HttpRequestMessage request, Boolean async, CancellationToken cancellationToken)
   at System.Net.Http.HttpConnectionPool.InjectNewHttp11ConnectionAsync(QueueItem queueItem)
   at System.Runtime.CompilerServices.RuntimeAsyncTaskContinuation.GetResult[T](Task task, Byte& result)
   at System.Threading.Tasks.TaskCompletionSourceWithCancellation`1.WaitWithCancellationAsync(CancellationToken cancellationToken)
   at System.Net.Http.HttpConnectionPool.SendWithVersionDetectionAndRetryAsync(HttpRequestMessage request, Boolean async, Boolean doRequestAuth, CancellationToken cancellationToken)
   at System.Net.Http.HttpMessageHandlerStage.SendAsync(HttpRequestMessage request, CancellationToken cancellationToken)
   at System.Net.Http.HttpMessageHandlerStage.SendAsync(HttpRequestMessage request, CancellationToken cancellationToken)
   at System.Net.Http.DiagnosticsHandler.SendAsyncCore(HttpRequestMessage request, Boolean async, CancellationToken cancellationToken)
   at System.Net.Http.RedirectHandler.SendAsync(HttpRequestMessage request, Boolean async, CancellationToken cancellationToken)
   at Microsoft.Extensions.Http.Logging.LoggingHttpMessageHandler.<SendCoreAsync>g__Core|4_0(HttpRequestMessage request, Boolean useAsync, CancellationToken cancellationToken)
   at Microsoft.Extensions.Http.Logging.LoggingScopeHttpMessageHandler.<SendCoreAsync>g__Core|4_0(HttpRequestMessage request, Boolean useAsync, CancellationToken cancellationToken)
   at System.Runtime.CompilerServices.RuntimeAsyncTaskContinuation.GetResult[T](Task task, Byte& result)
   at System.Net.Http.HttpClient.<SendAsync>g__Core|83_0(HttpRequestMessage request, HttpCompletionOption completionOption, CancellationTokenSource cts, Boolean disposeCts, CancellationTokenSource pendingRequestsCts, CancellationToken originalCancellationToken)
   at FishLink.API.Controllers.AgentGatewayController.GetPricePrediction(String species) in C:\Users\gajan\Desktop\SEF-assigment-01-main\SEF-assigment-01-main\FishLink.API\Controllers\AgentGatewayController.cs:line 147
2026-09-25 21:09:58.884 +05:30 [ERR] Serilog.AspNetCore.RequestLoggingMiddleware HTTP GET /api/AgentGateway/prices/Tuna (Yellowfin)/predict responded 503 in 4166.354 ms
2026-09-25 21:09:58.890 +05:30 [INF] System.Net.Http.HttpClient.Default.LogicalHandler Start processing HTTP request GET http://localhost:8001/api/prices/Trevally%20%28Paraw%29/predict
2026-09-25 21:09:58.894 +05:30 [INF] System.Net.Http.HttpClient.Default.LogicalHandler Start processing HTTP request GET http://localhost:8001/api/prices/Skipjack/predict
2026-09-25 21:09:58.900 +05:30 [ERR] Serilog.AspNetCore.RequestLoggingMiddleware HTTP GET /api/AgentGateway/prices/Mackerel/predict responded 503 in 4168.276 ms
2026-09-25 21:09:58.902 +05:30 [INF] System.Net.Http.HttpClient.Default.LogicalHandler Start processing HTTP request GET http://localhost:8001/api/prices/Tuna%20%28Yellowfin%29/predict
2026-09-25 21:09:58.904 +05:30 [INF] System.Net.Http.HttpClient.Default.ClientHandler Sending HTTP request GET http://localhost:8001/api/prices/Trevally%20%28Paraw%29/predict
2026-09-25 21:09:58.906 +05:30 [INF] System.Net.Http.HttpClient.Default.ClientHandler Sending HTTP request GET http://localhost:8001/api/prices/Skipjack/predict
2026-09-25 21:09:58.913 +05:30 [INF] System.Net.Http.HttpClient.Default.LogicalHandler Start processing HTTP request GET http://localhost:8001/api/prices/Mackerel/predict
2026-09-25 21:09:58.914 +05:30 [INF] System.Net.Http.HttpClient.Default.ClientHandler Sending HTTP request GET http://localhost:8001/api/prices/Tuna%20%28Yellowfin%29/predict
2026-09-25 21:09:58.924 +05:30 [INF] System.Net.Http.HttpClient.Default.ClientHandler Sending HTTP request GET http://localhost:8001/api/prices/Mackerel/predict
2026-09-25 21:10:02.961 +05:30 [INF] System.Net.Http.HttpClient.Default.ClientHandler HTTP request failed after 4045.2553ms
System.Net.Http.HttpRequestException: No connection could be made because the target machine actively refused it. (localhost:8001)
 ---> System.Net.Sockets.SocketException (10061): No connection could be made because the target machine actively refused it.
   at System.Net.Sockets.Socket.AwaitableSocketAsyncEventArgs.ThrowException(SocketError error, CancellationToken cancellationToken)
   at System.Net.Sockets.Socket.AwaitableSocketAsyncEventArgs.System.Threading.Tasks.Sources.IValueTaskSource.GetResult(Int16 token)
   at System.Net.Http.HttpConnectionPool.ConnectToTcpHostAsync(String host, Int32 port, HttpRequestMessage initialRequest, Boolean async, Int64 connectionId, CancellationToken cancellationToken)
   --- End of inner exception stack trace ---
   at System.Net.Http.HttpConnectionPool.ConnectToTcpHostAsync(String host, Int32 port, HttpRequestMessage initialRequest, Boolean async, Int64 connectionId, CancellationToken cancellationToken)
   at System.Net.Http.HttpConnectionPool.ConnectAsync(HttpRequestMessage request, Boolean async, Boolean isForHttp2, CancellationToken cancellationToken)
   at System.Net.Http.HttpConnectionPool.CreateHttp11ConnectionAsync(HttpRequestMessage request, Boolean async, CancellationToken cancellationToken)
   at System.Net.Http.HttpConnectionPool.InjectNewHttp11ConnectionAsync(QueueItem queueItem)
   at System.Runtime.CompilerServices.RuntimeAsyncTaskContinuation.GetResult[T](Task task, Byte& result)
   at System.Threading.Tasks.TaskCompletionSourceWithCancellation`1.WaitWithCancellationAsync(CancellationToken cancellationToken)
   at System.Net.Http.HttpConnectionPool.SendWithVersionDetectionAndRetryAsync(HttpRequestMessage request, Boolean async, Boolean doRequestAuth, CancellationToken cancellationToken)
   at System.Net.Http.HttpMessageHandlerStage.SendAsync(HttpRequestMessage request, CancellationToken cancellationToken)
   at System.Net.Http.HttpMessageHandlerStage.SendAsync(HttpRequestMessage request, CancellationToken cancellationToken)
   at System.Net.Http.DiagnosticsHandler.SendAsyncCore(HttpRequestMessage request, Boolean async, CancellationToken cancellationToken)
   at System.Net.Http.RedirectHandler.SendAsync(HttpRequestMessage request, Boolean async, CancellationToken cancellationToken)
   at Microsoft.Extensions.Http.Logging.LoggingHttpMessageHandler.<SendCoreAsync>g__Core|4_0(HttpRequestMessage request, Boolean useAsync, CancellationToken cancellationToken)
2026-09-25 21:10:02.961 +05:30 [INF] System.Net.Http.HttpClient.Default.ClientHandler HTTP request failed after 4042.2105ms
System.Net.Http.HttpRequestException: No connection could be made because the target machine actively refused it. (localhost:8001)
 ---> System.Net.Sockets.SocketException (10061): No connection could be made because the target machine actively refused it.
   at System.Net.Sockets.Socket.AwaitableSocketAsyncEventArgs.ThrowException(SocketError error, CancellationToken cancellationToken)
   at System.Net.Sockets.Socket.AwaitableSocketAsyncEventArgs.System.Threading.Tasks.Sources.IValueTaskSource.GetResult(Int16 token)
   at System.Net.Http.HttpConnectionPool.ConnectToTcpHostAsync(String host, Int32 port, HttpRequestMessage initialRequest, Boolean async, Int64 connectionId, CancellationToken cancellationToken)
   --- End of inner exception stack trace ---
   at System.Net.Http.HttpConnectionPool.ConnectToTcpHostAsync(String host, Int32 port, HttpRequestMessage initialRequest, Boolean async, Int64 connectionId, CancellationToken cancellationToken)
   at System.Net.Http.HttpConnectionPool.ConnectAsync(HttpRequestMessage request, Boolean async, Boolean isForHttp2, CancellationToken cancellationToken)
   at System.Net.Http.HttpConnectionPool.CreateHttp11ConnectionAsync(HttpRequestMessage request, Boolean async, CancellationToken cancellationToken)
   at System.Net.Http.HttpConnectionPool.InjectNewHttp11ConnectionAsync(QueueItem queueItem)
   at System.Runtime.CompilerServices.RuntimeAsyncTaskContinuation.GetResult[T](Task task, Byte& result)
   at System.Threading.Tasks.TaskCompletionSourceWithCancellation`1.WaitWithCancellationAsync(CancellationToken cancellationToken)
   at System.Net.Http.HttpConnectionPool.SendWithVersionDetectionAndRetryAsync(HttpRequestMessage request, Boolean async, Boolean doRequestAuth, CancellationToken cancellationToken)
   at System.Net.Http.HttpMessageHandlerStage.SendAsync(HttpRequestMessage request, CancellationToken cancellationToken)
   at System.Net.Http.HttpMessageHandlerStage.SendAsync(HttpRequestMessage request, CancellationToken cancellationToken)
   at System.Net.Http.DiagnosticsHandler.SendAsyncCore(HttpRequestMessage request, Boolean async, CancellationToken cancellationToken)
   at System.Net.Http.RedirectHandler.SendAsync(HttpRequestMessage request, Boolean async, CancellationToken cancellationToken)
   at Microsoft.Extensions.Http.Logging.LoggingHttpMessageHandler.<SendCoreAsync>g__Core|4_0(HttpRequestMessage request, Boolean useAsync, CancellationToken cancellationToken)
2026-09-25 21:10:02.968 +05:30 [INF] System.Net.Http.HttpClient.Default.LogicalHandler HTTP request failed after 4077.7759ms
System.Net.Http.HttpRequestException: No connection could be made because the target machine actively refused it. (localhost:8001)
 ---> System.Net.Sockets.SocketException (10061): No connection could be made because the target machine actively refused it.
   at System.Net.Sockets.Socket.AwaitableSocketAsyncEventArgs.ThrowException(SocketError error, CancellationToken cancellationToken)
   at System.Net.Sockets.Socket.AwaitableSocketAsyncEventArgs.System.Threading.Tasks.Sources.IValueTaskSource.GetResult(Int16 token)
   at System.Net.Http.HttpConnectionPool.ConnectToTcpHostAsync(String host, Int32 port, HttpRequestMessage initialRequest, Boolean async, Int64 connectionId, CancellationToken cancellationToken)
   --- End of inner exception stack trace ---
   at System.Net.Http.HttpConnectionPool.ConnectToTcpHostAsync(String host, Int32 port, HttpRequestMessage initialRequest, Boolean async, Int64 connectionId, CancellationToken cancellationToken)
   at System.Net.Http.HttpConnectionPool.ConnectAsync(HttpRequestMessage request, Boolean async, Boolean isForHttp2, CancellationToken cancellationToken)
   at System.Net.Http.HttpConnectionPool.CreateHttp11ConnectionAsync(HttpRequestMessage request, Boolean async, CancellationToken cancellationToken)
   at System.Net.Http.HttpConnectionPool.InjectNewHttp11ConnectionAsync(QueueItem queueItem)
   at System.Runtime.CompilerServices.RuntimeAsyncTaskContinuation.GetResult[T](Task task, Byte& result)
   at System.Threading.Tasks.TaskCompletionSourceWithCancellation`1.WaitWithCancellationAsync(CancellationToken cancellationToken)
   at System.Net.Http.HttpConnectionPool.SendWithVersionDetectionAndRetryAsync(HttpRequestMessage request, Boolean async, Boolean doRequestAuth, CancellationToken cancellationToken)
   at System.Net.Http.HttpMessageHandlerStage.SendAsync(HttpRequestMessage request, CancellationToken cancellationToken)
   at System.Net.Http.HttpMessageHandlerStage.SendAsync(HttpRequestMessage request, CancellationToken cancellationToken)
   at System.Net.Http.DiagnosticsHandler.SendAsyncCore(HttpRequestMessage request, Boolean async, CancellationToken cancellationToken)
   at System.Net.Http.RedirectHandler.SendAsync(HttpRequestMessage request, Boolean async, CancellationToken cancellationToken)
   at Microsoft.Extensions.Http.Logging.LoggingHttpMessageHandler.<SendCoreAsync>g__Core|4_0(HttpRequestMessage request, Boolean useAsync, CancellationToken cancellationToken)
   at Microsoft.Extensions.Http.Logging.LoggingScopeHttpMessageHandler.<SendCoreAsync>g__Core|4_0(HttpRequestMessage request, Boolean useAsync, CancellationToken cancellationToken)
2026-09-25 21:10:02.973 +05:30 [INF] System.Net.Http.HttpClient.Default.LogicalHandler HTTP request failed after 4078.665ms
System.Net.Http.HttpRequestException: No connection could be made because the target machine actively refused it. (localhost:8001)
 ---> System.Net.Sockets.SocketException (10061): No connection could be made because the target machine actively refused it.
   at System.Net.Sockets.Socket.AwaitableSocketAsyncEventArgs.ThrowException(SocketError error, CancellationToken cancellationToken)
   at System.Net.Sockets.Socket.AwaitableSocketAsyncEventArgs.System.Threading.Tasks.Sources.IValueTaskSource.GetResult(Int16 token)
   at System.Net.Http.HttpConnectionPool.ConnectToTcpHostAsync(String host, Int32 port, HttpRequestMessage initialRequest, Boolean async, Int64 connectionId, CancellationToken cancellationToken)
   --- End of inner exception stack trace ---
   at System.Net.Http.HttpConnectionPool.ConnectToTcpHostAsync(String host, Int32 port, HttpRequestMessage initialRequest, Boolean async, Int64 connectionId, CancellationToken cancellationToken)
   at System.Net.Http.HttpConnectionPool.ConnectAsync(HttpRequestMessage request, Boolean async, Boolean isForHttp2, CancellationToken cancellationToken)
   at System.Net.Http.HttpConnectionPool.CreateHttp11ConnectionAsync(HttpRequestMessage request, Boolean async, CancellationToken cancellationToken)
   at System.Net.Http.HttpConnectionPool.InjectNewHttp11ConnectionAsync(QueueItem queueItem)
   at System.Runtime.CompilerServices.RuntimeAsyncTaskContinuation.GetResult[T](Task task, Byte& result)
   at System.Threading.Tasks.TaskCompletionSourceWithCancellation`1.WaitWithCancellationAsync(CancellationToken cancellationToken)
   at System.Net.Http.HttpConnectionPool.SendWithVersionDetectionAndRetryAsync(HttpRequestMessage request, Boolean async, Boolean doRequestAuth, CancellationToken cancellationToken)
   at System.Net.Http.HttpMessageHandlerStage.SendAsync(HttpRequestMessage request, CancellationToken cancellationToken)
   at System.Net.Http.HttpMessageHandlerStage.SendAsync(HttpRequestMessage request, CancellationToken cancellationToken)
   at System.Net.Http.DiagnosticsHandler.SendAsyncCore(HttpRequestMessage request, Boolean async, CancellationToken cancellationToken)
   at System.Net.Http.RedirectHandler.SendAsync(HttpRequestMessage request, Boolean async, CancellationToken cancellationToken)
   at Microsoft.Extensions.Http.Logging.LoggingHttpMessageHandler.<SendCoreAsync>g__Core|4_0(HttpRequestMessage request, Boolean useAsync, CancellationToken cancellationToken)
   at Microsoft.Extensions.Http.Logging.LoggingScopeHttpMessageHandler.<SendCoreAsync>g__Core|4_0(HttpRequestMessage request, Boolean useAsync, CancellationToken cancellationToken)
2026-09-25 21:10:02.979 +05:30 [WRN] FishLink.API.Controllers.AgentGatewayController Price API unreachable for species Trevally (Paraw)
System.Net.Http.HttpRequestException: No connection could be made because the target machine actively refused it. (localhost:8001)
 ---> System.Net.Sockets.SocketException (10061): No connection could be made because the target machine actively refused it.
   at System.Net.Sockets.Socket.AwaitableSocketAsyncEventArgs.ThrowException(SocketError error, CancellationToken cancellationToken)
   at System.Net.Sockets.Socket.AwaitableSocketAsyncEventArgs.System.Threading.Tasks.Sources.IValueTaskSource.GetResult(Int16 token)
   at System.Net.Http.HttpConnectionPool.ConnectToTcpHostAsync(String host, Int32 port, HttpRequestMessage initialRequest, Boolean async, Int64 connectionId, CancellationToken cancellationToken)
   --- End of inner exception stack trace ---
   at System.Net.Http.HttpConnectionPool.ConnectToTcpHostAsync(String host, Int32 port, HttpRequestMessage initialRequest, Boolean async, Int64 connectionId, CancellationToken cancellationToken)
   at System.Net.Http.HttpConnectionPool.ConnectAsync(HttpRequestMessage request, Boolean async, Boolean isForHttp2, CancellationToken cancellationToken)
   at System.Net.Http.HttpConnectionPool.CreateHttp11ConnectionAsync(HttpRequestMessage request, Boolean async, CancellationToken cancellationToken)
   at System.Net.Http.HttpConnectionPool.InjectNewHttp11ConnectionAsync(QueueItem queueItem)
   at System.Runtime.CompilerServices.RuntimeAsyncTaskContinuation.GetResult[T](Task task, Byte& result)
   at System.Threading.Tasks.TaskCompletionSourceWithCancellation`1.WaitWithCancellationAsync(CancellationToken cancellationToken)
   at System.Net.Http.HttpConnectionPool.SendWithVersionDetectionAndRetryAsync(HttpRequestMessage request, Boolean async, Boolean doRequestAuth, CancellationToken cancellationToken)
   at System.Net.Http.HttpMessageHandlerStage.SendAsync(HttpRequestMessage request, CancellationToken cancellationToken)
   at System.Net.Http.HttpMessageHandlerStage.SendAsync(HttpRequestMessage request, CancellationToken cancellationToken)
   at System.Net.Http.DiagnosticsHandler.SendAsyncCore(HttpRequestMessage request, Boolean async, CancellationToken cancellationToken)
   at System.Net.Http.RedirectHandler.SendAsync(HttpRequestMessage request, Boolean async, CancellationToken cancellationToken)
   at Microsoft.Extensions.Http.Logging.LoggingHttpMessageHandler.<SendCoreAsync>g__Core|4_0(HttpRequestMessage request, Boolean useAsync, CancellationToken cancellationToken)
   at Microsoft.Extensions.Http.Logging.LoggingScopeHttpMessageHandler.<SendCoreAsync>g__Core|4_0(HttpRequestMessage request, Boolean useAsync, CancellationToken cancellationToken)
   at System.Runtime.CompilerServices.RuntimeAsyncTaskContinuation.GetResult[T](Task task, Byte& result)
   at System.Net.Http.HttpClient.<SendAsync>g__Core|83_0(HttpRequestMessage request, HttpCompletionOption completionOption, CancellationTokenSource cts, Boolean disposeCts, CancellationTokenSource pendingRequestsCts, CancellationToken originalCancellationToken)
   at FishLink.API.Controllers.AgentGatewayController.GetPricePrediction(String species) in C:\Users\gajan\Desktop\SEF-assigment-01-main\SEF-assigment-01-main\FishLink.API\Controllers\AgentGatewayController.cs:line 147
2026-09-25 21:10:02.984 +05:30 [WRN] FishLink.API.Controllers.AgentGatewayController Price API unreachable for species Skipjack
System.Net.Http.HttpRequestException: No connection could be made because the target machine actively refused it. (localhost:8001)
 ---> System.Net.Sockets.SocketException (10061): No connection could be made because the target machine actively refused it.
   at System.Net.Sockets.Socket.AwaitableSocketAsyncEventArgs.ThrowException(SocketError error, CancellationToken cancellationToken)
   at System.Net.Sockets.Socket.AwaitableSocketAsyncEventArgs.System.Threading.Tasks.Sources.IValueTaskSource.GetResult(Int16 token)
   at System.Net.Http.HttpConnectionPool.ConnectToTcpHostAsync(String host, Int32 port, HttpRequestMessage initialRequest, Boolean async, Int64 connectionId, CancellationToken cancellationToken)
   --- End of inner exception stack trace ---
   at System.Net.Http.HttpConnectionPool.ConnectToTcpHostAsync(String host, Int32 port, HttpRequestMessage initialRequest, Boolean async, Int64 connectionId, CancellationToken cancellationToken)
   at System.Net.Http.HttpConnectionPool.ConnectAsync(HttpRequestMessage request, Boolean async, Boolean isForHttp2, CancellationToken cancellationToken)
   at System.Net.Http.HttpConnectionPool.CreateHttp11ConnectionAsync(HttpRequestMessage request, Boolean async, CancellationToken cancellationToken)
   at System.Net.Http.HttpConnectionPool.InjectNewHttp11ConnectionAsync(QueueItem queueItem)
   at System.Runtime.CompilerServices.RuntimeAsyncTaskContinuation.GetResult[T](Task task, Byte& result)
   at System.Threading.Tasks.TaskCompletionSourceWithCancellation`1.WaitWithCancellationAsync(CancellationToken cancellationToken)
   at System.Net.Http.HttpConnectionPool.SendWithVersionDetectionAndRetryAsync(HttpRequestMessage request, Boolean async, Boolean doRequestAuth, CancellationToken cancellationToken)
   at System.Net.Http.HttpMessageHandlerStage.SendAsync(HttpRequestMessage request, CancellationToken cancellationToken)
   at System.Net.Http.HttpMessageHandlerStage.SendAsync(HttpRequestMessage request, CancellationToken cancellationToken)
   at System.Net.Http.DiagnosticsHandler.SendAsyncCore(HttpRequestMessage request, Boolean async, CancellationToken cancellationToken)
   at System.Net.Http.RedirectHandler.SendAsync(HttpRequestMessage request, Boolean async, CancellationToken cancellationToken)
   at Microsoft.Extensions.Http.Logging.LoggingHttpMessageHandler.<SendCoreAsync>g__Core|4_0(HttpRequestMessage request, Boolean useAsync, CancellationToken cancellationToken)
   at Microsoft.Extensions.Http.Logging.LoggingScopeHttpMessageHandler.<SendCoreAsync>g__Core|4_0(HttpRequestMessage request, Boolean useAsync, CancellationToken cancellationToken)
   at System.Runtime.CompilerServices.RuntimeAsyncTaskContinuation.GetResult[T](Task task, Byte& result)
   at System.Net.Http.HttpClient.<SendAsync>g__Core|83_0(HttpRequestMessage request, HttpCompletionOption completionOption, CancellationTokenSource cts, Boolean disposeCts, CancellationTokenSource pendingRequestsCts, CancellationToken originalCancellationToken)
   at FishLink.API.Controllers.AgentGatewayController.GetPricePrediction(String species) in C:\Users\gajan\Desktop\SEF-assigment-01-main\SEF-assigment-01-main\FishLink.API\Controllers\AgentGatewayController.cs:line 147
2026-09-25 21:10:02.994 +05:30 [ERR] Serilog.AspNetCore.RequestLoggingMiddleware HTTP GET /api/AgentGateway/prices/Trevally (Paraw)/predict responded 503 in 4105.701 ms
2026-09-25 21:10:02.997 +05:30 [INF] System.Net.Http.HttpClient.Default.ClientHandler HTTP request failed after 4071.2873ms
System.Net.Http.HttpRequestException: No connection could be made because the target machine actively refused it. (localhost:8001)
 ---> System.Net.Sockets.SocketException (10061): No connection could be made because the target machine actively refused it.
   at System.Net.Sockets.Socket.AwaitableSocketAsyncEventArgs.ThrowException(SocketError error, CancellationToken cancellationToken)
   at System.Net.Sockets.Socket.AwaitableSocketAsyncEventArgs.System.Threading.Tasks.Sources.IValueTaskSource.GetResult(Int16 token)
   at System.Net.Http.HttpConnectionPool.ConnectToTcpHostAsync(String host, Int32 port, HttpRequestMessage initialRequest, Boolean async, Int64 connectionId, CancellationToken cancellationToken)
   --- End of inner exception stack trace ---
   at System.Net.Http.HttpConnectionPool.ConnectToTcpHostAsync(String host, Int32 port, HttpRequestMessage initialRequest, Boolean async, Int64 connectionId, CancellationToken cancellationToken)
   at System.Net.Http.HttpConnectionPool.ConnectAsync(HttpRequestMessage request, Boolean async, Boolean isForHttp2, CancellationToken cancellationToken)
   at System.Net.Http.HttpConnectionPool.CreateHttp11ConnectionAsync(HttpRequestMessage request, Boolean async, CancellationToken cancellationToken)
   at System.Net.Http.HttpConnectionPool.InjectNewHttp11ConnectionAsync(QueueItem queueItem)
   at System.Runtime.CompilerServices.RuntimeAsyncTaskContinuation.GetResult[T](Task task, Byte& result)
   at System.Threading.Tasks.TaskCompletionSourceWithCancellation`1.WaitWithCancellationAsync(CancellationToken cancellationToken)
   at System.Net.Http.HttpConnectionPool.SendWithVersionDetectionAndRetryAsync(HttpRequestMessage request, Boolean async, Boolean doRequestAuth, CancellationToken cancellationToken)
   at System.Net.Http.HttpMessageHandlerStage.SendAsync(HttpRequestMessage request, CancellationToken cancellationToken)
   at System.Net.Http.HttpMessageHandlerStage.SendAsync(HttpRequestMessage request, CancellationToken cancellationToken)
   at System.Net.Http.DiagnosticsHandler.SendAsyncCore(HttpRequestMessage request, Boolean async, CancellationToken cancellationToken)
   at System.Net.Http.RedirectHandler.SendAsync(HttpRequestMessage request, Boolean async, CancellationToken cancellationToken)
   at Microsoft.Extensions.Http.Logging.LoggingHttpMessageHandler.<SendCoreAsync>g__Core|4_0(HttpRequestMessage request, Boolean useAsync, CancellationToken cancellationToken)
2026-09-25 21:10:02.999 +05:30 [INF] System.Net.Http.HttpClient.Default.ClientHandler HTTP request failed after 4068.8676ms
System.Net.Http.HttpRequestException: No connection could be made because the target machine actively refused it. (localhost:8001)
 ---> System.Net.Sockets.SocketException (10061): No connection could be made because the target machine actively refused it.
   at System.Net.Sockets.Socket.AwaitableSocketAsyncEventArgs.ThrowException(SocketError error, CancellationToken cancellationToken)
   at System.Net.Sockets.Socket.AwaitableSocketAsyncEventArgs.System.Threading.Tasks.Sources.IValueTaskSource.GetResult(Int16 token)
   at System.Net.Http.HttpConnectionPool.ConnectToTcpHostAsync(String host, Int32 port, HttpRequestMessage initialRequest, Boolean async, Int64 connectionId, CancellationToken cancellationToken)
   --- End of inner exception stack trace ---
   at System.Net.Http.HttpConnectionPool.ConnectToTcpHostAsync(String host, Int32 port, HttpRequestMessage initialRequest, Boolean async, Int64 connectionId, CancellationToken cancellationToken)
   at System.Net.Http.HttpConnectionPool.ConnectAsync(HttpRequestMessage request, Boolean async, Boolean isForHttp2, CancellationToken cancellationToken)
   at System.Net.Http.HttpConnectionPool.CreateHttp11ConnectionAsync(HttpRequestMessage request, Boolean async, CancellationToken cancellationToken)
   at System.Net.Http.HttpConnectionPool.InjectNewHttp11ConnectionAsync(QueueItem queueItem)
   at System.Runtime.CompilerServices.RuntimeAsyncTaskContinuation.GetResult[T](Task task, Byte& result)
   at System.Threading.Tasks.TaskCompletionSourceWithCancellation`1.WaitWithCancellationAsync(CancellationToken cancellationToken)
   at System.Net.Http.HttpConnectionPool.SendWithVersionDetectionAndRetryAsync(HttpRequestMessage request, Boolean async, Boolean doRequestAuth, CancellationToken cancellationToken)
   at System.Net.Http.HttpMessageHandlerStage.SendAsync(HttpRequestMessage request, CancellationToken cancellationToken)
   at System.Net.Http.HttpMessageHandlerStage.SendAsync(HttpRequestMessage request, CancellationToken cancellationToken)
   at System.Net.Http.DiagnosticsHandler.SendAsyncCore(HttpRequestMessage request, Boolean async, CancellationToken cancellationToken)
   at System.Net.Http.RedirectHandler.SendAsync(HttpRequestMessage request, Boolean async, CancellationToken cancellationToken)
   at Microsoft.Extensions.Http.Logging.LoggingHttpMessageHandler.<SendCoreAsync>g__Core|4_0(HttpRequestMessage request, Boolean useAsync, CancellationToken cancellationToken)
2026-09-25 21:10:03.151 +05:30 [ERR] Serilog.AspNetCore.RequestLoggingMiddleware HTTP GET /api/AgentGateway/prices/Skipjack/predict responded 503 in 4259.000 ms
2026-09-25 21:10:03.161 +05:30 [INF] System.Net.Http.HttpClient.Default.LogicalHandler HTTP request failed after 4258.9796ms
System.Net.Http.HttpRequestException: No connection could be made because the target machine actively refused it. (localhost:8001)
 ---> System.Net.Sockets.SocketException (10061): No connection could be made because the target machine actively refused it.
   at System.Net.Sockets.Socket.AwaitableSocketAsyncEventArgs.ThrowException(SocketError error, CancellationToken cancellationToken)
   at System.Net.Sockets.Socket.AwaitableSocketAsyncEventArgs.System.Threading.Tasks.Sources.IValueTaskSource.GetResult(Int16 token)
   at System.Net.Http.HttpConnectionPool.ConnectToTcpHostAsync(String host, Int32 port, HttpRequestMessage initialRequest, Boolean async, Int64 connectionId, CancellationToken cancellationToken)
   --- End of inner exception stack trace ---
   at System.Net.Http.HttpConnectionPool.ConnectToTcpHostAsync(String host, Int32 port, HttpRequestMessage initialRequest, Boolean async, Int64 connectionId, CancellationToken cancellationToken)
   at System.Net.Http.HttpConnectionPool.ConnectAsync(HttpRequestMessage request, Boolean async, Boolean isForHttp2, CancellationToken cancellationToken)
   at System.Net.Http.HttpConnectionPool.CreateHttp11ConnectionAsync(HttpRequestMessage request, Boolean async, CancellationToken cancellationToken)
   at System.Net.Http.HttpConnectionPool.InjectNewHttp11ConnectionAsync(QueueItem queueItem)
   at System.Runtime.CompilerServices.RuntimeAsyncTaskContinuation.GetResult[T](Task task, Byte& result)
   at System.Threading.Tasks.TaskCompletionSourceWithCancellation`1.WaitWithCancellationAsync(CancellationToken cancellationToken)
   at System.Net.Http.HttpConnectionPool.SendWithVersionDetectionAndRetryAsync(HttpRequestMessage request, Boolean async, Boolean doRequestAuth, CancellationToken cancellationToken)
   at System.Net.Http.HttpMessageHandlerStage.SendAsync(HttpRequestMessage request, CancellationToken cancellationToken)
   at System.Net.Http.HttpMessageHandlerStage.SendAsync(HttpRequestMessage request, CancellationToken cancellationToken)
   at System.Net.Http.DiagnosticsHandler.SendAsyncCore(HttpRequestMessage request, Boolean async, CancellationToken cancellationToken)
   at System.Net.Http.RedirectHandler.SendAsync(HttpRequestMessage request, Boolean async, CancellationToken cancellationToken)
   at Microsoft.Extensions.Http.Logging.LoggingHttpMessageHandler.<SendCoreAsync>g__Core|4_0(HttpRequestMessage request, Boolean useAsync, CancellationToken cancellationToken)
   at Microsoft.Extensions.Http.Logging.LoggingScopeHttpMessageHandler.<SendCoreAsync>g__Core|4_0(HttpRequestMessage request, Boolean useAsync, CancellationToken cancellationToken)
2026-09-25 21:10:03.190 +05:30 [INF] System.Net.Http.HttpClient.Default.LogicalHandler HTTP request failed after 4276.8657ms
System.Net.Http.HttpRequestException: No connection could be made because the target machine actively refused it. (localhost:8001)
 ---> System.Net.Sockets.SocketException (10061): No connection could be made because the target machine actively refused it.
   at System.Net.Sockets.Socket.AwaitableSocketAsyncEventArgs.ThrowException(SocketError error, CancellationToken cancellationToken)
   at System.Net.Sockets.Socket.AwaitableSocketAsyncEventArgs.System.Threading.Tasks.Sources.IValueTaskSource.GetResult(Int16 token)
   at System.Net.Http.HttpConnectionPool.ConnectToTcpHostAsync(String host, Int32 port, HttpRequestMessage initialRequest, Boolean async, Int64 connectionId, CancellationToken cancellationToken)
   --- End of inner exception stack trace ---
   at System.Net.Http.HttpConnectionPool.ConnectToTcpHostAsync(String host, Int32 port, HttpRequestMessage initialRequest, Boolean async, Int64 connectionId, CancellationToken cancellationToken)
   at System.Net.Http.HttpConnectionPool.ConnectAsync(HttpRequestMessage request, Boolean async, Boolean isForHttp2, CancellationToken cancellationToken)
   at System.Net.Http.HttpConnectionPool.CreateHttp11ConnectionAsync(HttpRequestMessage request, Boolean async, CancellationToken cancellationToken)
   at System.Net.Http.HttpConnectionPool.InjectNewHttp11ConnectionAsync(QueueItem queueItem)
   at System.Runtime.CompilerServices.RuntimeAsyncTaskContinuation.GetResult[T](Task task, Byte& result)
   at System.Threading.Tasks.TaskCompletionSourceWithCancellation`1.WaitWithCancellationAsync(CancellationToken cancellationToken)
   at System.Net.Http.HttpConnectionPool.SendWithVersionDetectionAndRetryAsync(HttpRequestMessage request, Boolean async, Boolean doRequestAuth, CancellationToken cancellationToken)
   at System.Net.Http.HttpMessageHandlerStage.SendAsync(HttpRequestMessage request, CancellationToken cancellationToken)
   at System.Net.Http.HttpMessageHandlerStage.SendAsync(HttpRequestMessage request, CancellationToken cancellationToken)
   at System.Net.Http.DiagnosticsHandler.SendAsyncCore(HttpRequestMessage request, Boolean async, CancellationToken cancellationToken)
   at System.Net.Http.RedirectHandler.SendAsync(HttpRequestMessage request, Boolean async, CancellationToken cancellationToken)
   at Microsoft.Extensions.Http.Logging.LoggingHttpMessageHandler.<SendCoreAsync>g__Core|4_0(HttpRequestMessage request, Boolean useAsync, CancellationToken cancellationToken)
   at Microsoft.Extensions.Http.Logging.LoggingScopeHttpMessageHandler.<SendCoreAsync>g__Core|4_0(HttpRequestMessage request, Boolean useAsync, CancellationToken cancellationToken)
2026-09-25 21:10:03.200 +05:30 [WRN] FishLink.API.Controllers.AgentGatewayController Price API unreachable for species Tuna (Yellowfin)
System.Net.Http.HttpRequestException: No connection could be made because the target machine actively refused it. (localhost:8001)
 ---> System.Net.Sockets.SocketException (10061): No connection could be made because the target machine actively refused it.
   at System.Net.Sockets.Socket.AwaitableSocketAsyncEventArgs.ThrowException(SocketError error, CancellationToken cancellationToken)
   at System.Net.Sockets.Socket.AwaitableSocketAsyncEventArgs.System.Threading.Tasks.Sources.IValueTaskSource.GetResult(Int16 token)
   at System.Net.Http.HttpConnectionPool.ConnectToTcpHostAsync(String host, Int32 port, HttpRequestMessage initialRequest, Boolean async, Int64 connectionId, CancellationToken cancellationToken)
   --- End of inner exception stack trace ---
   at System.Net.Http.HttpConnectionPool.ConnectToTcpHostAsync(String host, Int32 port, HttpRequestMessage initialRequest, Boolean async, Int64 connectionId, CancellationToken cancellationToken)
   at System.Net.Http.HttpConnectionPool.ConnectAsync(HttpRequestMessage request, Boolean async, Boolean isForHttp2, CancellationToken cancellationToken)
   at System.Net.Http.HttpConnectionPool.CreateHttp11ConnectionAsync(HttpRequestMessage request, Boolean async, CancellationToken cancellationToken)
   at System.Net.Http.HttpConnectionPool.InjectNewHttp11ConnectionAsync(QueueItem queueItem)
   at System.Runtime.CompilerServices.RuntimeAsyncTaskContinuation.GetResult[T](Task task, Byte& result)
   at System.Threading.Tasks.TaskCompletionSourceWithCancellation`1.WaitWithCancellationAsync(CancellationToken cancellationToken)
   at System.Net.Http.HttpConnectionPool.SendWithVersionDetectionAndRetryAsync(HttpRequestMessage request, Boolean async, Boolean doRequestAuth, CancellationToken cancellationToken)
   at System.Net.Http.HttpMessageHandlerStage.SendAsync(HttpRequestMessage request, CancellationToken cancellationToken)
   at System.Net.Http.HttpMessageHandlerStage.SendAsync(HttpRequestMessage request, CancellationToken cancellationToken)
   at System.Net.Http.DiagnosticsHandler.SendAsyncCore(HttpRequestMessage request, Boolean async, CancellationToken cancellationToken)
   at System.Net.Http.RedirectHandler.SendAsync(HttpRequestMessage request, Boolean async, CancellationToken cancellationToken)
   at Microsoft.Extensions.Http.Logging.LoggingHttpMessageHandler.<SendCoreAsync>g__Core|4_0(HttpRequestMessage request, Boolean useAsync, CancellationToken cancellationToken)
   at Microsoft.Extensions.Http.Logging.LoggingScopeHttpMessageHandler.<SendCoreAsync>g__Core|4_0(HttpRequestMessage request, Boolean useAsync, CancellationToken cancellationToken)
   at System.Runtime.CompilerServices.RuntimeAsyncTaskContinuation.GetResult[T](Task task, Byte& result)
   at System.Net.Http.HttpClient.<SendAsync>g__Core|83_0(HttpRequestMessage request, HttpCompletionOption completionOption, CancellationTokenSource cts, Boolean disposeCts, CancellationTokenSource pendingRequestsCts, CancellationToken originalCancellationToken)
   at FishLink.API.Controllers.AgentGatewayController.GetPricePrediction(String species) in C:\Users\gajan\Desktop\SEF-assigment-01-main\SEF-assigment-01-main\FishLink.API\Controllers\AgentGatewayController.cs:line 147
2026-09-25 21:10:03.207 +05:30 [WRN] FishLink.API.Controllers.AgentGatewayController Price API unreachable for species Mackerel
System.Net.Http.HttpRequestException: No connection could be made because the target machine actively refused it. (localhost:8001)
 ---> System.Net.Sockets.SocketException (10061): No connection could be made because the target machine actively refused it.
   at System.Net.Sockets.Socket.AwaitableSocketAsyncEventArgs.ThrowException(SocketError error, CancellationToken cancellationToken)
   at System.Net.Sockets.Socket.AwaitableSocketAsyncEventArgs.System.Threading.Tasks.Sources.IValueTaskSource.GetResult(Int16 token)
   at System.Net.Http.HttpConnectionPool.ConnectToTcpHostAsync(String host, Int32 port, HttpRequestMessage initialRequest, Boolean async, Int64 connectionId, CancellationToken cancellationToken)
   --- End of inner exception stack trace ---
   at System.Net.Http.HttpConnectionPool.ConnectToTcpHostAsync(String host, Int32 port, HttpRequestMessage initialRequest, Boolean async, Int64 connectionId, CancellationToken cancellationToken)
   at System.Net.Http.HttpConnectionPool.ConnectAsync(HttpRequestMessage request, Boolean async, Boolean isForHttp2, CancellationToken cancellationToken)
   at System.Net.Http.HttpConnectionPool.CreateHttp11ConnectionAsync(HttpRequestMessage request, Boolean async, CancellationToken cancellationToken)
   at System.Net.Http.HttpConnectionPool.InjectNewHttp11ConnectionAsync(QueueItem queueItem)
   at System.Runtime.CompilerServices.RuntimeAsyncTaskContinuation.GetResult[T](Task task, Byte& result)
   at System.Threading.Tasks.TaskCompletionSourceWithCancellation`1.WaitWithCancellationAsync(CancellationToken cancellationToken)
   at System.Net.Http.HttpConnectionPool.SendWithVersionDetectionAndRetryAsync(HttpRequestMessage request, Boolean async, Boolean doRequestAuth, CancellationToken cancellationToken)
   at System.Net.Http.HttpMessageHandlerStage.SendAsync(HttpRequestMessage request, CancellationToken cancellationToken)
   at System.Net.Http.HttpMessageHandlerStage.SendAsync(HttpRequestMessage request, CancellationToken cancellationToken)
   at System.Net.Http.DiagnosticsHandler.SendAsyncCore(HttpRequestMessage request, Boolean async, CancellationToken cancellationToken)
   at System.Net.Http.RedirectHandler.SendAsync(HttpRequestMessage request, Boolean async, CancellationToken cancellationToken)
   at Microsoft.Extensions.Http.Logging.LoggingHttpMessageHandler.<SendCoreAsync>g__Core|4_0(HttpRequestMessage request, Boolean useAsync, CancellationToken cancellationToken)
   at Microsoft.Extensions.Http.Logging.LoggingScopeHttpMessageHandler.<SendCoreAsync>g__Core|4_0(HttpRequestMessage request, Boolean useAsync, CancellationToken cancellationToken)
   at System.Runtime.CompilerServices.RuntimeAsyncTaskContinuation.GetResult[T](Task task, Byte& result)
   at System.Net.Http.HttpClient.<SendAsync>g__Core|83_0(HttpRequestMessage request, HttpCompletionOption completionOption, CancellationTokenSource cts, Boolean disposeCts, CancellationTokenSource pendingRequestsCts, CancellationToken originalCancellationToken)
   at FishLink.API.Controllers.AgentGatewayController.GetPricePrediction(String species) in C:\Users\gajan\Desktop\SEF-assigment-01-main\SEF-assigment-01-main\FishLink.API\Controllers\AgentGatewayController.cs:line 147
2026-09-25 21:10:03.215 +05:30 [ERR] Serilog.AspNetCore.RequestLoggingMiddleware HTTP GET /api/AgentGateway/prices/Tuna (Yellowfin)/predict responded 503 in 4313.704 ms
2026-09-25 21:10:03.223 +05:30 [ERR] Serilog.AspNetCore.RequestLoggingMiddleware HTTP GET /api/AgentGateway/prices/Mackerel/predict responded 503 in 4310.035 ms
2026-09-25 21:11:42.744 +05:30 [INF] Serilog.AspNetCore.RequestLoggingMiddleware HTTP OPTIONS /api/Catches responded 204 in 0.156 ms
2026-09-25 21:11:42.745 +05:30 [INF] Serilog.AspNetCore.RequestLoggingMiddleware HTTP OPTIONS /api/Catches responded 204 in 0.046 ms
2026-09-25 21:11:42.763 +05:30 [INF] FishLink.API.Services.CatchService GetCatches: 4 results, page 1/1
2026-09-25 21:11:42.766 +05:30 [INF] Serilog.AspNetCore.RequestLoggingMiddleware HTTP GET /api/Catches responded 200 in 11.675 ms
2026-09-25 21:11:42.775 +05:30 [INF] FishLink.API.Services.CatchService GetCatches: 4 results, page 1/1
2026-09-25 21:11:42.782 +05:30 [INF] Serilog.AspNetCore.RequestLoggingMiddleware HTTP GET /api/Catches responded 200 in 13.353 ms
2026-09-25 21:11:42.809 +05:30 [INF] Serilog.AspNetCore.RequestLoggingMiddleware HTTP OPTIONS /api/Bids/catch/1 responded 204 in 0.035 ms
2026-09-25 21:11:42.809 +05:30 [INF] Serilog.AspNetCore.RequestLoggingMiddleware HTTP OPTIONS /api/Bids/catch/1 responded 204 in 0.007 ms
2026-09-25 21:11:42.832 +05:30 [INF] Serilog.AspNetCore.RequestLoggingMiddleware HTTP GET /api/Bids/catch/1 responded 200 in 4.733 ms
2026-09-25 21:11:42.839 +05:30 [INF] Serilog.AspNetCore.RequestLoggingMiddleware HTTP GET /api/Bids/catch/1 responded 200 in 5.219 ms
2026-09-25 21:21:34.557 +05:30 [INF] Serilog.AspNetCore.RequestLoggingMiddleware HTTP OPTIONS /api/AgentGateway/prices/Tuna (Yellowfin)/predict responded 204 in 0.264 ms
2026-09-25 21:21:34.560 +05:30 [INF] Serilog.AspNetCore.RequestLoggingMiddleware HTTP OPTIONS /api/AgentGateway/prices/Skipjack/predict responded 204 in 0.042 ms
2026-09-25 21:21:34.565 +05:30 [INF] Serilog.AspNetCore.RequestLoggingMiddleware HTTP OPTIONS /api/AgentGateway/prices/Trevally (Paraw)/predict responded 204 in 0.041 ms
2026-09-25 21:21:34.568 +05:30 [INF] Serilog.AspNetCore.RequestLoggingMiddleware HTTP OPTIONS /api/AgentGateway/prices/Skipjack/predict responded 204 in 0.045 ms
2026-09-25 21:21:34.570 +05:30 [INF] Serilog.AspNetCore.RequestLoggingMiddleware HTTP OPTIONS /api/AgentGateway/prices/Mackerel/predict responded 204 in 0.051 ms
2026-09-25 21:21:34.572 +05:30 [INF] Serilog.AspNetCore.RequestLoggingMiddleware HTTP OPTIONS /api/Catches/market-stats responded 204 in 0.046 ms
2026-09-25 21:21:34.572 +05:30 [INF] Serilog.AspNetCore.RequestLoggingMiddleware HTTP OPTIONS /api/AgentGateway/prices/Tuna (Yellowfin)/predict responded 204 in 0.014 ms
2026-09-25 21:21:34.574 +05:30 [INF] Serilog.AspNetCore.RequestLoggingMiddleware HTTP OPTIONS /api/AgentGateway/prices/Trevally (Paraw)/predict responded 204 in 0.048 ms
2026-09-25 21:21:34.577 +05:30 [INF] Serilog.AspNetCore.RequestLoggingMiddleware HTTP OPTIONS /api/AgentGateway/prices/Mackerel/predict responded 204 in 0.045 ms
2026-09-25 21:21:34.588 +05:30 [INF] Serilog.AspNetCore.RequestLoggingMiddleware HTTP OPTIONS /api/Catches/market-stats responded 204 in 0.057 ms
2026-09-25 21:21:34.592 +05:30 [INF] System.Net.Http.HttpClient.Default.LogicalHandler Start processing HTTP request GET http://localhost:8001/api/prices/Tuna%20%28Yellowfin%29/predict
2026-09-25 21:21:34.594 +05:30 [INF] System.Net.Http.HttpClient.Default.LogicalHandler Start processing HTTP request GET http://localhost:8001/api/prices/Skipjack/predict
2026-09-25 21:21:34.606 +05:30 [INF] System.Net.Http.HttpClient.Default.LogicalHandler Start processing HTTP request GET http://localhost:8001/api/prices/Mackerel/predict
2026-09-25 21:21:34.606 +05:30 [INF] System.Net.Http.HttpClient.Default.LogicalHandler Start processing HTTP request GET http://localhost:8001/api/prices/Trevally%20%28Paraw%29/predict
2026-09-25 21:21:34.615 +05:30 [INF] System.Net.Http.HttpClient.Default.ClientHandler Sending HTTP request GET http://localhost:8001/api/prices/Tuna%20%28Yellowfin%29/predict
2026-09-25 21:21:34.623 +05:30 [INF] System.Net.Http.HttpClient.Default.ClientHandler Sending HTTP request GET http://localhost:8001/api/prices/Skipjack/predict
2026-09-25 21:21:34.625 +05:30 [INF] System.Net.Http.HttpClient.Default.ClientHandler Sending HTTP request GET http://localhost:8001/api/prices/Mackerel/predict
2026-09-25 21:21:34.630 +05:30 [INF] System.Net.Http.HttpClient.Default.ClientHandler Sending HTTP request GET http://localhost:8001/api/prices/Trevally%20%28Paraw%29/predict
2026-09-25 21:21:34.745 +05:30 [INF] Serilog.AspNetCore.RequestLoggingMiddleware HTTP GET /api/Catches/market-stats responded 200 in 137.316 ms
2026-09-25 21:21:34.756 +05:30 [INF] Serilog.AspNetCore.RequestLoggingMiddleware HTTP GET /api/Catches/market-stats responded 200 in 6.418 ms
2026-09-25 21:21:38.732 +05:30 [INF] System.Net.Http.HttpClient.Default.ClientHandler HTTP request failed after 4041.1144ms
System.Net.Http.HttpRequestException: No connection could be made because the target machine actively refused it. (localhost:8001)
 ---> System.Net.Sockets.SocketException (10061): No connection could be made because the target machine actively refused it.
   at System.Net.Sockets.Socket.AwaitableSocketAsyncEventArgs.ThrowException(SocketError error, CancellationToken cancellationToken)
   at System.Net.Sockets.Socket.AwaitableSocketAsyncEventArgs.System.Threading.Tasks.Sources.IValueTaskSource.GetResult(Int16 token)
   at System.Net.Http.HttpConnectionPool.ConnectToTcpHostAsync(String host, Int32 port, HttpRequestMessage initialRequest, Boolean async, Int64 connectionId, CancellationToken cancellationToken)
   --- End of inner exception stack trace ---
   at System.Net.Http.HttpConnectionPool.ConnectToTcpHostAsync(String host, Int32 port, HttpRequestMessage initialRequest, Boolean async, Int64 connectionId, CancellationToken cancellationToken)
   at System.Net.Http.HttpConnectionPool.ConnectAsync(HttpRequestMessage request, Boolean async, Boolean isForHttp2, CancellationToken cancellationToken)
   at System.Net.Http.HttpConnectionPool.CreateHttp11ConnectionAsync(HttpRequestMessage request, Boolean async, CancellationToken cancellationToken)
   at System.Net.Http.HttpConnectionPool.InjectNewHttp11ConnectionAsync(QueueItem queueItem)
   at System.Runtime.CompilerServices.RuntimeAsyncTaskContinuation.GetResult[T](Task task, Byte& result)
   at System.Threading.Tasks.TaskCompletionSourceWithCancellation`1.WaitWithCancellationAsync(CancellationToken cancellationToken)
   at System.Net.Http.HttpConnectionPool.SendWithVersionDetectionAndRetryAsync(HttpRequestMessage request, Boolean async, Boolean doRequestAuth, CancellationToken cancellationToken)
   at System.Net.Http.HttpMessageHandlerStage.SendAsync(HttpRequestMessage request, CancellationToken cancellationToken)
   at System.Net.Http.HttpMessageHandlerStage.SendAsync(HttpRequestMessage request, CancellationToken cancellationToken)
   at System.Net.Http.DiagnosticsHandler.SendAsyncCore(HttpRequestMessage request, Boolean async, CancellationToken cancellationToken)
   at System.Net.Http.RedirectHandler.SendAsync(HttpRequestMessage request, Boolean async, CancellationToken cancellationToken)
   at Microsoft.Extensions.Http.Logging.LoggingHttpMessageHandler.<SendCoreAsync>g__Core|4_0(HttpRequestMessage request, Boolean useAsync, CancellationToken cancellationToken)
2026-09-25 21:21:38.732 +05:30 [INF] System.Net.Http.HttpClient.Default.ClientHandler HTTP request failed after 4056.1706ms
System.Net.Http.HttpRequestException: No connection could be made because the target machine actively refused it. (localhost:8001)
 ---> System.Net.Sockets.SocketException (10061): No connection could be made because the target machine actively refused it.
   at System.Net.Sockets.Socket.AwaitableSocketAsyncEventArgs.ThrowException(SocketError error, CancellationToken cancellationToken)
   at System.Net.Sockets.Socket.AwaitableSocketAsyncEventArgs.System.Threading.Tasks.Sources.IValueTaskSource.GetResult(Int16 token)
   at System.Net.Http.HttpConnectionPool.ConnectToTcpHostAsync(String host, Int32 port, HttpRequestMessage initialRequest, Boolean async, Int64 connectionId, CancellationToken cancellationToken)
   --- End of inner exception stack trace ---
   at System.Net.Http.HttpConnectionPool.ConnectToTcpHostAsync(String host, Int32 port, HttpRequestMessage initialRequest, Boolean async, Int64 connectionId, CancellationToken cancellationToken)
   at System.Net.Http.HttpConnectionPool.ConnectAsync(HttpRequestMessage request, Boolean async, Boolean isForHttp2, CancellationToken cancellationToken)
   at System.Net.Http.HttpConnectionPool.CreateHttp11ConnectionAsync(HttpRequestMessage request, Boolean async, CancellationToken cancellationToken)
   at System.Net.Http.HttpConnectionPool.InjectNewHttp11ConnectionAsync(QueueItem queueItem)
   at System.Runtime.CompilerServices.RuntimeAsyncTaskContinuation.GetResult[T](Task task, Byte& result)
   at System.Threading.Tasks.TaskCompletionSourceWithCancellation`1.WaitWithCancellationAsync(CancellationToken cancellationToken)
   at System.Net.Http.HttpConnectionPool.SendWithVersionDetectionAndRetryAsync(HttpRequestMessage request, Boolean async, Boolean doRequestAuth, CancellationToken cancellationToken)
   at System.Net.Http.HttpMessageHandlerStage.SendAsync(HttpRequestMessage request, CancellationToken cancellationToken)
   at System.Net.Http.HttpMessageHandlerStage.SendAsync(HttpRequestMessage request, CancellationToken cancellationToken)
   at System.Net.Http.DiagnosticsHandler.SendAsyncCore(HttpRequestMessage request, Boolean async, CancellationToken cancellationToken)
   at System.Net.Http.RedirectHandler.SendAsync(HttpRequestMessage request, Boolean async, CancellationToken cancellationToken)
   at Microsoft.Extensions.Http.Logging.LoggingHttpMessageHandler.<SendCoreAsync>g__Core|4_0(HttpRequestMessage request, Boolean useAsync, CancellationToken cancellationToken)
2026-09-25 21:21:38.732 +05:30 [INF] System.Net.Http.HttpClient.Default.ClientHandler HTTP request failed after 4062.95ms
System.Net.Http.HttpRequestException: No connection could be made because the target machine actively refused it. (localhost:8001)
 ---> System.Net.Sockets.SocketException (10061): No connection could be made because the target machine actively refused it.
   at System.Net.Sockets.Socket.AwaitableSocketAsyncEventArgs.ThrowException(SocketError error, CancellationToken cancellationToken)
   at System.Net.Sockets.Socket.AwaitableSocketAsyncEventArgs.System.Threading.Tasks.Sources.IValueTaskSource.GetResult(Int16 token)
   at System.Net.Http.HttpConnectionPool.ConnectToTcpHostAsync(String host, Int32 port, HttpRequestMessage initialRequest, Boolean async, Int64 connectionId, CancellationToken cancellationToken)
   --- End of inner exception stack trace ---
   at System.Net.Http.HttpConnectionPool.ConnectToTcpHostAsync(String host, Int32 port, HttpRequestMessage initialRequest, Boolean async, Int64 connectionId, CancellationToken cancellationToken)
   at System.Net.Http.HttpConnectionPool.ConnectAsync(HttpRequestMessage request, Boolean async, Boolean isForHttp2, CancellationToken cancellationToken)
   at System.Net.Http.HttpConnectionPool.CreateHttp11ConnectionAsync(HttpRequestMessage request, Boolean async, CancellationToken cancellationToken)
   at System.Net.Http.HttpConnectionPool.InjectNewHttp11ConnectionAsync(QueueItem queueItem)
   at System.Runtime.CompilerServices.RuntimeAsyncTaskContinuation.GetResult[T](Task task, Byte& result)
   at System.Threading.Tasks.TaskCompletionSourceWithCancellation`1.WaitWithCancellationAsync(CancellationToken cancellationToken)
   at System.Net.Http.HttpConnectionPool.SendWithVersionDetectionAndRetryAsync(HttpRequestMessage request, Boolean async, Boolean doRequestAuth, CancellationToken cancellationToken)
   at System.Net.Http.HttpMessageHandlerStage.SendAsync(HttpRequestMessage request, CancellationToken cancellationToken)
   at System.Net.Http.HttpMessageHandlerStage.SendAsync(HttpRequestMessage request, CancellationToken cancellationToken)
   at System.Net.Http.DiagnosticsHandler.SendAsyncCore(HttpRequestMessage request, Boolean async, CancellationToken cancellationToken)
   at System.Net.Http.RedirectHandler.SendAsync(HttpRequestMessage request, Boolean async, CancellationToken cancellationToken)
   at Microsoft.Extensions.Http.Logging.LoggingHttpMessageHandler.<SendCoreAsync>g__Core|4_0(HttpRequestMessage request, Boolean useAsync, CancellationToken cancellationToken)
2026-09-25 21:21:38.732 +05:30 [INF] System.Net.Http.HttpClient.Default.ClientHandler HTTP request failed after 4073.0228ms
System.Net.Http.HttpRequestException: No connection could be made because the target machine actively refused it. (localhost:8001)
 ---> System.Net.Sockets.SocketException (10061): No connection could be made because the target machine actively refused it.
   at System.Net.Sockets.Socket.AwaitableSocketAsyncEventArgs.ThrowException(SocketError error, CancellationToken cancellationToken)
   at System.Net.Sockets.Socket.AwaitableSocketAsyncEventArgs.System.Threading.Tasks.Sources.IValueTaskSource.GetResult(Int16 token)
   at System.Net.Http.HttpConnectionPool.ConnectToTcpHostAsync(String host, Int32 port, HttpRequestMessage initialRequest, Boolean async, Int64 connectionId, CancellationToken cancellationToken)
   --- End of inner exception stack trace ---
   at System.Net.Http.HttpConnectionPool.ConnectToTcpHostAsync(String host, Int32 port, HttpRequestMessage initialRequest, Boolean async, Int64 connectionId, CancellationToken cancellationToken)
   at System.Net.Http.HttpConnectionPool.ConnectAsync(HttpRequestMessage request, Boolean async, Boolean isForHttp2, CancellationToken cancellationToken)
   at System.Net.Http.HttpConnectionPool.CreateHttp11ConnectionAsync(HttpRequestMessage request, Boolean async, CancellationToken cancellationToken)
   at System.Net.Http.HttpConnectionPool.InjectNewHttp11ConnectionAsync(QueueItem queueItem)
   at System.Runtime.CompilerServices.RuntimeAsyncTaskContinuation.GetResult[T](Task task, Byte& result)
   at System.Threading.Tasks.TaskCompletionSourceWithCancellation`1.WaitWithCancellationAsync(CancellationToken cancellationToken)
   at System.Net.Http.HttpConnectionPool.SendWithVersionDetectionAndRetryAsync(HttpRequestMessage request, Boolean async, Boolean doRequestAuth, CancellationToken cancellationToken)
   at System.Net.Http.HttpMessageHandlerStage.SendAsync(HttpRequestMessage request, CancellationToken cancellationToken)
   at System.Net.Http.HttpMessageHandlerStage.SendAsync(HttpRequestMessage request, CancellationToken cancellationToken)
   at System.Net.Http.DiagnosticsHandler.SendAsyncCore(HttpRequestMessage request, Boolean async, CancellationToken cancellationToken)
   at System.Net.Http.RedirectHandler.SendAsync(HttpRequestMessage request, Boolean async, CancellationToken cancellationToken)
   at System.Net.Http.HttpMessageHandlerStage.SendAsync(HttpRequestMessage request, CancellationToken cancellationToken)
   at System.Net.Http.SocketsHttpHandler.<SendAsync>g__CreateHandlerAndSendAsync|119_0(HttpRequestMessage request, CancellationToken cancellationToken)
   at Microsoft.Extensions.Http.Logging.LoggingHttpMessageHandler.<SendCoreAsync>g__Core|4_0(HttpRequestMessage request, Boolean useAsync, CancellationToken cancellationToken)
2026-09-25 21:21:38.740 +05:30 [INF] System.Net.Http.HttpClient.Default.LogicalHandler HTTP request failed after 4134.0596ms
System.Net.Http.HttpRequestException: No connection could be made because the target machine actively refused it. (localhost:8001)
 ---> System.Net.Sockets.SocketException (10061): No connection could be made because the target machine actively refused it.
   at System.Net.Sockets.Socket.AwaitableSocketAsyncEventArgs.ThrowException(SocketError error, CancellationToken cancellationToken)
   at System.Net.Sockets.Socket.AwaitableSocketAsyncEventArgs.System.Threading.Tasks.Sources.IValueTaskSource.GetResult(Int16 token)
   at System.Net.Http.HttpConnectionPool.ConnectToTcpHostAsync(String host, Int32 port, HttpRequestMessage initialRequest, Boolean async, Int64 connectionId, CancellationToken cancellationToken)
   --- End of inner exception stack trace ---
   at System.Net.Http.HttpConnectionPool.ConnectToTcpHostAsync(String host, Int32 port, HttpRequestMessage initialRequest, Boolean async, Int64 connectionId, CancellationToken cancellationToken)
   at System.Net.Http.HttpConnectionPool.ConnectAsync(HttpRequestMessage request, Boolean async, Boolean isForHttp2, CancellationToken cancellationToken)
   at System.Net.Http.HttpConnectionPool.CreateHttp11ConnectionAsync(HttpRequestMessage request, Boolean async, CancellationToken cancellationToken)
   at System.Net.Http.HttpConnectionPool.InjectNewHttp11ConnectionAsync(QueueItem queueItem)
   at System.Runtime.CompilerServices.RuntimeAsyncTaskContinuation.GetResult[T](Task task, Byte& result)
   at System.Threading.Tasks.TaskCompletionSourceWithCancellation`1.WaitWithCancellationAsync(CancellationToken cancellationToken)
   at System.Net.Http.HttpConnectionPool.SendWithVersionDetectionAndRetryAsync(HttpRequestMessage request, Boolean async, Boolean doRequestAuth, CancellationToken cancellationToken)
   at System.Net.Http.HttpMessageHandlerStage.SendAsync(HttpRequestMessage request, CancellationToken cancellationToken)
   at System.Net.Http.HttpMessageHandlerStage.SendAsync(HttpRequestMessage request, CancellationToken cancellationToken)
   at System.Net.Http.DiagnosticsHandler.SendAsyncCore(HttpRequestMessage request, Boolean async, CancellationToken cancellationToken)
   at System.Net.Http.RedirectHandler.SendAsync(HttpRequestMessage request, Boolean async, CancellationToken cancellationToken)
   at Microsoft.Extensions.Http.Logging.LoggingHttpMessageHandler.<SendCoreAsync>g__Core|4_0(HttpRequestMessage request, Boolean useAsync, CancellationToken cancellationToken)
   at Microsoft.Extensions.Http.Logging.LoggingScopeHttpMessageHandler.<SendCoreAsync>g__Core|4_0(HttpRequestMessage request, Boolean useAsync, CancellationToken cancellationToken)
2026-09-25 21:21:38.745 +05:30 [INF] System.Net.Http.HttpClient.Default.LogicalHandler HTTP request failed after 4138.8428ms
System.Net.Http.HttpRequestException: No connection could be made because the target machine actively refused it. (localhost:8001)
 ---> System.Net.Sockets.SocketException (10061): No connection could be made because the target machine actively refused it.
   at System.Net.Sockets.Socket.AwaitableSocketAsyncEventArgs.ThrowException(SocketError error, CancellationToken cancellationToken)
   at System.Net.Sockets.Socket.AwaitableSocketAsyncEventArgs.System.Threading.Tasks.Sources.IValueTaskSource.GetResult(Int16 token)
   at System.Net.Http.HttpConnectionPool.ConnectToTcpHostAsync(String host, Int32 port, HttpRequestMessage initialRequest, Boolean async, Int64 connectionId, CancellationToken cancellationToken)
   --- End of inner exception stack trace ---
   at System.Net.Http.HttpConnectionPool.ConnectToTcpHostAsync(String host, Int32 port, HttpRequestMessage initialRequest, Boolean async, Int64 connectionId, CancellationToken cancellationToken)
   at System.Net.Http.HttpConnectionPool.ConnectAsync(HttpRequestMessage request, Boolean async, Boolean isForHttp2, CancellationToken cancellationToken)
   at System.Net.Http.HttpConnectionPool.CreateHttp11ConnectionAsync(HttpRequestMessage request, Boolean async, CancellationToken cancellationToken)
   at System.Net.Http.HttpConnectionPool.InjectNewHttp11ConnectionAsync(QueueItem queueItem)
   at System.Runtime.CompilerServices.RuntimeAsyncTaskContinuation.GetResult[T](Task task, Byte& result)
   at System.Threading.Tasks.TaskCompletionSourceWithCancellation`1.WaitWithCancellationAsync(CancellationToken cancellationToken)
   at System.Net.Http.HttpConnectionPool.SendWithVersionDetectionAndRetryAsync(HttpRequestMessage request, Boolean async, Boolean doRequestAuth, CancellationToken cancellationToken)
   at System.Net.Http.HttpMessageHandlerStage.SendAsync(HttpRequestMessage request, CancellationToken cancellationToken)
   at System.Net.Http.HttpMessageHandlerStage.SendAsync(HttpRequestMessage request, CancellationToken cancellationToken)
   at System.Net.Http.DiagnosticsHandler.SendAsyncCore(HttpRequestMessage request, Boolean async, CancellationToken cancellationToken)
   at System.Net.Http.RedirectHandler.SendAsync(HttpRequestMessage request, Boolean async, CancellationToken cancellationToken)
   at Microsoft.Extensions.Http.Logging.LoggingHttpMessageHandler.<SendCoreAsync>g__Core|4_0(HttpRequestMessage request, Boolean useAsync, CancellationToken cancellationToken)
   at Microsoft.Extensions.Http.Logging.LoggingScopeHttpMessageHandler.<SendCoreAsync>g__Core|4_0(HttpRequestMessage request, Boolean useAsync, CancellationToken cancellationToken)
2026-09-25 21:21:38.753 +05:30 [INF] System.Net.Http.HttpClient.Default.LogicalHandler HTTP request failed after 4158.635ms
System.Net.Http.HttpRequestException: No connection could be made because the target machine actively refused it. (localhost:8001)
 ---> System.Net.Sockets.SocketException (10061): No connection could be made because the target machine actively refused it.
   at System.Net.Sockets.Socket.AwaitableSocketAsyncEventArgs.ThrowException(SocketError error, CancellationToken cancellationToken)
   at System.Net.Sockets.Socket.AwaitableSocketAsyncEventArgs.System.Threading.Tasks.Sources.IValueTaskSource.GetResult(Int16 token)
   at System.Net.Http.HttpConnectionPool.ConnectToTcpHostAsync(String host, Int32 port, HttpRequestMessage initialRequest, Boolean async, Int64 connectionId, CancellationToken cancellationToken)
   --- End of inner exception stack trace ---
   at System.Net.Http.HttpConnectionPool.ConnectToTcpHostAsync(String host, Int32 port, HttpRequestMessage initialRequest, Boolean async, Int64 connectionId, CancellationToken cancellationToken)
   at System.Net.Http.HttpConnectionPool.ConnectAsync(HttpRequestMessage request, Boolean async, Boolean isForHttp2, CancellationToken cancellationToken)
   at System.Net.Http.HttpConnectionPool.CreateHttp11ConnectionAsync(HttpRequestMessage request, Boolean async, CancellationToken cancellationToken)
   at System.Net.Http.HttpConnectionPool.InjectNewHttp11ConnectionAsync(QueueItem queueItem)
   at System.Runtime.CompilerServices.RuntimeAsyncTaskContinuation.GetResult[T](Task task, Byte& result)
   at System.Threading.Tasks.TaskCompletionSourceWithCancellation`1.WaitWithCancellationAsync(CancellationToken cancellationToken)
   at System.Net.Http.HttpConnectionPool.SendWithVersionDetectionAndRetryAsync(HttpRequestMessage request, Boolean async, Boolean doRequestAuth, CancellationToken cancellationToken)
   at System.Net.Http.HttpMessageHandlerStage.SendAsync(HttpRequestMessage request, CancellationToken cancellationToken)
   at System.Net.Http.HttpMessageHandlerStage.SendAsync(HttpRequestMessage request, CancellationToken cancellationToken)
   at System.Net.Http.DiagnosticsHandler.SendAsyncCore(HttpRequestMessage request, Boolean async, CancellationToken cancellationToken)
   at System.Net.Http.RedirectHandler.SendAsync(HttpRequestMessage request, Boolean async, CancellationToken cancellationToken)
   at Microsoft.Extensions.Http.Logging.LoggingHttpMessageHandler.<SendCoreAsync>g__Core|4_0(HttpRequestMessage request, Boolean useAsync, CancellationToken cancellationToken)
   at Microsoft.Extensions.Http.Logging.LoggingScopeHttpMessageHandler.<SendCoreAsync>g__Core|4_0(HttpRequestMessage request, Boolean useAsync, CancellationToken cancellationToken)
2026-09-25 21:21:38.760 +05:30 [INF] System.Net.Http.HttpClient.Default.LogicalHandler HTTP request failed after 4167.4775ms
System.Net.Http.HttpRequestException: No connection could be made because the target machine actively refused it. (localhost:8001)
 ---> System.Net.Sockets.SocketException (10061): No connection could be made because the target machine actively refused it.
   at System.Net.Sockets.Socket.AwaitableSocketAsyncEventArgs.ThrowException(SocketError error, CancellationToken cancellationToken)
   at System.Net.Sockets.Socket.AwaitableSocketAsyncEventArgs.System.Threading.Tasks.Sources.IValueTaskSource.GetResult(Int16 token)
   at System.Net.Http.HttpConnectionPool.ConnectToTcpHostAsync(String host, Int32 port, HttpRequestMessage initialRequest, Boolean async, Int64 connectionId, CancellationToken cancellationToken)
   --- End of inner exception stack trace ---
   at System.Net.Http.HttpConnectionPool.ConnectToTcpHostAsync(String host, Int32 port, HttpRequestMessage initialRequest, Boolean async, Int64 connectionId, CancellationToken cancellationToken)
   at System.Net.Http.HttpConnectionPool.ConnectAsync(HttpRequestMessage request, Boolean async, Boolean isForHttp2, CancellationToken cancellationToken)
   at System.Net.Http.HttpConnectionPool.CreateHttp11ConnectionAsync(HttpRequestMessage request, Boolean async, CancellationToken cancellationToken)
   at System.Net.Http.HttpConnectionPool.InjectNewHttp11ConnectionAsync(QueueItem queueItem)
   at System.Runtime.CompilerServices.RuntimeAsyncTaskContinuation.GetResult[T](Task task, Byte& result)
   at System.Threading.Tasks.TaskCompletionSourceWithCancellation`1.WaitWithCancellationAsync(CancellationToken cancellationToken)
   at System.Net.Http.HttpConnectionPool.SendWithVersionDetectionAndRetryAsync(HttpRequestMessage request, Boolean async, Boolean doRequestAuth, CancellationToken cancellationToken)
   at System.Net.Http.HttpMessageHandlerStage.SendAsync(HttpRequestMessage request, CancellationToken cancellationToken)
   at System.Net.Http.HttpMessageHandlerStage.SendAsync(HttpRequestMessage request, CancellationToken cancellationToken)
   at System.Net.Http.DiagnosticsHandler.SendAsyncCore(HttpRequestMessage request, Boolean async, CancellationToken cancellationToken)
   at System.Net.Http.RedirectHandler.SendAsync(HttpRequestMessage request, Boolean async, CancellationToken cancellationToken)
   at System.Net.Http.HttpMessageHandlerStage.SendAsync(HttpRequestMessage request, CancellationToken cancellationToken)
   at System.Net.Http.SocketsHttpHandler.<SendAsync>g__CreateHandlerAndSendAsync|119_0(HttpRequestMessage request, CancellationToken cancellationToken)
   at Microsoft.Extensions.Http.Logging.LoggingHttpMessageHandler.<SendCoreAsync>g__Core|4_0(HttpRequestMessage request, Boolean useAsync, CancellationToken cancellationToken)
   at Microsoft.Extensions.Http.Logging.LoggingScopeHttpMessageHandler.<SendCoreAsync>g__Core|4_0(HttpRequestMessage request, Boolean useAsync, CancellationToken cancellationToken)
2026-09-25 21:21:38.768 +05:30 [WRN] FishLink.API.Controllers.AgentGatewayController Price API unreachable for species Trevally (Paraw)
System.Net.Http.HttpRequestException: No connection could be made because the target machine actively refused it. (localhost:8001)
 ---> System.Net.Sockets.SocketException (10061): No connection could be made because the target machine actively refused it.
   at System.Net.Sockets.Socket.AwaitableSocketAsyncEventArgs.ThrowException(SocketError error, CancellationToken cancellationToken)
   at System.Net.Sockets.Socket.AwaitableSocketAsyncEventArgs.System.Threading.Tasks.Sources.IValueTaskSource.GetResult(Int16 token)
   at System.Net.Http.HttpConnectionPool.ConnectToTcpHostAsync(String host, Int32 port, HttpRequestMessage initialRequest, Boolean async, Int64 connectionId, CancellationToken cancellationToken)
   --- End of inner exception stack trace ---
   at System.Net.Http.HttpConnectionPool.ConnectToTcpHostAsync(String host, Int32 port, HttpRequestMessage initialRequest, Boolean async, Int64 connectionId, CancellationToken cancellationToken)
   at System.Net.Http.HttpConnectionPool.ConnectAsync(HttpRequestMessage request, Boolean async, Boolean isForHttp2, CancellationToken cancellationToken)
   at System.Net.Http.HttpConnectionPool.CreateHttp11ConnectionAsync(HttpRequestMessage request, Boolean async, CancellationToken cancellationToken)
   at System.Net.Http.HttpConnectionPool.InjectNewHttp11ConnectionAsync(QueueItem queueItem)
   at System.Runtime.CompilerServices.RuntimeAsyncTaskContinuation.GetResult[T](Task task, Byte& result)
   at System.Threading.Tasks.TaskCompletionSourceWithCancellation`1.WaitWithCancellationAsync(CancellationToken cancellationToken)
   at System.Net.Http.HttpConnectionPool.SendWithVersionDetectionAndRetryAsync(HttpRequestMessage request, Boolean async, Boolean doRequestAuth, CancellationToken cancellationToken)
   at System.Net.Http.HttpMessageHandlerStage.SendAsync(HttpRequestMessage request, CancellationToken cancellationToken)
   at System.Net.Http.HttpMessageHandlerStage.SendAsync(HttpRequestMessage request, CancellationToken cancellationToken)
   at System.Net.Http.DiagnosticsHandler.SendAsyncCore(HttpRequestMessage request, Boolean async, CancellationToken cancellationToken)
   at System.Net.Http.RedirectHandler.SendAsync(HttpRequestMessage request, Boolean async, CancellationToken cancellationToken)
   at Microsoft.Extensions.Http.Logging.LoggingHttpMessageHandler.<SendCoreAsync>g__Core|4_0(HttpRequestMessage request, Boolean useAsync, CancellationToken cancellationToken)
   at Microsoft.Extensions.Http.Logging.LoggingScopeHttpMessageHandler.<SendCoreAsync>g__Core|4_0(HttpRequestMessage request, Boolean useAsync, CancellationToken cancellationToken)
   at System.Runtime.CompilerServices.RuntimeAsyncTaskContinuation.GetResult[T](Task task, Byte& result)
   at System.Net.Http.HttpClient.<SendAsync>g__Core|83_0(HttpRequestMessage request, HttpCompletionOption completionOption, CancellationTokenSource cts, Boolean disposeCts, CancellationTokenSource pendingRequestsCts, CancellationToken originalCancellationToken)
   at FishLink.API.Controllers.AgentGatewayController.GetPricePrediction(String species) in C:\Users\gajan\Desktop\SEF-assigment-01-main\SEF-assigment-01-main\FishLink.API\Controllers\AgentGatewayController.cs:line 147
2026-09-25 21:21:38.774 +05:30 [WRN] FishLink.API.Controllers.AgentGatewayController Price API unreachable for species Mackerel
System.Net.Http.HttpRequestException: No connection could be made because the target machine actively refused it. (localhost:8001)
 ---> System.Net.Sockets.SocketException (10061): No connection could be made because the target machine actively refused it.
   at System.Net.Sockets.Socket.AwaitableSocketAsyncEventArgs.ThrowException(SocketError error, CancellationToken cancellationToken)
   at System.Net.Sockets.Socket.AwaitableSocketAsyncEventArgs.System.Threading.Tasks.Sources.IValueTaskSource.GetResult(Int16 token)
   at System.Net.Http.HttpConnectionPool.ConnectToTcpHostAsync(String host, Int32 port, HttpRequestMessage initialRequest, Boolean async, Int64 connectionId, CancellationToken cancellationToken)
   --- End of inner exception stack trace ---
   at System.Net.Http.HttpConnectionPool.ConnectToTcpHostAsync(String host, Int32 port, HttpRequestMessage initialRequest, Boolean async, Int64 connectionId, CancellationToken cancellationToken)
   at System.Net.Http.HttpConnectionPool.ConnectAsync(HttpRequestMessage request, Boolean async, Boolean isForHttp2, CancellationToken cancellationToken)
   at System.Net.Http.HttpConnectionPool.CreateHttp11ConnectionAsync(HttpRequestMessage request, Boolean async, CancellationToken cancellationToken)
   at System.Net.Http.HttpConnectionPool.InjectNewHttp11ConnectionAsync(QueueItem queueItem)
   at System.Runtime.CompilerServices.RuntimeAsyncTaskContinuation.GetResult[T](Task task, Byte& result)
   at System.Threading.Tasks.TaskCompletionSourceWithCancellation`1.WaitWithCancellationAsync(CancellationToken cancellationToken)
   at System.Net.Http.HttpConnectionPool.SendWithVersionDetectionAndRetryAsync(HttpRequestMessage request, Boolean async, Boolean doRequestAuth, CancellationToken cancellationToken)
   at System.Net.Http.HttpMessageHandlerStage.SendAsync(HttpRequestMessage request, CancellationToken cancellationToken)
   at System.Net.Http.HttpMessageHandlerStage.SendAsync(HttpRequestMessage request, CancellationToken cancellationToken)
   at System.Net.Http.DiagnosticsHandler.SendAsyncCore(HttpRequestMessage request, Boolean async, CancellationToken cancellationToken)
   at System.Net.Http.RedirectHandler.SendAsync(HttpRequestMessage request, Boolean async, CancellationToken cancellationToken)
   at Microsoft.Extensions.Http.Logging.LoggingHttpMessageHandler.<SendCoreAsync>g__Core|4_0(HttpRequestMessage request, Boolean useAsync, CancellationToken cancellationToken)
   at Microsoft.Extensions.Http.Logging.LoggingScopeHttpMessageHandler.<SendCoreAsync>g__Core|4_0(HttpRequestMessage request, Boolean useAsync, CancellationToken cancellationToken)
   at System.Runtime.CompilerServices.RuntimeAsyncTaskContinuation.GetResult[T](Task task, Byte& result)
   at System.Net.Http.HttpClient.<SendAsync>g__Core|83_0(HttpRequestMessage request, HttpCompletionOption completionOption, CancellationTokenSource cts, Boolean disposeCts, CancellationTokenSource pendingRequestsCts, CancellationToken originalCancellationToken)
   at FishLink.API.Controllers.AgentGatewayController.GetPricePrediction(String species) in C:\Users\gajan\Desktop\SEF-assigment-01-main\SEF-assigment-01-main\FishLink.API\Controllers\AgentGatewayController.cs:line 147
2026-09-25 21:21:38.782 +05:30 [WRN] FishLink.API.Controllers.AgentGatewayController Price API unreachable for species Skipjack
System.Net.Http.HttpRequestException: No connection could be made because the target machine actively refused it. (localhost:8001)
 ---> System.Net.Sockets.SocketException (10061): No connection could be made because the target machine actively refused it.
   at System.Net.Sockets.Socket.AwaitableSocketAsyncEventArgs.ThrowException(SocketError error, CancellationToken cancellationToken)
   at System.Net.Sockets.Socket.AwaitableSocketAsyncEventArgs.System.Threading.Tasks.Sources.IValueTaskSource.GetResult(Int16 token)
   at System.Net.Http.HttpConnectionPool.ConnectToTcpHostAsync(String host, Int32 port, HttpRequestMessage initialRequest, Boolean async, Int64 connectionId, CancellationToken cancellationToken)
   --- End of inner exception stack trace ---
   at System.Net.Http.HttpConnectionPool.ConnectToTcpHostAsync(String host, Int32 port, HttpRequestMessage initialRequest, Boolean async, Int64 connectionId, CancellationToken cancellationToken)
   at System.Net.Http.HttpConnectionPool.ConnectAsync(HttpRequestMessage request, Boolean async, Boolean isForHttp2, CancellationToken cancellationToken)
   at System.Net.Http.HttpConnectionPool.CreateHttp11ConnectionAsync(HttpRequestMessage request, Boolean async, CancellationToken cancellationToken)
   at System.Net.Http.HttpConnectionPool.InjectNewHttp11ConnectionAsync(QueueItem queueItem)
   at System.Runtime.CompilerServices.RuntimeAsyncTaskContinuation.GetResult[T](Task task, Byte& result)
   at System.Threading.Tasks.TaskCompletionSourceWithCancellation`1.WaitWithCancellationAsync(CancellationToken cancellationToken)
   at System.Net.Http.HttpConnectionPool.SendWithVersionDetectionAndRetryAsync(HttpRequestMessage request, Boolean async, Boolean doRequestAuth, CancellationToken cancellationToken)
   at System.Net.Http.HttpMessageHandlerStage.SendAsync(HttpRequestMessage request, CancellationToken cancellationToken)
   at System.Net.Http.HttpMessageHandlerStage.SendAsync(HttpRequestMessage request, CancellationToken cancellationToken)
   at System.Net.Http.DiagnosticsHandler.SendAsyncCore(HttpRequestMessage request, Boolean async, CancellationToken cancellationToken)
   at System.Net.Http.RedirectHandler.SendAsync(HttpRequestMessage request, Boolean async, CancellationToken cancellationToken)
   at Microsoft.Extensions.Http.Logging.LoggingHttpMessageHandler.<SendCoreAsync>g__Core|4_0(HttpRequestMessage request, Boolean useAsync, CancellationToken cancellationToken)
   at Microsoft.Extensions.Http.Logging.LoggingScopeHttpMessageHandler.<SendCoreAsync>g__Core|4_0(HttpRequestMessage request, Boolean useAsync, CancellationToken cancellationToken)
   at System.Runtime.CompilerServices.RuntimeAsyncTaskContinuation.GetResult[T](Task task, Byte& result)
   at System.Net.Http.HttpClient.<SendAsync>g__Core|83_0(HttpRequestMessage request, HttpCompletionOption completionOption, CancellationTokenSource cts, Boolean disposeCts, CancellationTokenSource pendingRequestsCts, CancellationToken originalCancellationToken)
   at FishLink.API.Controllers.AgentGatewayController.GetPricePrediction(String species) in C:\Users\gajan\Desktop\SEF-assigment-01-main\SEF-assigment-01-main\FishLink.API\Controllers\AgentGatewayController.cs:line 147
2026-09-25 21:21:38.791 +05:30 [WRN] FishLink.API.Controllers.AgentGatewayController Price API unreachable for species Tuna (Yellowfin)
System.Net.Http.HttpRequestException: No connection could be made because the target machine actively refused it. (localhost:8001)
 ---> System.Net.Sockets.SocketException (10061): No connection could be made because the target machine actively refused it.
   at System.Net.Sockets.Socket.AwaitableSocketAsyncEventArgs.ThrowException(SocketError error, CancellationToken cancellationToken)
   at System.Net.Sockets.Socket.AwaitableSocketAsyncEventArgs.System.Threading.Tasks.Sources.IValueTaskSource.GetResult(Int16 token)
   at System.Net.Http.HttpConnectionPool.ConnectToTcpHostAsync(String host, Int32 port, HttpRequestMessage initialRequest, Boolean async, Int64 connectionId, CancellationToken cancellationToken)
   --- End of inner exception stack trace ---
   at System.Net.Http.HttpConnectionPool.ConnectToTcpHostAsync(String host, Int32 port, HttpRequestMessage initialRequest, Boolean async, Int64 connectionId, CancellationToken cancellationToken)
   at System.Net.Http.HttpConnectionPool.ConnectAsync(HttpRequestMessage request, Boolean async, Boolean isForHttp2, CancellationToken cancellationToken)
   at System.Net.Http.HttpConnectionPool.CreateHttp11ConnectionAsync(HttpRequestMessage request, Boolean async, CancellationToken cancellationToken)
   at System.Net.Http.HttpConnectionPool.InjectNewHttp11ConnectionAsync(QueueItem queueItem)
   at System.Runtime.CompilerServices.RuntimeAsyncTaskContinuation.GetResult[T](Task task, Byte& result)
   at System.Threading.Tasks.TaskCompletionSourceWithCancellation`1.WaitWithCancellationAsync(CancellationToken cancellationToken)
   at System.Net.Http.HttpConnectionPool.SendWithVersionDetectionAndRetryAsync(HttpRequestMessage request, Boolean async, Boolean doRequestAuth, CancellationToken cancellationToken)
   at System.Net.Http.HttpMessageHandlerStage.SendAsync(HttpRequestMessage request, CancellationToken cancellationToken)
   at System.Net.Http.HttpMessageHandlerStage.SendAsync(HttpRequestMessage request, CancellationToken cancellationToken)
   at System.Net.Http.DiagnosticsHandler.SendAsyncCore(HttpRequestMessage request, Boolean async, CancellationToken cancellationToken)
   at System.Net.Http.RedirectHandler.SendAsync(HttpRequestMessage request, Boolean async, CancellationToken cancellationToken)
   at System.Net.Http.HttpMessageHandlerStage.SendAsync(HttpRequestMessage request, CancellationToken cancellationToken)
   at System.Net.Http.SocketsHttpHandler.<SendAsync>g__CreateHandlerAndSendAsync|119_0(HttpRequestMessage request, CancellationToken cancellationToken)
   at Microsoft.Extensions.Http.Logging.LoggingHttpMessageHandler.<SendCoreAsync>g__Core|4_0(HttpRequestMessage request, Boolean useAsync, CancellationToken cancellationToken)
   at Microsoft.Extensions.Http.Logging.LoggingScopeHttpMessageHandler.<SendCoreAsync>g__Core|4_0(HttpRequestMessage request, Boolean useAsync, CancellationToken cancellationToken)
   at System.Runtime.CompilerServices.RuntimeAsyncTaskContinuation.GetResult[T](Task task, Byte& result)
   at System.Net.Http.HttpClient.<SendAsync>g__Core|83_0(HttpRequestMessage request, HttpCompletionOption completionOption, CancellationTokenSource cts, Boolean disposeCts, CancellationTokenSource pendingRequestsCts, CancellationToken originalCancellationToken)
   at FishLink.API.Controllers.AgentGatewayController.GetPricePrediction(String species) in C:\Users\gajan\Desktop\SEF-assigment-01-main\SEF-assigment-01-main\FishLink.API\Controllers\AgentGatewayController.cs:line 147
2026-09-25 21:21:38.806 +05:30 [ERR] Serilog.AspNetCore.RequestLoggingMiddleware HTTP GET /api/AgentGateway/prices/Trevally (Paraw)/predict responded 503 in 4200.429 ms
2026-09-25 21:21:38.817 +05:30 [ERR] Serilog.AspNetCore.RequestLoggingMiddleware HTTP GET /api/AgentGateway/prices/Mackerel/predict responded 503 in 4211.431 ms
2026-09-25 21:21:38.826 +05:30 [ERR] Serilog.AspNetCore.RequestLoggingMiddleware HTTP GET /api/AgentGateway/prices/Skipjack/predict responded 503 in 4232.387 ms
2026-09-25 21:21:38.835 +05:30 [ERR] Serilog.AspNetCore.RequestLoggingMiddleware HTTP GET /api/AgentGateway/prices/Tuna (Yellowfin)/predict responded 503 in 4245.091 ms
2026-09-25 21:21:38.844 +05:30 [INF] System.Net.Http.HttpClient.Default.LogicalHandler Start processing HTTP request GET http://localhost:8001/api/prices/Trevally%20%28Paraw%29/predict
2026-09-25 21:21:38.845 +05:30 [INF] System.Net.Http.HttpClient.Default.LogicalHandler Start processing HTTP request GET http://localhost:8001/api/prices/Mackerel/predict
2026-09-25 21:21:38.849 +05:30 [INF] System.Net.Http.HttpClient.Default.LogicalHandler Start processing HTTP request GET http://localhost:8001/api/prices/Skipjack/predict
2026-09-25 21:21:38.855 +05:30 [INF] System.Net.Http.HttpClient.Default.LogicalHandler Start processing HTTP request GET http://localhost:8001/api/prices/Tuna%20%28Yellowfin%29/predict
2026-09-25 21:21:38.859 +05:30 [INF] System.Net.Http.HttpClient.Default.ClientHandler Sending HTTP request GET http://localhost:8001/api/prices/Trevally%20%28Paraw%29/predict
2026-09-25 21:21:38.863 +05:30 [INF] System.Net.Http.HttpClient.Default.ClientHandler Sending HTTP request GET http://localhost:8001/api/prices/Mackerel/predict
2026-09-25 21:21:38.869 +05:30 [INF] System.Net.Http.HttpClient.Default.ClientHandler Sending HTTP request GET http://localhost:8001/api/prices/Skipjack/predict
2026-09-25 21:21:38.870 +05:30 [INF] System.Net.Http.HttpClient.Default.ClientHandler Sending HTTP request GET http://localhost:8001/api/prices/Tuna%20%28Yellowfin%29/predict
2026-09-25 21:21:39.435 +05:30 [INF] Serilog.AspNetCore.RequestLoggingMiddleware HTTP OPTIONS /api/Catches responded 204 in 0.034 ms
2026-09-25 21:21:39.436 +05:30 [INF] Serilog.AspNetCore.RequestLoggingMiddleware HTTP OPTIONS /api/Catches responded 204 in 0.038 ms
2026-09-25 21:21:39.456 +05:30 [INF] FishLink.API.Services.CatchService GetCatches: 4 results, page 1/1
2026-09-25 21:21:39.459 +05:30 [INF] Serilog.AspNetCore.RequestLoggingMiddleware HTTP GET /api/Catches responded 200 in 16.571 ms
2026-09-25 21:21:39.469 +05:30 [INF] FishLink.API.Services.CatchService GetCatches: 4 results, page 1/1
2026-09-25 21:21:39.475 +05:30 [INF] Serilog.AspNetCore.RequestLoggingMiddleware HTTP GET /api/Catches responded 200 in 11.064 ms
2026-09-25 21:21:39.486 +05:30 [INF] Serilog.AspNetCore.RequestLoggingMiddleware HTTP OPTIONS /api/Bids/catch/1 responded 204 in 0.051 ms
2026-09-25 21:21:39.490 +05:30 [INF] Serilog.AspNetCore.RequestLoggingMiddleware HTTP OPTIONS /api/Bids/catch/1 responded 204 in 0.056 ms
2026-09-25 21:21:39.524 +05:30 [INF] Serilog.AspNetCore.RequestLoggingMiddleware HTTP GET /api/Bids/catch/1 responded 200 in 20.970 ms
2026-09-25 21:21:39.549 +05:30 [INF] Serilog.AspNetCore.RequestLoggingMiddleware HTTP GET /api/Bids/catch/1 responded 200 in 10.211 ms
2026-09-25 21:21:42.923 +05:30 [INF] System.Net.Http.HttpClient.Default.ClientHandler HTTP request failed after 4048.4158ms
System.Net.Http.HttpRequestException: No connection could be made because the target machine actively refused it. (localhost:8001)
 ---> System.Net.Sockets.SocketException (10061): No connection could be made because the target machine actively refused it.
   at System.Net.Sockets.Socket.AwaitableSocketAsyncEventArgs.ThrowException(SocketError error, CancellationToken cancellationToken)
   at System.Net.Sockets.Socket.AwaitableSocketAsyncEventArgs.System.Threading.Tasks.Sources.IValueTaskSource.GetResult(Int16 token)
   at System.Net.Http.HttpConnectionPool.ConnectToTcpHostAsync(String host, Int32 port, HttpRequestMessage initialRequest, Boolean async, Int64 connectionId, CancellationToken cancellationToken)
   --- End of inner exception stack trace ---
   at System.Net.Http.HttpConnectionPool.ConnectToTcpHostAsync(String host, Int32 port, HttpRequestMessage initialRequest, Boolean async, Int64 connectionId, CancellationToken cancellationToken)
   at System.Net.Http.HttpConnectionPool.ConnectAsync(HttpRequestMessage request, Boolean async, Boolean isForHttp2, CancellationToken cancellationToken)
   at System.Net.Http.HttpConnectionPool.CreateHttp11ConnectionAsync(HttpRequestMessage request, Boolean async, CancellationToken cancellationToken)
   at System.Net.Http.HttpConnectionPool.InjectNewHttp11ConnectionAsync(QueueItem queueItem)
   at System.Runtime.CompilerServices.RuntimeAsyncTaskContinuation.GetResult[T](Task task, Byte& result)
   at System.Threading.Tasks.TaskCompletionSourceWithCancellation`1.WaitWithCancellationAsync(CancellationToken cancellationToken)
   at System.Net.Http.HttpConnectionPool.SendWithVersionDetectionAndRetryAsync(HttpRequestMessage request, Boolean async, Boolean doRequestAuth, CancellationToken cancellationToken)
   at System.Net.Http.HttpMessageHandlerStage.SendAsync(HttpRequestMessage request, CancellationToken cancellationToken)
   at System.Net.Http.HttpMessageHandlerStage.SendAsync(HttpRequestMessage request, CancellationToken cancellationToken)
   at System.Net.Http.DiagnosticsHandler.SendAsyncCore(HttpRequestMessage request, Boolean async, CancellationToken cancellationToken)
   at System.Net.Http.RedirectHandler.SendAsync(HttpRequestMessage request, Boolean async, CancellationToken cancellationToken)
   at Microsoft.Extensions.Http.Logging.LoggingHttpMessageHandler.<SendCoreAsync>g__Core|4_0(HttpRequestMessage request, Boolean useAsync, CancellationToken cancellationToken)
2026-09-25 21:21:42.923 +05:30 [INF] System.Net.Http.HttpClient.Default.ClientHandler HTTP request failed after 4051.6525ms
System.Net.Http.HttpRequestException: No connection could be made because the target machine actively refused it. (localhost:8001)
 ---> System.Net.Sockets.SocketException (10061): No connection could be made because the target machine actively refused it.
   at System.Net.Sockets.Socket.AwaitableSocketAsyncEventArgs.ThrowException(SocketError error, CancellationToken cancellationToken)
   at System.Net.Sockets.Socket.AwaitableSocketAsyncEventArgs.System.Threading.Tasks.Sources.IValueTaskSource.GetResult(Int16 token)
   at System.Net.Http.HttpConnectionPool.ConnectToTcpHostAsync(String host, Int32 port, HttpRequestMessage initialRequest, Boolean async, Int64 connectionId, CancellationToken cancellationToken)
   --- End of inner exception stack trace ---
   at System.Net.Http.HttpConnectionPool.ConnectToTcpHostAsync(String host, Int32 port, HttpRequestMessage initialRequest, Boolean async, Int64 connectionId, CancellationToken cancellationToken)
   at System.Net.Http.HttpConnectionPool.ConnectAsync(HttpRequestMessage request, Boolean async, Boolean isForHttp2, CancellationToken cancellationToken)
   at System.Net.Http.HttpConnectionPool.CreateHttp11ConnectionAsync(HttpRequestMessage request, Boolean async, CancellationToken cancellationToken)
   at System.Net.Http.HttpConnectionPool.InjectNewHttp11ConnectionAsync(QueueItem queueItem)
   at System.Runtime.CompilerServices.RuntimeAsyncTaskContinuation.GetResult[T](Task task, Byte& result)
   at System.Threading.Tasks.TaskCompletionSourceWithCancellation`1.WaitWithCancellationAsync(CancellationToken cancellationToken)
   at System.Net.Http.HttpConnectionPool.SendWithVersionDetectionAndRetryAsync(HttpRequestMessage request, Boolean async, Boolean doRequestAuth, CancellationToken cancellationToken)
   at System.Net.Http.HttpMessageHandlerStage.SendAsync(HttpRequestMessage request, CancellationToken cancellationToken)
   at System.Net.Http.HttpMessageHandlerStage.SendAsync(HttpRequestMessage request, CancellationToken cancellationToken)
   at System.Net.Http.DiagnosticsHandler.SendAsyncCore(HttpRequestMessage request, Boolean async, CancellationToken cancellationToken)
   at System.Net.Http.RedirectHandler.SendAsync(HttpRequestMessage request, Boolean async, CancellationToken cancellationToken)
   at Microsoft.Extensions.Http.Logging.LoggingHttpMessageHandler.<SendCoreAsync>g__Core|4_0(HttpRequestMessage request, Boolean useAsync, CancellationToken cancellationToken)
2026-09-25 21:21:42.932 +05:30 [INF] System.Net.Http.HttpClient.Default.ClientHandler HTTP request failed after 4051.7196ms
System.Net.Http.HttpRequestException: No connection could be made because the target machine actively refused it. (localhost:8001)
 ---> System.Net.Sockets.SocketException (10061): No connection could be made because the target machine actively refused it.
   at System.Net.Sockets.Socket.AwaitableSocketAsyncEventArgs.ThrowException(SocketError error, CancellationToken cancellationToken)
   at System.Net.Sockets.Socket.AwaitableSocketAsyncEventArgs.System.Threading.Tasks.Sources.IValueTaskSource.GetResult(Int16 token)
   at System.Net.Http.HttpConnectionPool.ConnectToTcpHostAsync(String host, Int32 port, HttpRequestMessage initialRequest, Boolean async, Int64 connectionId, CancellationToken cancellationToken)
   --- End of inner exception stack trace ---
   at System.Net.Http.HttpConnectionPool.ConnectToTcpHostAsync(String host, Int32 port, HttpRequestMessage initialRequest, Boolean async, Int64 connectionId, CancellationToken cancellationToken)
   at System.Net.Http.HttpConnectionPool.ConnectAsync(HttpRequestMessage request, Boolean async, Boolean isForHttp2, CancellationToken cancellationToken)
   at System.Net.Http.HttpConnectionPool.CreateHttp11ConnectionAsync(HttpRequestMessage request, Boolean async, CancellationToken cancellationToken)
   at System.Net.Http.HttpConnectionPool.InjectNewHttp11ConnectionAsync(QueueItem queueItem)
   at System.Runtime.CompilerServices.RuntimeAsyncTaskContinuation.GetResult[T](Task task, Byte& result)
   at System.Threading.Tasks.TaskCompletionSourceWithCancellation`1.WaitWithCancellationAsync(CancellationToken cancellationToken)
   at System.Net.Http.HttpConnectionPool.SendWithVersionDetectionAndRetryAsync(HttpRequestMessage request, Boolean async, Boolean doRequestAuth, CancellationToken cancellationToken)
   at System.Net.Http.HttpMessageHandlerStage.SendAsync(HttpRequestMessage request, CancellationToken cancellationToken)
   at System.Net.Http.HttpMessageHandlerStage.SendAsync(HttpRequestMessage request, CancellationToken cancellationToken)
   at System.Net.Http.DiagnosticsHandler.SendAsyncCore(HttpRequestMessage request, Boolean async, CancellationToken cancellationToken)
   at System.Net.Http.RedirectHandler.SendAsync(HttpRequestMessage request, Boolean async, CancellationToken cancellationToken)
   at Microsoft.Extensions.Http.Logging.LoggingHttpMessageHandler.<SendCoreAsync>g__Core|4_0(HttpRequestMessage request, Boolean useAsync, CancellationToken cancellationToken)
2026-09-25 21:21:42.933 +05:30 [INF] System.Net.Http.HttpClient.Default.ClientHandler HTTP request failed after 4055.3403ms
System.Net.Http.HttpRequestException: No connection could be made because the target machine actively refused it. (localhost:8001)
 ---> System.Net.Sockets.SocketException (10061): No connection could be made because the target machine actively refused it.
   at System.Net.Sockets.Socket.AwaitableSocketAsyncEventArgs.ThrowException(SocketError error, CancellationToken cancellationToken)
   at System.Net.Sockets.Socket.AwaitableSocketAsyncEventArgs.System.Threading.Tasks.Sources.IValueTaskSource.GetResult(Int16 token)
   at System.Net.Http.HttpConnectionPool.ConnectToTcpHostAsync(String host, Int32 port, HttpRequestMessage initialRequest, Boolean async, Int64 connectionId, CancellationToken cancellationToken)
   --- End of inner exception stack trace ---
   at System.Net.Http.HttpConnectionPool.ConnectToTcpHostAsync(String host, Int32 port, HttpRequestMessage initialRequest, Boolean async, Int64 connectionId, CancellationToken cancellationToken)
   at System.Net.Http.HttpConnectionPool.ConnectAsync(HttpRequestMessage request, Boolean async, Boolean isForHttp2, CancellationToken cancellationToken)
   at System.Net.Http.HttpConnectionPool.CreateHttp11ConnectionAsync(HttpRequestMessage request, Boolean async, CancellationToken cancellationToken)
   at System.Net.Http.HttpConnectionPool.InjectNewHttp11ConnectionAsync(QueueItem queueItem)
   at System.Runtime.CompilerServices.RuntimeAsyncTaskContinuation.GetResult[T](Task task, Byte& result)
   at System.Threading.Tasks.TaskCompletionSourceWithCancellation`1.WaitWithCancellationAsync(CancellationToken cancellationToken)
   at System.Net.Http.HttpConnectionPool.SendWithVersionDetectionAndRetryAsync(HttpRequestMessage request, Boolean async, Boolean doRequestAuth, CancellationToken cancellationToken)
   at System.Net.Http.HttpMessageHandlerStage.SendAsync(HttpRequestMessage request, CancellationToken cancellationToken)
   at System.Net.Http.HttpMessageHandlerStage.SendAsync(HttpRequestMessage request, CancellationToken cancellationToken)
   at System.Net.Http.DiagnosticsHandler.SendAsyncCore(HttpRequestMessage request, Boolean async, CancellationToken cancellationToken)
   at System.Net.Http.RedirectHandler.SendAsync(HttpRequestMessage request, Boolean async, CancellationToken cancellationToken)
   at Microsoft.Extensions.Http.Logging.LoggingHttpMessageHandler.<SendCoreAsync>g__Core|4_0(HttpRequestMessage request, Boolean useAsync, CancellationToken cancellationToken)
2026-09-25 21:21:42.941 +05:30 [INF] System.Net.Http.HttpClient.Default.LogicalHandler HTTP request failed after 4095.8001ms
System.Net.Http.HttpRequestException: No connection could be made because the target machine actively refused it. (localhost:8001)
 ---> System.Net.Sockets.SocketException (10061): No connection could be made because the target machine actively refused it.
   at System.Net.Sockets.Socket.AwaitableSocketAsyncEventArgs.ThrowException(SocketError error, CancellationToken cancellationToken)
   at System.Net.Sockets.Socket.AwaitableSocketAsyncEventArgs.System.Threading.Tasks.Sources.IValueTaskSource.GetResult(Int16 token)
   at System.Net.Http.HttpConnectionPool.ConnectToTcpHostAsync(String host, Int32 port, HttpRequestMessage initialRequest, Boolean async, Int64 connectionId, CancellationToken cancellationToken)
   --- End of inner exception stack trace ---
   at System.Net.Http.HttpConnectionPool.ConnectToTcpHostAsync(String host, Int32 port, HttpRequestMessage initialRequest, Boolean async, Int64 connectionId, CancellationToken cancellationToken)
   at System.Net.Http.HttpConnectionPool.ConnectAsync(HttpRequestMessage request, Boolean async, Boolean isForHttp2, CancellationToken cancellationToken)
   at System.Net.Http.HttpConnectionPool.CreateHttp11ConnectionAsync(HttpRequestMessage request, Boolean async, CancellationToken cancellationToken)
   at System.Net.Http.HttpConnectionPool.InjectNewHttp11ConnectionAsync(QueueItem queueItem)
   at System.Runtime.CompilerServices.RuntimeAsyncTaskContinuation.GetResult[T](Task task, Byte& result)
   at System.Threading.Tasks.TaskCompletionSourceWithCancellation`1.WaitWithCancellationAsync(CancellationToken cancellationToken)
   at System.Net.Http.HttpConnectionPool.SendWithVersionDetectionAndRetryAsync(HttpRequestMessage request, Boolean async, Boolean doRequestAuth, CancellationToken cancellationToken)
   at System.Net.Http.HttpMessageHandlerStage.SendAsync(HttpRequestMessage request, CancellationToken cancellationToken)
   at System.Net.Http.HttpMessageHandlerStage.SendAsync(HttpRequestMessage request, CancellationToken cancellationToken)
   at System.Net.Http.DiagnosticsHandler.SendAsyncCore(HttpRequestMessage request, Boolean async, CancellationToken cancellationToken)
   at System.Net.Http.RedirectHandler.SendAsync(HttpRequestMessage request, Boolean async, CancellationToken cancellationToken)
   at Microsoft.Extensions.Http.Logging.LoggingHttpMessageHandler.<SendCoreAsync>g__Core|4_0(HttpRequestMessage request, Boolean useAsync, CancellationToken cancellationToken)
   at Microsoft.Extensions.Http.Logging.LoggingScopeHttpMessageHandler.<SendCoreAsync>g__Core|4_0(HttpRequestMessage request, Boolean useAsync, CancellationToken cancellationToken)
2026-09-25 21:21:42.950 +05:30 [INF] System.Net.Http.HttpClient.Default.LogicalHandler HTTP request failed after 4105.7149ms
System.Net.Http.HttpRequestException: No connection could be made because the target machine actively refused it. (localhost:8001)
 ---> System.Net.Sockets.SocketException (10061): No connection could be made because the target machine actively refused it.
   at System.Net.Sockets.Socket.AwaitableSocketAsyncEventArgs.ThrowException(SocketError error, CancellationToken cancellationToken)
   at System.Net.Sockets.Socket.AwaitableSocketAsyncEventArgs.System.Threading.Tasks.Sources.IValueTaskSource.GetResult(Int16 token)
   at System.Net.Http.HttpConnectionPool.ConnectToTcpHostAsync(String host, Int32 port, HttpRequestMessage initialRequest, Boolean async, Int64 connectionId, CancellationToken cancellationToken)
   --- End of inner exception stack trace ---
   at System.Net.Http.HttpConnectionPool.ConnectToTcpHostAsync(String host, Int32 port, HttpRequestMessage initialRequest, Boolean async, Int64 connectionId, CancellationToken cancellationToken)
   at System.Net.Http.HttpConnectionPool.ConnectAsync(HttpRequestMessage request, Boolean async, Boolean isForHttp2, CancellationToken cancellationToken)
   at System.Net.Http.HttpConnectionPool.CreateHttp11ConnectionAsync(HttpRequestMessage request, Boolean async, CancellationToken cancellationToken)
   at System.Net.Http.HttpConnectionPool.InjectNewHttp11ConnectionAsync(QueueItem queueItem)
   at System.Runtime.CompilerServices.RuntimeAsyncTaskContinuation.GetResult[T](Task task, Byte& result)
   at System.Threading.Tasks.TaskCompletionSourceWithCancellation`1.WaitWithCancellationAsync(CancellationToken cancellationToken)
   at System.Net.Http.HttpConnectionPool.SendWithVersionDetectionAndRetryAsync(HttpRequestMessage request, Boolean async, Boolean doRequestAuth, CancellationToken cancellationToken)
   at System.Net.Http.HttpMessageHandlerStage.SendAsync(HttpRequestMessage request, CancellationToken cancellationToken)
   at System.Net.Http.HttpMessageHandlerStage.SendAsync(HttpRequestMessage request, CancellationToken cancellationToken)
   at System.Net.Http.DiagnosticsHandler.SendAsyncCore(HttpRequestMessage request, Boolean async, CancellationToken cancellationToken)
   at System.Net.Http.RedirectHandler.SendAsync(HttpRequestMessage request, Boolean async, CancellationToken cancellationToken)
   at Microsoft.Extensions.Http.Logging.LoggingHttpMessageHandler.<SendCoreAsync>g__Core|4_0(HttpRequestMessage request, Boolean useAsync, CancellationToken cancellationToken)
   at Microsoft.Extensions.Http.Logging.LoggingScopeHttpMessageHandler.<SendCoreAsync>g__Core|4_0(HttpRequestMessage request, Boolean useAsync, CancellationToken cancellationToken)
2026-09-25 21:21:42.956 +05:30 [INF] System.Net.Http.HttpClient.Default.LogicalHandler HTTP request failed after 4100.9163ms
System.Net.Http.HttpRequestException: No connection could be made because the target machine actively refused it. (localhost:8001)
 ---> System.Net.Sockets.SocketException (10061): No connection could be made because the target machine actively refused it.
   at System.Net.Sockets.Socket.AwaitableSocketAsyncEventArgs.ThrowException(SocketError error, CancellationToken cancellationToken)
   at System.Net.Sockets.Socket.AwaitableSocketAsyncEventArgs.System.Threading.Tasks.Sources.IValueTaskSource.GetResult(Int16 token)
   at System.Net.Http.HttpConnectionPool.ConnectToTcpHostAsync(String host, Int32 port, HttpRequestMessage initialRequest, Boolean async, Int64 connectionId, CancellationToken cancellationToken)
   --- End of inner exception stack trace ---
   at System.Net.Http.HttpConnectionPool.ConnectToTcpHostAsync(String host, Int32 port, HttpRequestMessage initialRequest, Boolean async, Int64 connectionId, CancellationToken cancellationToken)
   at System.Net.Http.HttpConnectionPool.ConnectAsync(HttpRequestMessage request, Boolean async, Boolean isForHttp2, CancellationToken cancellationToken)
   at System.Net.Http.HttpConnectionPool.CreateHttp11ConnectionAsync(HttpRequestMessage request, Boolean async, CancellationToken cancellationToken)
   at System.Net.Http.HttpConnectionPool.InjectNewHttp11ConnectionAsync(QueueItem queueItem)
   at System.Runtime.CompilerServices.RuntimeAsyncTaskContinuation.GetResult[T](Task task, Byte& result)
   at System.Threading.Tasks.TaskCompletionSourceWithCancellation`1.WaitWithCancellationAsync(CancellationToken cancellationToken)
   at System.Net.Http.HttpConnectionPool.SendWithVersionDetectionAndRetryAsync(HttpRequestMessage request, Boolean async, Boolean doRequestAuth, CancellationToken cancellationToken)
   at System.Net.Http.HttpMessageHandlerStage.SendAsync(HttpRequestMessage request, CancellationToken cancellationToken)
   at System.Net.Http.HttpMessageHandlerStage.SendAsync(HttpRequestMessage request, CancellationToken cancellationToken)
   at System.Net.Http.DiagnosticsHandler.SendAsyncCore(HttpRequestMessage request, Boolean async, CancellationToken cancellationToken)
   at System.Net.Http.RedirectHandler.SendAsync(HttpRequestMessage request, Boolean async, CancellationToken cancellationToken)
   at Microsoft.Extensions.Http.Logging.LoggingHttpMessageHandler.<SendCoreAsync>g__Core|4_0(HttpRequestMessage request, Boolean useAsync, CancellationToken cancellationToken)
   at Microsoft.Extensions.Http.Logging.LoggingScopeHttpMessageHandler.<SendCoreAsync>g__Core|4_0(HttpRequestMessage request, Boolean useAsync, CancellationToken cancellationToken)
2026-09-25 21:21:42.963 +05:30 [INF] System.Net.Http.HttpClient.Default.LogicalHandler HTTP request failed after 4113.9433ms
System.Net.Http.HttpRequestException: No connection could be made because the target machine actively refused it. (localhost:8001)
 ---> System.Net.Sockets.SocketException (10061): No connection could be made because the target machine actively refused it.
   at System.Net.Sockets.Socket.AwaitableSocketAsyncEventArgs.ThrowException(SocketError error, CancellationToken cancellationToken)
   at System.Net.Sockets.Socket.AwaitableSocketAsyncEventArgs.System.Threading.Tasks.Sources.IValueTaskSource.GetResult(Int16 token)
   at System.Net.Http.HttpConnectionPool.ConnectToTcpHostAsync(String host, Int32 port, HttpRequestMessage initialRequest, Boolean async, Int64 connectionId, CancellationToken cancellationToken)
   --- End of inner exception stack trace ---
   at System.Net.Http.HttpConnectionPool.ConnectToTcpHostAsync(String host, Int32 port, HttpRequestMessage initialRequest, Boolean async, Int64 connectionId, CancellationToken cancellationToken)
   at System.Net.Http.HttpConnectionPool.ConnectAsync(HttpRequestMessage request, Boolean async, Boolean isForHttp2, CancellationToken cancellationToken)
   at System.Net.Http.HttpConnectionPool.CreateHttp11ConnectionAsync(HttpRequestMessage request, Boolean async, CancellationToken cancellationToken)
   at System.Net.Http.HttpConnectionPool.InjectNewHttp11ConnectionAsync(QueueItem queueItem)
   at System.Runtime.CompilerServices.RuntimeAsyncTaskContinuation.GetResult[T](Task task, Byte& result)
   at System.Threading.Tasks.TaskCompletionSourceWithCancellation`1.WaitWithCancellationAsync(CancellationToken cancellationToken)
   at System.Net.Http.HttpConnectionPool.SendWithVersionDetectionAndRetryAsync(HttpRequestMessage request, Boolean async, Boolean doRequestAuth, CancellationToken cancellationToken)
   at System.Net.Http.HttpMessageHandlerStage.SendAsync(HttpRequestMessage request, CancellationToken cancellationToken)
   at System.Net.Http.HttpMessageHandlerStage.SendAsync(HttpRequestMessage request, CancellationToken cancellationToken)
   at System.Net.Http.DiagnosticsHandler.SendAsyncCore(HttpRequestMessage request, Boolean async, CancellationToken cancellationToken)
   at System.Net.Http.RedirectHandler.SendAsync(HttpRequestMessage request, Boolean async, CancellationToken cancellationToken)
   at Microsoft.Extensions.Http.Logging.LoggingHttpMessageHandler.<SendCoreAsync>g__Core|4_0(HttpRequestMessage request, Boolean useAsync, CancellationToken cancellationToken)
   at Microsoft.Extensions.Http.Logging.LoggingScopeHttpMessageHandler.<SendCoreAsync>g__Core|4_0(HttpRequestMessage request, Boolean useAsync, CancellationToken cancellationToken)
2026-09-25 21:21:42.968 +05:30 [WRN] FishLink.API.Controllers.AgentGatewayController Price API unreachable for species Mackerel
System.Net.Http.HttpRequestException: No connection could be made because the target machine actively refused it. (localhost:8001)
 ---> System.Net.Sockets.SocketException (10061): No connection could be made because the target machine actively refused it.
   at System.Net.Sockets.Socket.AwaitableSocketAsyncEventArgs.ThrowException(SocketError error, CancellationToken cancellationToken)
   at System.Net.Sockets.Socket.AwaitableSocketAsyncEventArgs.System.Threading.Tasks.Sources.IValueTaskSource.GetResult(Int16 token)
   at System.Net.Http.HttpConnectionPool.ConnectToTcpHostAsync(String host, Int32 port, HttpRequestMessage initialRequest, Boolean async, Int64 connectionId, CancellationToken cancellationToken)
   --- End of inner exception stack trace ---
   at System.Net.Http.HttpConnectionPool.ConnectToTcpHostAsync(String host, Int32 port, HttpRequestMessage initialRequest, Boolean async, Int64 connectionId, CancellationToken cancellationToken)
   at System.Net.Http.HttpConnectionPool.ConnectAsync(HttpRequestMessage request, Boolean async, Boolean isForHttp2, CancellationToken cancellationToken)
   at System.Net.Http.HttpConnectionPool.CreateHttp11ConnectionAsync(HttpRequestMessage request, Boolean async, CancellationToken cancellationToken)
   at System.Net.Http.HttpConnectionPool.InjectNewHttp11ConnectionAsync(QueueItem queueItem)
   at System.Runtime.CompilerServices.RuntimeAsyncTaskContinuation.GetResult[T](Task task, Byte& result)
   at System.Threading.Tasks.TaskCompletionSourceWithCancellation`1.WaitWithCancellationAsync(CancellationToken cancellationToken)
   at System.Net.Http.HttpConnectionPool.SendWithVersionDetectionAndRetryAsync(HttpRequestMessage request, Boolean async, Boolean doRequestAuth, CancellationToken cancellationToken)
   at System.Net.Http.HttpMessageHandlerStage.SendAsync(HttpRequestMessage request, CancellationToken cancellationToken)
   at System.Net.Http.HttpMessageHandlerStage.SendAsync(HttpRequestMessage request, CancellationToken cancellationToken)
   at System.Net.Http.DiagnosticsHandler.SendAsyncCore(HttpRequestMessage request, Boolean async, CancellationToken cancellationToken)
   at System.Net.Http.RedirectHandler.SendAsync(HttpRequestMessage request, Boolean async, CancellationToken cancellationToken)
   at Microsoft.Extensions.Http.Logging.LoggingHttpMessageHandler.<SendCoreAsync>g__Core|4_0(HttpRequestMessage request, Boolean useAsync, CancellationToken cancellationToken)
   at Microsoft.Extensions.Http.Logging.LoggingScopeHttpMessageHandler.<SendCoreAsync>g__Core|4_0(HttpRequestMessage request, Boolean useAsync, CancellationToken cancellationToken)
   at System.Runtime.CompilerServices.RuntimeAsyncTaskContinuation.GetResult[T](Task task, Byte& result)
   at System.Net.Http.HttpClient.<SendAsync>g__Core|83_0(HttpRequestMessage request, HttpCompletionOption completionOption, CancellationTokenSource cts, Boolean disposeCts, CancellationTokenSource pendingRequestsCts, CancellationToken originalCancellationToken)
   at FishLink.API.Controllers.AgentGatewayController.GetPricePrediction(String species) in C:\Users\gajan\Desktop\SEF-assigment-01-main\SEF-assigment-01-main\FishLink.API\Controllers\AgentGatewayController.cs:line 147
2026-09-25 21:21:42.973 +05:30 [WRN] FishLink.API.Controllers.AgentGatewayController Price API unreachable for species Trevally (Paraw)
System.Net.Http.HttpRequestException: No connection could be made because the target machine actively refused it. (localhost:8001)
 ---> System.Net.Sockets.SocketException (10061): No connection could be made because the target machine actively refused it.
   at System.Net.Sockets.Socket.AwaitableSocketAsyncEventArgs.ThrowException(SocketError error, CancellationToken cancellationToken)
   at System.Net.Sockets.Socket.AwaitableSocketAsyncEventArgs.System.Threading.Tasks.Sources.IValueTaskSource.GetResult(Int16 token)
   at System.Net.Http.HttpConnectionPool.ConnectToTcpHostAsync(String host, Int32 port, HttpRequestMessage initialRequest, Boolean async, Int64 connectionId, CancellationToken cancellationToken)
   --- End of inner exception stack trace ---
   at System.Net.Http.HttpConnectionPool.ConnectToTcpHostAsync(String host, Int32 port, HttpRequestMessage initialRequest, Boolean async, Int64 connectionId, CancellationToken cancellationToken)
   at System.Net.Http.HttpConnectionPool.ConnectAsync(HttpRequestMessage request, Boolean async, Boolean isForHttp2, CancellationToken cancellationToken)
   at System.Net.Http.HttpConnectionPool.CreateHttp11ConnectionAsync(HttpRequestMessage request, Boolean async, CancellationToken cancellationToken)
   at System.Net.Http.HttpConnectionPool.InjectNewHttp11ConnectionAsync(QueueItem queueItem)
   at System.Runtime.CompilerServices.RuntimeAsyncTaskContinuation.GetResult[T](Task task, Byte& result)
   at System.Threading.Tasks.TaskCompletionSourceWithCancellation`1.WaitWithCancellationAsync(CancellationToken cancellationToken)
   at System.Net.Http.HttpConnectionPool.SendWithVersionDetectionAndRetryAsync(HttpRequestMessage request, Boolean async, Boolean doRequestAuth, CancellationToken cancellationToken)
   at System.Net.Http.HttpMessageHandlerStage.SendAsync(HttpRequestMessage request, CancellationToken cancellationToken)
   at System.Net.Http.HttpMessageHandlerStage.SendAsync(HttpRequestMessage request, CancellationToken cancellationToken)
   at System.Net.Http.DiagnosticsHandler.SendAsyncCore(HttpRequestMessage request, Boolean async, CancellationToken cancellationToken)
   at System.Net.Http.RedirectHandler.SendAsync(HttpRequestMessage request, Boolean async, CancellationToken cancellationToken)
   at Microsoft.Extensions.Http.Logging.LoggingHttpMessageHandler.<SendCoreAsync>g__Core|4_0(HttpRequestMessage request, Boolean useAsync, CancellationToken cancellationToken)
   at Microsoft.Extensions.Http.Logging.LoggingScopeHttpMessageHandler.<SendCoreAsync>g__Core|4_0(HttpRequestMessage request, Boolean useAsync, CancellationToken cancellationToken)
   at System.Runtime.CompilerServices.RuntimeAsyncTaskContinuation.GetResult[T](Task task, Byte& result)
   at System.Net.Http.HttpClient.<SendAsync>g__Core|83_0(HttpRequestMessage request, HttpCompletionOption completionOption, CancellationTokenSource cts, Boolean disposeCts, CancellationTokenSource pendingRequestsCts, CancellationToken originalCancellationToken)
   at FishLink.API.Controllers.AgentGatewayController.GetPricePrediction(String species) in C:\Users\gajan\Desktop\SEF-assigment-01-main\SEF-assigment-01-main\FishLink.API\Controllers\AgentGatewayController.cs:line 147
2026-09-25 21:21:42.981 +05:30 [WRN] FishLink.API.Controllers.AgentGatewayController Price API unreachable for species Tuna (Yellowfin)
System.Net.Http.HttpRequestException: No connection could be made because the target machine actively refused it. (localhost:8001)
 ---> System.Net.Sockets.SocketException (10061): No connection could be made because the target machine actively refused it.
   at System.Net.Sockets.Socket.AwaitableSocketAsyncEventArgs.ThrowException(SocketError error, CancellationToken cancellationToken)
   at System.Net.Sockets.Socket.AwaitableSocketAsyncEventArgs.System.Threading.Tasks.Sources.IValueTaskSource.GetResult(Int16 token)
   at System.Net.Http.HttpConnectionPool.ConnectToTcpHostAsync(String host, Int32 port, HttpRequestMessage initialRequest, Boolean async, Int64 connectionId, CancellationToken cancellationToken)
   --- End of inner exception stack trace ---
   at System.Net.Http.HttpConnectionPool.ConnectToTcpHostAsync(String host, Int32 port, HttpRequestMessage initialRequest, Boolean async, Int64 connectionId, CancellationToken cancellationToken)
   at System.Net.Http.HttpConnectionPool.ConnectAsync(HttpRequestMessage request, Boolean async, Boolean isForHttp2, CancellationToken cancellationToken)
   at System.Net.Http.HttpConnectionPool.CreateHttp11ConnectionAsync(HttpRequestMessage request, Boolean async, CancellationToken cancellationToken)
   at System.Net.Http.HttpConnectionPool.InjectNewHttp11ConnectionAsync(QueueItem queueItem)
   at System.Runtime.CompilerServices.RuntimeAsyncTaskContinuation.GetResult[T](Task task, Byte& result)
   at System.Threading.Tasks.TaskCompletionSourceWithCancellation`1.WaitWithCancellationAsync(CancellationToken cancellationToken)
   at System.Net.Http.HttpConnectionPool.SendWithVersionDetectionAndRetryAsync(HttpRequestMessage request, Boolean async, Boolean doRequestAuth, CancellationToken cancellationToken)
   at System.Net.Http.HttpMessageHandlerStage.SendAsync(HttpRequestMessage request, CancellationToken cancellationToken)
   at System.Net.Http.HttpMessageHandlerStage.SendAsync(HttpRequestMessage request, CancellationToken cancellationToken)
   at System.Net.Http.DiagnosticsHandler.SendAsyncCore(HttpRequestMessage request, Boolean async, CancellationToken cancellationToken)
   at System.Net.Http.RedirectHandler.SendAsync(HttpRequestMessage request, Boolean async, CancellationToken cancellationToken)
   at Microsoft.Extensions.Http.Logging.LoggingHttpMessageHandler.<SendCoreAsync>g__Core|4_0(HttpRequestMessage request, Boolean useAsync, CancellationToken cancellationToken)
   at Microsoft.Extensions.Http.Logging.LoggingScopeHttpMessageHandler.<SendCoreAsync>g__Core|4_0(HttpRequestMessage request, Boolean useAsync, CancellationToken cancellationToken)
   at System.Runtime.CompilerServices.RuntimeAsyncTaskContinuation.GetResult[T](Task task, Byte& result)
   at System.Net.Http.HttpClient.<SendAsync>g__Core|83_0(HttpRequestMessage request, HttpCompletionOption completionOption, CancellationTokenSource cts, Boolean disposeCts, CancellationTokenSource pendingRequestsCts, CancellationToken originalCancellationToken)
   at FishLink.API.Controllers.AgentGatewayController.GetPricePrediction(String species) in C:\Users\gajan\Desktop\SEF-assigment-01-main\SEF-assigment-01-main\FishLink.API\Controllers\AgentGatewayController.cs:line 147
2026-09-25 21:21:42.986 +05:30 [WRN] FishLink.API.Controllers.AgentGatewayController Price API unreachable for species Skipjack
System.Net.Http.HttpRequestException: No connection could be made because the target machine actively refused it. (localhost:8001)
 ---> System.Net.Sockets.SocketException (10061): No connection could be made because the target machine actively refused it.
   at System.Net.Sockets.Socket.AwaitableSocketAsyncEventArgs.ThrowException(SocketError error, CancellationToken cancellationToken)
   at System.Net.Sockets.Socket.AwaitableSocketAsyncEventArgs.System.Threading.Tasks.Sources.IValueTaskSource.GetResult(Int16 token)
   at System.Net.Http.HttpConnectionPool.ConnectToTcpHostAsync(String host, Int32 port, HttpRequestMessage initialRequest, Boolean async, Int64 connectionId, CancellationToken cancellationToken)
   --- End of inner exception stack trace ---
   at System.Net.Http.HttpConnectionPool.ConnectToTcpHostAsync(String host, Int32 port, HttpRequestMessage initialRequest, Boolean async, Int64 connectionId, CancellationToken cancellationToken)
   at System.Net.Http.HttpConnectionPool.ConnectAsync(HttpRequestMessage request, Boolean async, Boolean isForHttp2, CancellationToken cancellationToken)
   at System.Net.Http.HttpConnectionPool.CreateHttp11ConnectionAsync(HttpRequestMessage request, Boolean async, CancellationToken cancellationToken)
   at System.Net.Http.HttpConnectionPool.InjectNewHttp11ConnectionAsync(QueueItem queueItem)
   at System.Runtime.CompilerServices.RuntimeAsyncTaskContinuation.GetResult[T](Task task, Byte& result)
   at System.Threading.Tasks.TaskCompletionSourceWithCancellation`1.WaitWithCancellationAsync(CancellationToken cancellationToken)
   at System.Net.Http.HttpConnectionPool.SendWithVersionDetectionAndRetryAsync(HttpRequestMessage request, Boolean async, Boolean doRequestAuth, CancellationToken cancellationToken)
   at System.Net.Http.HttpMessageHandlerStage.SendAsync(HttpRequestMessage request, CancellationToken cancellationToken)
   at System.Net.Http.HttpMessageHandlerStage.SendAsync(HttpRequestMessage request, CancellationToken cancellationToken)
   at System.Net.Http.DiagnosticsHandler.SendAsyncCore(HttpRequestMessage request, Boolean async, CancellationToken cancellationToken)
   at System.Net.Http.RedirectHandler.SendAsync(HttpRequestMessage request, Boolean async, CancellationToken cancellationToken)
   at Microsoft.Extensions.Http.Logging.LoggingHttpMessageHandler.<SendCoreAsync>g__Core|4_0(HttpRequestMessage request, Boolean useAsync, CancellationToken cancellationToken)
   at Microsoft.Extensions.Http.Logging.LoggingScopeHttpMessageHandler.<SendCoreAsync>g__Core|4_0(HttpRequestMessage request, Boolean useAsync, CancellationToken cancellationToken)
   at System.Runtime.CompilerServices.RuntimeAsyncTaskContinuation.GetResult[T](Task task, Byte& result)
   at System.Net.Http.HttpClient.<SendAsync>g__Core|83_0(HttpRequestMessage request, HttpCompletionOption completionOption, CancellationTokenSource cts, Boolean disposeCts, CancellationTokenSource pendingRequestsCts, CancellationToken originalCancellationToken)
   at FishLink.API.Controllers.AgentGatewayController.GetPricePrediction(String species) in C:\Users\gajan\Desktop\SEF-assigment-01-main\SEF-assigment-01-main\FishLink.API\Controllers\AgentGatewayController.cs:line 147
2026-09-25 21:21:42.992 +05:30 [ERR] Serilog.AspNetCore.RequestLoggingMiddleware HTTP GET /api/AgentGateway/prices/Mackerel/predict responded 503 in 4146.837 ms
2026-09-25 21:21:43.004 +05:30 [ERR] Serilog.AspNetCore.RequestLoggingMiddleware HTTP GET /api/AgentGateway/prices/Trevally (Paraw)/predict responded 503 in 4162.982 ms
2026-09-25 21:21:43.010 +05:30 [ERR] Serilog.AspNetCore.RequestLoggingMiddleware HTTP GET /api/AgentGateway/prices/Tuna (Yellowfin)/predict responded 503 in 4157.283 ms
2026-09-25 21:21:43.018 +05:30 [ERR] Serilog.AspNetCore.RequestLoggingMiddleware HTTP GET /api/AgentGateway/prices/Skipjack/predict responded 503 in 4169.421 ms
2026-09-25 21:34:03.252 +05:30 [INF] Serilog.AspNetCore.RequestLoggingMiddleware HTTP OPTIONS /api/Auth/login responded 204 in 0.102 ms
2026-09-25 21:34:03.806 +05:30 [INF] Serilog.AspNetCore.RequestLoggingMiddleware HTTP POST /api/Auth/login responded 200 in 536.903 ms
2026-09-25 21:34:04.215 +05:30 [INF] Serilog.AspNetCore.RequestLoggingMiddleware HTTP OPTIONS /api/Catches responded 204 in 0.046 ms
2026-09-25 21:34:04.310 +05:30 [INF] FishLink.API.Services.CatchService GetCatches: 4 results, page 1/1
2026-09-25 21:34:04.477 +05:30 [INF] Serilog.AspNetCore.RequestLoggingMiddleware HTTP GET /api/Catches responded 200 in 221.235 ms
2026-09-25 21:34:20.079 +05:30 [INF] Serilog.AspNetCore.RequestLoggingMiddleware HTTP OPTIONS /api/Weather/fishing-safety responded 204 in 0.044 ms
2026-09-25 21:34:20.104 +05:30 [INF] FishLink.API.Services.WeatherService OpenWeatherMap API key not configured — using simulated weather for Negombo
2026-09-25 21:34:20.112 +05:30 [INF] Serilog.AspNetCore.RequestLoggingMiddleware HTTP GET /api/Weather/fishing-safety responded 200 in 25.739 ms
2026-09-25 21:34:27.274 +05:30 [INF] Serilog.AspNetCore.RequestLoggingMiddleware HTTP OPTIONS /api/Catches responded 204 in 0.039 ms
2026-09-25 21:34:27.285 +05:30 [INF] FishLink.API.Services.CatchService GetCatches: 4 results, page 1/1
2026-09-25 21:34:27.292 +05:30 [INF] Serilog.AspNetCore.RequestLoggingMiddleware HTTP GET /api/Catches responded 200 in 11.269 ms
2026-09-25 21:34:33.904 +05:30 [INF] Serilog.AspNetCore.RequestLoggingMiddleware HTTP OPTIONS /api/Weather/fishing-safety responded 204 in 0.065 ms
2026-09-25 21:34:33.918 +05:30 [INF] Serilog.AspNetCore.RequestLoggingMiddleware HTTP GET /api/Weather/fishing-safety responded 200 in 0.788 ms
