2026-09-21 13:20:16.516 +05:30 [INF]  FishLink API starting on Development
2026-09-21 13:20:16.655 +05:30 [INF] Microsoft.Hosting.Lifetime Now listening on: http://localhost:5157
2026-09-21 13:20:16.657 +05:30 [INF] Microsoft.Hosting.Lifetime Application started. Press Ctrl+C to shut down.
2026-09-21 13:20:16.657 +05:30 [INF] Microsoft.Hosting.Lifetime Hosting environment: Development
2026-09-21 13:20:16.657 +05:30 [INF] Microsoft.Hosting.Lifetime Content root path: C:\Users\Kaveesha\Desktop\fish\FishLink.API
2026-09-21 13:22:32.374 +05:30 [WRN] Microsoft.AspNetCore.HttpsPolicy.HttpsRedirectionMiddleware Failed to determine the https port for redirect.
2026-09-21 13:22:33.987 +05:30 [INF] Serilog.AspNetCore.RequestLoggingMiddleware HTTP POST /api/Auth/register responded 200 in 1625.559 ms
2026-09-21 13:23:48.436 +05:30 [INF] Serilog.AspNetCore.RequestLoggingMiddleware HTTP OPTIONS /api/Auth/register responded 204 in 3.764 ms
2026-09-21 13:23:48.671 +05:30 [INF] Serilog.AspNetCore.RequestLoggingMiddleware HTTP POST /api/Auth/register responded 200 in 230.444 ms
2026-09-21 13:25:39.646 +05:30 [INF] Serilog.AspNetCore.RequestLoggingMiddleware HTTP OPTIONS /api/Auth/register responded 204 in 0.139 ms
2026-09-21 13:25:40.611 +05:30 [INF] Serilog.AspNetCore.RequestLoggingMiddleware HTTP POST /api/Auth/register responded 200 in 961.685 ms
2026-09-21 13:25:44.754 +05:30 [INF] Serilog.AspNetCore.RequestLoggingMiddleware HTTP OPTIONS /api/Auth/login responded 204 in 0.186 ms
2026-09-21 13:25:45.622 +05:30 [INF] Serilog.AspNetCore.RequestLoggingMiddleware HTTP POST /api/Auth/login responded 200 in 861.410 ms
2026-09-21 13:25:45.712 +05:30 [INF] Serilog.AspNetCore.RequestLoggingMiddleware HTTP OPTIONS /api/Catches responded 204 in 0.210 ms
2026-09-21 13:25:45.715 +05:30 [INF] Serilog.AspNetCore.RequestLoggingMiddleware HTTP OPTIONS /api/Catches responded 204 in 0.131 ms
2026-09-21 13:25:46.658 +05:30 [INF] FishLink.API.Services.CatchService GetCatches: 18 results, page 1/2
2026-09-21 13:25:46.802 +05:30 [INF] Serilog.AspNetCore.RequestLoggingMiddleware HTTP GET /api/Catches responded 200 in 1084.084 ms
2026-09-21 13:25:46.831 +05:30 [INF] FishLink.API.Services.CatchService GetCatches: 18 results, page 1/2
2026-09-21 13:25:46.837 +05:30 [INF] Serilog.AspNetCore.RequestLoggingMiddleware HTTP GET /api/Catches responded 200 in 42.980 ms
2026-09-21 13:25:57.077 +05:30 [INF] Serilog.AspNetCore.RequestLoggingMiddleware HTTP OPTIONS /api/BuyerMatch/score-buyers/17 responded 204 in 0.346 ms
2026-09-21 13:25:57.451 +05:30 [INF] Serilog.AspNetCore.RequestLoggingMiddleware HTTP GET /api/BuyerMatch/score-buyers/17 responded 200 in 366.492 ms
2026-09-21 13:26:01.855 +05:30 [INF] Serilog.AspNetCore.RequestLoggingMiddleware HTTP OPTIONS /api/BuyerMatch/buyers responded 204 in 0.172 ms
2026-09-21 13:26:01.861 +05:30 [INF] Serilog.AspNetCore.RequestLoggingMiddleware HTTP OPTIONS /api/BuyerMatch/buyers responded 204 in 0.341 ms
2026-09-21 13:26:02.024 +05:30 [INF] Serilog.AspNetCore.RequestLoggingMiddleware HTTP GET /api/BuyerMatch/buyers responded 200 in 151.433 ms
2026-09-21 13:26:02.029 +05:30 [INF] Serilog.AspNetCore.RequestLoggingMiddleware HTTP OPTIONS /api/BuyerMatch/buyers/12 responded 204 in 0.065 ms
2026-09-21 13:26:02.033 +05:30 [INF] Serilog.AspNetCore.RequestLoggingMiddleware HTTP GET /api/BuyerMatch/buyers responded 200 in 5.786 ms
2026-09-21 13:26:02.189 +05:30 [INF] Serilog.AspNetCore.RequestLoggingMiddleware HTTP GET /api/BuyerMatch/buyers/12 responded 200 in 157.669 ms
2026-09-21 13:26:02.202 +05:30 [INF] Serilog.AspNetCore.RequestLoggingMiddleware HTTP GET /api/BuyerMatch/buyers/12 responded 200 in 8.151 ms
2026-09-21 13:26:28.730 +05:30 [INF] Serilog.AspNetCore.RequestLoggingMiddleware HTTP OPTIONS /api/AgentGateway/prices/Tuna (Yellowfin)/predict responded 204 in 0.500 ms
2026-09-21 13:26:28.735 +05:30 [INF] Serilog.AspNetCore.RequestLoggingMiddleware HTTP OPTIONS /api/AgentGateway/prices/Skipjack/predict responded 204 in 0.088 ms
2026-09-21 13:26:28.736 +05:30 [INF] Serilog.AspNetCore.RequestLoggingMiddleware HTTP OPTIONS /api/AgentGateway/prices/Trevally (Paraw)/predict responded 204 in 0.050 ms
2026-09-21 13:26:28.737 +05:30 [INF] Serilog.AspNetCore.RequestLoggingMiddleware HTTP OPTIONS /api/AgentGateway/prices/Mackerel/predict responded 204 in 0.073 ms
2026-09-21 13:26:28.737 +05:30 [INF] Serilog.AspNetCore.RequestLoggingMiddleware HTTP OPTIONS /api/Catches/market-stats responded 204 in 0.042 ms
2026-09-21 13:26:28.773 +05:30 [INF] System.Net.Http.HttpClient.Default.LogicalHandler Start processing HTTP request GET http://localhost:8001/api/prices/Tuna%20%28Yellowfin%29/predict
2026-09-21 13:26:28.773 +05:30 [INF] System.Net.Http.HttpClient.Default.LogicalHandler Start processing HTTP request GET http://localhost:8001/api/prices/Trevally%20%28Paraw%29/predict
2026-09-21 13:26:28.773 +05:30 [INF] System.Net.Http.HttpClient.Default.LogicalHandler Start processing HTTP request GET http://localhost:8001/api/prices/Mackerel/predict
2026-09-21 13:26:28.776 +05:30 [INF] System.Net.Http.HttpClient.Default.ClientHandler Sending HTTP request GET http://localhost:8001/api/prices/Tuna%20%28Yellowfin%29/predict
2026-09-21 13:26:28.773 +05:30 [INF] System.Net.Http.HttpClient.Default.LogicalHandler Start processing HTTP request GET http://localhost:8001/api/prices/Skipjack/predict
2026-09-21 13:26:28.777 +05:30 [INF] System.Net.Http.HttpClient.Default.ClientHandler Sending HTTP request GET http://localhost:8001/api/prices/Skipjack/predict
2026-09-21 13:26:28.777 +05:30 [INF] System.Net.Http.HttpClient.Default.ClientHandler Sending HTTP request GET http://localhost:8001/api/prices/Trevally%20%28Paraw%29/predict
2026-09-21 13:26:28.778 +05:30 [INF] System.Net.Http.HttpClient.Default.ClientHandler Sending HTTP request GET http://localhost:8001/api/prices/Mackerel/predict
2026-09-21 13:26:28.908 +05:30 [INF] Serilog.AspNetCore.RequestLoggingMiddleware HTTP GET /api/Catches/market-stats responded 200 in 154.789 ms
2026-09-21 13:26:28.924 +05:30 [INF] Serilog.AspNetCore.RequestLoggingMiddleware HTTP GET /api/Catches/market-stats responded 200 in 10.709 ms
2026-09-21 13:26:33.097 +05:30 [INF] System.Net.Http.HttpClient.Default.ClientHandler HTTP request failed after 4312.4529ms
System.Net.Http.HttpRequestException: No connection could be made because the target machine actively refused it. (localhost:8001)
 ---> System.Net.Sockets.SocketException (10061): No connection could be made because the target machine actively refused it.
   at System.Net.Sockets.Socket.AwaitableSocketAsyncEventArgs.ThrowException(SocketError error, CancellationToken cancellationToken)
   at System.Net.Sockets.Socket.AwaitableSocketAsyncEventArgs.System.Threading.Tasks.Sources.IValueTaskSource.GetResult(Int16 token)
   at System.Runtime.CompilerServices.AsyncHelpers.ValueTaskSourceContinuation.GetResult(Object source, Int16 token, Byte& result)
   at System.Runtime.CompilerServices.AsyncHelpers.ValueTaskSourceContinuation.ValueTaskSourceContinuationResume.ResumeValueTaskSourceContinuation(Continuation cont, Byte& result)
   at System.Net.Http.HttpConnectionPool.ConnectToTcpHostAsync(String host, Int32 port, HttpRequestMessage initialRequest, Boolean async, CancellationToken cancellationToken)
   --- End of inner exception stack trace ---
   at System.Net.Http.HttpConnectionPool.ConnectToTcpHostAsync(String host, Int32 port, HttpRequestMessage initialRequest, Boolean async, CancellationToken cancellationToken)
   at System.Net.Http.HttpConnectionPool.ConnectAsync(HttpRequestMessage request, Boolean async, Boolean isForHttp2, CancellationToken cancellationToken)
   at System.Net.Http.HttpConnectionPool.CreateHttp11ConnectionAsync(HttpRequestMessage request, Boolean async, CancellationToken cancellationToken)
   at System.Net.Http.HttpConnectionPool.InjectNewHttp11ConnectionAsync(QueueItem queueItem)
   at System.Runtime.CompilerServices.RuntimeAsyncTaskContinuation.GetResult[T](Task task, Byte& result)
   at System.Runtime.CompilerServices.RuntimeAsyncTaskContinuation.TaskContinuationResume.ResumeTaskContinuation(Continuation cont, Byte& result)
   at System.Threading.Tasks.TaskCompletionSourceWithCancellation`1.WaitWithCancellationAsync(CancellationToken cancellationToken)
   at System.Runtime.CompilerServices.RuntimeAsyncTaskContinuation.GetResult[T](Task task, Byte& result)
   at System.Runtime.CompilerServices.RuntimeAsyncTaskContinuation.TaskContinuationResume.ResumeTaskContinuation(Continuation cont, Byte& result)
   at System.Net.Http.HttpConnectionPool.SendWithVersionDetectionAndRetryAsync(HttpRequestMessage request, Boolean async, Boolean doRequestAuth, CancellationToken cancellationToken)
   at System.Runtime.CompilerServices.RuntimeAsyncTaskContinuation.GetResult[T](Task task, Byte& result)
   at System.Runtime.CompilerServices.RuntimeAsyncTaskContinuation.TaskContinuationResume.ResumeTaskContinuation(Continuation cont, Byte& result)
   at System.Net.Http.DiagnosticsHandler.SendAsyncCore(HttpRequestMessage request, Boolean async, CancellationToken cancellationToken)
   at System.Net.Http.RedirectHandler.SendAsync(HttpRequestMessage request, Boolean async, CancellationToken cancellationToken)
   at System.Runtime.CompilerServices.RuntimeAsyncTaskContinuation.GetResult[T](Task task, Byte& result)
   at System.Runtime.CompilerServices.RuntimeAsyncTaskContinuation.TaskContinuationResume.ResumeTaskContinuation(Continuation cont, Byte& result)
   at System.Net.Http.SocketsHttpHandler.<SendAsync>g__CreateHandlerAndSendAsync|116_0(HttpRequestMessage request, CancellationToken cancellationToken)
   at Microsoft.Extensions.Http.Logging.LoggingHttpMessageHandler.<SendCoreAsync>g__Core|4_0(HttpRequestMessage request, Boolean useAsync, CancellationToken cancellationToken)
2026-09-21 13:26:33.104 +05:30 [INF] System.Net.Http.HttpClient.Default.LogicalHandler HTTP request failed after 4336.8758ms
System.Net.Http.HttpRequestException: No connection could be made because the target machine actively refused it. (localhost:8001)
 ---> System.Net.Sockets.SocketException (10061): No connection could be made because the target machine actively refused it.
   at System.Net.Sockets.Socket.AwaitableSocketAsyncEventArgs.ThrowException(SocketError error, CancellationToken cancellationToken)
   at System.Net.Sockets.Socket.AwaitableSocketAsyncEventArgs.System.Threading.Tasks.Sources.IValueTaskSource.GetResult(Int16 token)
   at System.Runtime.CompilerServices.AsyncHelpers.ValueTaskSourceContinuation.GetResult(Object source, Int16 token, Byte& result)
   at System.Runtime.CompilerServices.AsyncHelpers.ValueTaskSourceContinuation.ValueTaskSourceContinuationResume.ResumeValueTaskSourceContinuation(Continuation cont, Byte& result)
   at System.Net.Http.HttpConnectionPool.ConnectToTcpHostAsync(String host, Int32 port, HttpRequestMessage initialRequest, Boolean async, CancellationToken cancellationToken)
   --- End of inner exception stack trace ---
   at System.Net.Http.HttpConnectionPool.ConnectToTcpHostAsync(String host, Int32 port, HttpRequestMessage initialRequest, Boolean async, CancellationToken cancellationToken)
   at System.Net.Http.HttpConnectionPool.ConnectAsync(HttpRequestMessage request, Boolean async, Boolean isForHttp2, CancellationToken cancellationToken)
   at System.Net.Http.HttpConnectionPool.CreateHttp11ConnectionAsync(HttpRequestMessage request, Boolean async, CancellationToken cancellationToken)
   at System.Net.Http.HttpConnectionPool.InjectNewHttp11ConnectionAsync(QueueItem queueItem)
   at System.Runtime.CompilerServices.RuntimeAsyncTaskContinuation.GetResult[T](Task task, Byte& result)
   at System.Runtime.CompilerServices.RuntimeAsyncTaskContinuation.TaskContinuationResume.ResumeTaskContinuation(Continuation cont, Byte& result)
   at System.Threading.Tasks.TaskCompletionSourceWithCancellation`1.WaitWithCancellationAsync(CancellationToken cancellationToken)
   at System.Runtime.CompilerServices.RuntimeAsyncTaskContinuation.GetResult[T](Task task, Byte& result)
   at System.Runtime.CompilerServices.RuntimeAsyncTaskContinuation.TaskContinuationResume.ResumeTaskContinuation(Continuation cont, Byte& result)
   at System.Net.Http.HttpConnectionPool.SendWithVersionDetectionAndRetryAsync(HttpRequestMessage request, Boolean async, Boolean doRequestAuth, CancellationToken cancellationToken)
   at System.Runtime.CompilerServices.RuntimeAsyncTaskContinuation.GetResult[T](Task task, Byte& result)
   at System.Runtime.CompilerServices.RuntimeAsyncTaskContinuation.TaskContinuationResume.ResumeTaskContinuation(Continuation cont, Byte& result)
   at System.Net.Http.DiagnosticsHandler.SendAsyncCore(HttpRequestMessage request, Boolean async, CancellationToken cancellationToken)
   at System.Net.Http.RedirectHandler.SendAsync(HttpRequestMessage request, Boolean async, CancellationToken cancellationToken)
   at System.Runtime.CompilerServices.RuntimeAsyncTaskContinuation.GetResult[T](Task task, Byte& result)
   at System.Runtime.CompilerServices.RuntimeAsyncTaskContinuation.TaskContinuationResume.ResumeTaskContinuation(Continuation cont, Byte& result)
   at System.Net.Http.SocketsHttpHandler.<SendAsync>g__CreateHandlerAndSendAsync|116_0(HttpRequestMessage request, CancellationToken cancellationToken)
   at Microsoft.Extensions.Http.Logging.LoggingHttpMessageHandler.<SendCoreAsync>g__Core|4_0(HttpRequestMessage request, Boolean useAsync, CancellationToken cancellationToken)
   at Microsoft.Extensions.Http.Logging.LoggingScopeHttpMessageHandler.<SendCoreAsync>g__Core|4_0(HttpRequestMessage request, Boolean useAsync, CancellationToken cancellationToken)
2026-09-21 13:26:33.118 +05:30 [INF] System.Net.Http.HttpClient.Default.ClientHandler HTTP request failed after 4341.8646ms
System.Net.Http.HttpRequestException: No connection could be made because the target machine actively refused it. (localhost:8001)
 ---> System.Net.Sockets.SocketException (10061): No connection could be made because the target machine actively refused it.
   at System.Net.Sockets.Socket.AwaitableSocketAsyncEventArgs.ThrowException(SocketError error, CancellationToken cancellationToken)
   at System.Net.Sockets.Socket.AwaitableSocketAsyncEventArgs.System.Threading.Tasks.Sources.IValueTaskSource.GetResult(Int16 token)
   at System.Runtime.CompilerServices.AsyncHelpers.ValueTaskSourceContinuation.GetResult(Object source, Int16 token, Byte& result)
   at System.Runtime.CompilerServices.AsyncHelpers.ValueTaskSourceContinuation.ValueTaskSourceContinuationResume.ResumeValueTaskSourceContinuation(Continuation cont, Byte& result)
   at System.Net.Http.HttpConnectionPool.ConnectToTcpHostAsync(String host, Int32 port, HttpRequestMessage initialRequest, Boolean async, CancellationToken cancellationToken)
   --- End of inner exception stack trace ---
   at System.Net.Http.HttpConnectionPool.ConnectToTcpHostAsync(String host, Int32 port, HttpRequestMessage initialRequest, Boolean async, CancellationToken cancellationToken)
   at System.Net.Http.HttpConnectionPool.ConnectAsync(HttpRequestMessage request, Boolean async, Boolean isForHttp2, CancellationToken cancellationToken)
   at System.Net.Http.HttpConnectionPool.CreateHttp11ConnectionAsync(HttpRequestMessage request, Boolean async, CancellationToken cancellationToken)
   at System.Net.Http.HttpConnectionPool.InjectNewHttp11ConnectionAsync(QueueItem queueItem)
   at System.Runtime.CompilerServices.RuntimeAsyncTaskContinuation.GetResult[T](Task task, Byte& result)
   at System.Runtime.CompilerServices.RuntimeAsyncTaskContinuation.TaskContinuationResume.ResumeTaskContinuation(Continuation cont, Byte& result)
   at System.Threading.Tasks.TaskCompletionSourceWithCancellation`1.WaitWithCancellationAsync(CancellationToken cancellationToken)
   at System.Runtime.CompilerServices.RuntimeAsyncTaskContinuation.GetResult[T](Task task, Byte& result)
   at System.Runtime.CompilerServices.RuntimeAsyncTaskContinuation.TaskContinuationResume.ResumeTaskContinuation(Continuation cont, Byte& result)
   at System.Net.Http.HttpConnectionPool.SendWithVersionDetectionAndRetryAsync(HttpRequestMessage request, Boolean async, Boolean doRequestAuth, CancellationToken cancellationToken)
   at System.Runtime.CompilerServices.RuntimeAsyncTaskContinuation.GetResult[T](Task task, Byte& result)
   at System.Runtime.CompilerServices.RuntimeAsyncTaskContinuation.TaskContinuationResume.ResumeTaskContinuation(Continuation cont, Byte& result)
   at System.Net.Http.DiagnosticsHandler.SendAsyncCore(HttpRequestMessage request, Boolean async, CancellationToken cancellationToken)
   at System.Net.Http.RedirectHandler.SendAsync(HttpRequestMessage request, Boolean async, CancellationToken cancellationToken)
   at System.Runtime.CompilerServices.RuntimeAsyncTaskContinuation.GetResult[T](Task task, Byte& result)
   at System.Runtime.CompilerServices.RuntimeAsyncTaskContinuation.TaskContinuationResume.ResumeTaskContinuation(Continuation cont, Byte& result)
   at System.Net.Http.SocketsHttpHandler.<SendAsync>g__CreateHandlerAndSendAsync|116_0(HttpRequestMessage request, CancellationToken cancellationToken)
   at Microsoft.Extensions.Http.Logging.LoggingHttpMessageHandler.<SendCoreAsync>g__Core|4_0(HttpRequestMessage request, Boolean useAsync, CancellationToken cancellationToken)
2026-09-21 13:26:33.121 +05:30 [INF] System.Net.Http.HttpClient.Default.LogicalHandler HTTP request failed after 4357.8451ms
System.Net.Http.HttpRequestException: No connection could be made because the target machine actively refused it. (localhost:8001)
 ---> System.Net.Sockets.SocketException (10061): No connection could be made because the target machine actively refused it.
   at System.Net.Sockets.Socket.AwaitableSocketAsyncEventArgs.ThrowException(SocketError error, CancellationToken cancellationToken)
   at System.Net.Sockets.Socket.AwaitableSocketAsyncEventArgs.System.Threading.Tasks.Sources.IValueTaskSource.GetResult(Int16 token)
   at System.Runtime.CompilerServices.AsyncHelpers.ValueTaskSourceContinuation.GetResult(Object source, Int16 token, Byte& result)
   at System.Runtime.CompilerServices.AsyncHelpers.ValueTaskSourceContinuation.ValueTaskSourceContinuationResume.ResumeValueTaskSourceContinuation(Continuation cont, Byte& result)
   at System.Net.Http.HttpConnectionPool.ConnectToTcpHostAsync(String host, Int32 port, HttpRequestMessage initialRequest, Boolean async, CancellationToken cancellationToken)
   --- End of inner exception stack trace ---
   at System.Net.Http.HttpConnectionPool.ConnectToTcpHostAsync(String host, Int32 port, HttpRequestMessage initialRequest, Boolean async, CancellationToken cancellationToken)
   at System.Net.Http.HttpConnectionPool.ConnectAsync(HttpRequestMessage request, Boolean async, Boolean isForHttp2, CancellationToken cancellationToken)
   at System.Net.Http.HttpConnectionPool.CreateHttp11ConnectionAsync(HttpRequestMessage request, Boolean async, CancellationToken cancellationToken)
   at System.Net.Http.HttpConnectionPool.InjectNewHttp11ConnectionAsync(QueueItem queueItem)
   at System.Runtime.CompilerServices.RuntimeAsyncTaskContinuation.GetResult[T](Task task, Byte& result)
   at System.Runtime.CompilerServices.RuntimeAsyncTaskContinuation.TaskContinuationResume.ResumeTaskContinuation(Continuation cont, Byte& result)
   at System.Threading.Tasks.TaskCompletionSourceWithCancellation`1.WaitWithCancellationAsync(CancellationToken cancellationToken)
   at System.Runtime.CompilerServices.RuntimeAsyncTaskContinuation.GetResult[T](Task task, Byte& result)
   at System.Runtime.CompilerServices.RuntimeAsyncTaskContinuation.TaskContinuationResume.ResumeTaskContinuation(Continuation cont, Byte& result)
   at System.Net.Http.HttpConnectionPool.SendWithVersionDetectionAndRetryAsync(HttpRequestMessage request, Boolean async, Boolean doRequestAuth, CancellationToken cancellationToken)
   at System.Runtime.CompilerServices.RuntimeAsyncTaskContinuation.GetResult[T](Task task, Byte& result)
   at System.Runtime.CompilerServices.RuntimeAsyncTaskContinuation.TaskContinuationResume.ResumeTaskContinuation(Continuation cont, Byte& result)
   at System.Net.Http.DiagnosticsHandler.SendAsyncCore(HttpRequestMessage request, Boolean async, CancellationToken cancellationToken)
   at System.Net.Http.RedirectHandler.SendAsync(HttpRequestMessage request, Boolean async, CancellationToken cancellationToken)
   at System.Runtime.CompilerServices.RuntimeAsyncTaskContinuation.GetResult[T](Task task, Byte& result)
   at System.Runtime.CompilerServices.RuntimeAsyncTaskContinuation.TaskContinuationResume.ResumeTaskContinuation(Continuation cont, Byte& result)
   at System.Net.Http.SocketsHttpHandler.<SendAsync>g__CreateHandlerAndSendAsync|116_0(HttpRequestMessage request, CancellationToken cancellationToken)
   at Microsoft.Extensions.Http.Logging.LoggingHttpMessageHandler.<SendCoreAsync>g__Core|4_0(HttpRequestMessage request, Boolean useAsync, CancellationToken cancellationToken)
   at Microsoft.Extensions.Http.Logging.LoggingScopeHttpMessageHandler.<SendCoreAsync>g__Core|4_0(HttpRequestMessage request, Boolean useAsync, CancellationToken cancellationToken)
2026-09-21 13:26:33.126 +05:30 [INF] System.Net.Http.HttpClient.Default.ClientHandler HTTP request failed after 4349.2494ms
System.Net.Http.HttpRequestException: No connection could be made because the target machine actively refused it. (localhost:8001)
 ---> System.Net.Sockets.SocketException (10061): No connection could be made because the target machine actively refused it.
   at System.Net.Sockets.Socket.AwaitableSocketAsyncEventArgs.ThrowException(SocketError error, CancellationToken cancellationToken)
   at System.Net.Sockets.Socket.AwaitableSocketAsyncEventArgs.System.Threading.Tasks.Sources.IValueTaskSource.GetResult(Int16 token)
   at System.Runtime.CompilerServices.AsyncHelpers.ValueTaskSourceContinuation.GetResult(Object source, Int16 token, Byte& result)
   at System.Runtime.CompilerServices.AsyncHelpers.ValueTaskSourceContinuation.ValueTaskSourceContinuationResume.ResumeValueTaskSourceContinuation(Continuation cont, Byte& result)
   at System.Net.Http.HttpConnectionPool.ConnectToTcpHostAsync(String host, Int32 port, HttpRequestMessage initialRequest, Boolean async, CancellationToken cancellationToken)
   --- End of inner exception stack trace ---
   at System.Net.Http.HttpConnectionPool.ConnectToTcpHostAsync(String host, Int32 port, HttpRequestMessage initialRequest, Boolean async, CancellationToken cancellationToken)
   at System.Net.Http.HttpConnectionPool.ConnectAsync(HttpRequestMessage request, Boolean async, Boolean isForHttp2, CancellationToken cancellationToken)
   at System.Net.Http.HttpConnectionPool.CreateHttp11ConnectionAsync(HttpRequestMessage request, Boolean async, CancellationToken cancellationToken)
   at System.Net.Http.HttpConnectionPool.InjectNewHttp11ConnectionAsync(QueueItem queueItem)
   at System.Runtime.CompilerServices.RuntimeAsyncTaskContinuation.GetResult[T](Task task, Byte& result)
   at System.Runtime.CompilerServices.RuntimeAsyncTaskContinuation.TaskContinuationResume.ResumeTaskContinuation(Continuation cont, Byte& result)
   at System.Threading.Tasks.TaskCompletionSourceWithCancellation`1.WaitWithCancellationAsync(CancellationToken cancellationToken)
   at System.Runtime.CompilerServices.RuntimeAsyncTaskContinuation.GetResult[T](Task task, Byte& result)
   at System.Runtime.CompilerServices.RuntimeAsyncTaskContinuation.TaskContinuationResume.ResumeTaskContinuation(Continuation cont, Byte& result)
   at System.Net.Http.HttpConnectionPool.SendWithVersionDetectionAndRetryAsync(HttpRequestMessage request, Boolean async, Boolean doRequestAuth, CancellationToken cancellationToken)
   at System.Runtime.CompilerServices.RuntimeAsyncTaskContinuation.GetResult[T](Task task, Byte& result)
   at System.Runtime.CompilerServices.RuntimeAsyncTaskContinuation.TaskContinuationResume.ResumeTaskContinuation(Continuation cont, Byte& result)
   at System.Net.Http.DiagnosticsHandler.SendAsyncCore(HttpRequestMessage request, Boolean async, CancellationToken cancellationToken)
   at System.Net.Http.RedirectHandler.SendAsync(HttpRequestMessage request, Boolean async, CancellationToken cancellationToken)
   at System.Runtime.CompilerServices.RuntimeAsyncTaskContinuation.GetResult[T](Task task, Byte& result)
   at System.Runtime.CompilerServices.RuntimeAsyncTaskContinuation.TaskContinuationResume.ResumeTaskContinuation(Continuation cont, Byte& result)
   at System.Net.Http.SocketsHttpHandler.<SendAsync>g__CreateHandlerAndSendAsync|116_0(HttpRequestMessage request, CancellationToken cancellationToken)
   at Microsoft.Extensions.Http.Logging.LoggingHttpMessageHandler.<SendCoreAsync>g__Core|4_0(HttpRequestMessage request, Boolean useAsync, CancellationToken cancellationToken)
2026-09-21 13:26:33.140 +05:30 [INF] System.Net.Http.HttpClient.Default.LogicalHandler HTTP request failed after 4372.7605ms
System.Net.Http.HttpRequestException: No connection could be made because the target machine actively refused it. (localhost:8001)
 ---> System.Net.Sockets.SocketException (10061): No connection could be made because the target machine actively refused it.
   at System.Net.Sockets.Socket.AwaitableSocketAsyncEventArgs.ThrowException(SocketError error, CancellationToken cancellationToken)
   at System.Net.Sockets.Socket.AwaitableSocketAsyncEventArgs.System.Threading.Tasks.Sources.IValueTaskSource.GetResult(Int16 token)
   at System.Runtime.CompilerServices.AsyncHelpers.ValueTaskSourceContinuation.GetResult(Object source, Int16 token, Byte& result)
   at System.Runtime.CompilerServices.AsyncHelpers.ValueTaskSourceContinuation.ValueTaskSourceContinuationResume.ResumeValueTaskSourceContinuation(Continuation cont, Byte& result)
   at System.Net.Http.HttpConnectionPool.ConnectToTcpHostAsync(String host, Int32 port, HttpRequestMessage initialRequest, Boolean async, CancellationToken cancellationToken)
   --- End of inner exception stack trace ---
   at System.Net.Http.HttpConnectionPool.ConnectToTcpHostAsync(String host, Int32 port, HttpRequestMessage initialRequest, Boolean async, CancellationToken cancellationToken)
   at System.Net.Http.HttpConnectionPool.ConnectAsync(HttpRequestMessage request, Boolean async, Boolean isForHttp2, CancellationToken cancellationToken)
   at System.Net.Http.HttpConnectionPool.CreateHttp11ConnectionAsync(HttpRequestMessage request, Boolean async, CancellationToken cancellationToken)
   at System.Net.Http.HttpConnectionPool.InjectNewHttp11ConnectionAsync(QueueItem queueItem)
   at System.Runtime.CompilerServices.RuntimeAsyncTaskContinuation.GetResult[T](Task task, Byte& result)
   at System.Runtime.CompilerServices.RuntimeAsyncTaskContinuation.TaskContinuationResume.ResumeTaskContinuation(Continuation cont, Byte& result)
   at System.Threading.Tasks.TaskCompletionSourceWithCancellation`1.WaitWithCancellationAsync(CancellationToken cancellationToken)
   at System.Runtime.CompilerServices.RuntimeAsyncTaskContinuation.GetResult[T](Task task, Byte& result)
   at System.Runtime.CompilerServices.RuntimeAsyncTaskContinuation.TaskContinuationResume.ResumeTaskContinuation(Continuation cont, Byte& result)
   at System.Net.Http.HttpConnectionPool.SendWithVersionDetectionAndRetryAsync(HttpRequestMessage request, Boolean async, Boolean doRequestAuth, CancellationToken cancellationToken)
   at System.Runtime.CompilerServices.RuntimeAsyncTaskContinuation.GetResult[T](Task task, Byte& result)
   at System.Runtime.CompilerServices.RuntimeAsyncTaskContinuation.TaskContinuationResume.ResumeTaskContinuation(Continuation cont, Byte& result)
   at System.Net.Http.DiagnosticsHandler.SendAsyncCore(HttpRequestMessage request, Boolean async, CancellationToken cancellationToken)
   at System.Net.Http.RedirectHandler.SendAsync(HttpRequestMessage request, Boolean async, CancellationToken cancellationToken)
   at System.Runtime.CompilerServices.RuntimeAsyncTaskContinuation.GetResult[T](Task task, Byte& result)
   at System.Runtime.CompilerServices.RuntimeAsyncTaskContinuation.TaskContinuationResume.ResumeTaskContinuation(Continuation cont, Byte& result)
   at System.Net.Http.SocketsHttpHandler.<SendAsync>g__CreateHandlerAndSendAsync|116_0(HttpRequestMessage request, CancellationToken cancellationToken)
   at Microsoft.Extensions.Http.Logging.LoggingHttpMessageHandler.<SendCoreAsync>g__Core|4_0(HttpRequestMessage request, Boolean useAsync, CancellationToken cancellationToken)
   at Microsoft.Extensions.Http.Logging.LoggingScopeHttpMessageHandler.<SendCoreAsync>g__Core|4_0(HttpRequestMessage request, Boolean useAsync, CancellationToken cancellationToken)
2026-09-21 13:26:33.108 +05:30 [WRN] FishLink.API.Controllers.AgentGatewayController Price API unreachable for species Mackerel
System.Net.Http.HttpRequestException: No connection could be made because the target machine actively refused it. (localhost:8001)
 ---> System.Net.Sockets.SocketException (10061): No connection could be made because the target machine actively refused it.
   at System.Net.Sockets.Socket.AwaitableSocketAsyncEventArgs.ThrowException(SocketError error, CancellationToken cancellationToken)
   at System.Net.Sockets.Socket.AwaitableSocketAsyncEventArgs.System.Threading.Tasks.Sources.IValueTaskSource.GetResult(Int16 token)
   at System.Runtime.CompilerServices.AsyncHelpers.ValueTaskSourceContinuation.GetResult(Object source, Int16 token, Byte& result)
   at System.Runtime.CompilerServices.AsyncHelpers.ValueTaskSourceContinuation.ValueTaskSourceContinuationResume.ResumeValueTaskSourceContinuation(Continuation cont, Byte& result)
   at System.Net.Http.HttpConnectionPool.ConnectToTcpHostAsync(String host, Int32 port, HttpRequestMessage initialRequest, Boolean async, CancellationToken cancellationToken)
   --- End of inner exception stack trace ---
   at System.Net.Http.HttpConnectionPool.ConnectToTcpHostAsync(String host, Int32 port, HttpRequestMessage initialRequest, Boolean async, CancellationToken cancellationToken)
   at System.Net.Http.HttpConnectionPool.ConnectAsync(HttpRequestMessage request, Boolean async, Boolean isForHttp2, CancellationToken cancellationToken)
   at System.Net.Http.HttpConnectionPool.CreateHttp11ConnectionAsync(HttpRequestMessage request, Boolean async, CancellationToken cancellationToken)
   at System.Net.Http.HttpConnectionPool.InjectNewHttp11ConnectionAsync(QueueItem queueItem)
   at System.Runtime.CompilerServices.RuntimeAsyncTaskContinuation.GetResult[T](Task task, Byte& result)
   at System.Runtime.CompilerServices.RuntimeAsyncTaskContinuation.TaskContinuationResume.ResumeTaskContinuation(Continuation cont, Byte& result)
   at System.Threading.Tasks.TaskCompletionSourceWithCancellation`1.WaitWithCancellationAsync(CancellationToken cancellationToken)
   at System.Runtime.CompilerServices.RuntimeAsyncTaskContinuation.GetResult[T](Task task, Byte& result)
   at System.Runtime.CompilerServices.RuntimeAsyncTaskContinuation.TaskContinuationResume.ResumeTaskContinuation(Continuation cont, Byte& result)
   at System.Net.Http.HttpConnectionPool.SendWithVersionDetectionAndRetryAsync(HttpRequestMessage request, Boolean async, Boolean doRequestAuth, CancellationToken cancellationToken)
   at System.Runtime.CompilerServices.RuntimeAsyncTaskContinuation.GetResult[T](Task task, Byte& result)
   at System.Runtime.CompilerServices.RuntimeAsyncTaskContinuation.TaskContinuationResume.ResumeTaskContinuation(Continuation cont, Byte& result)
   at System.Net.Http.DiagnosticsHandler.SendAsyncCore(HttpRequestMessage request, Boolean async, CancellationToken cancellationToken)
   at System.Net.Http.RedirectHandler.SendAsync(HttpRequestMessage request, Boolean async, CancellationToken cancellationToken)
   at System.Runtime.CompilerServices.RuntimeAsyncTaskContinuation.GetResult[T](Task task, Byte& result)
   at System.Runtime.CompilerServices.RuntimeAsyncTaskContinuation.TaskContinuationResume.ResumeTaskContinuation(Continuation cont, Byte& result)
   at System.Net.Http.SocketsHttpHandler.<SendAsync>g__CreateHandlerAndSendAsync|116_0(HttpRequestMessage request, CancellationToken cancellationToken)
   at Microsoft.Extensions.Http.Logging.LoggingHttpMessageHandler.<SendCoreAsync>g__Core|4_0(HttpRequestMessage request, Boolean useAsync, CancellationToken cancellationToken)
   at Microsoft.Extensions.Http.Logging.LoggingScopeHttpMessageHandler.<SendCoreAsync>g__Core|4_0(HttpRequestMessage request, Boolean useAsync, CancellationToken cancellationToken)
   at System.Runtime.CompilerServices.RuntimeAsyncTaskContinuation.GetResult[T](Task task, Byte& result)
   at System.Runtime.CompilerServices.RuntimeAsyncTaskContinuation.TaskContinuationResume.ResumeTaskContinuation(Continuation cont, Byte& result)
   at System.Net.Http.HttpClient.<SendAsync>g__Core|83_0(HttpRequestMessage request, HttpCompletionOption completionOption, CancellationTokenSource cts, Boolean disposeCts, CancellationTokenSource pendingRequestsCts, CancellationToken originalCancellationToken)
   at FishLink.API.Controllers.AgentGatewayController.GetPricePrediction(String species) in C:\Users\Kaveesha\Desktop\fish\FishLink.API\Controllers\AgentGatewayController.cs:line 147
2026-09-21 13:26:33.148 +05:30 [ERR] Serilog.AspNetCore.RequestLoggingMiddleware HTTP GET /api/AgentGateway/prices/Mackerel/predict responded 503 in 4400.664 ms
2026-09-21 13:26:33.114 +05:30 [INF] System.Net.Http.HttpClient.Default.ClientHandler HTTP request failed after 4320.6032ms
System.Net.Http.HttpRequestException: No connection could be made because the target machine actively refused it. (localhost:8001)
 ---> System.Net.Sockets.SocketException (10061): No connection could be made because the target machine actively refused it.
   at System.Net.Sockets.Socket.AwaitableSocketAsyncEventArgs.ThrowException(SocketError error, CancellationToken cancellationToken)
   at System.Net.Sockets.Socket.AwaitableSocketAsyncEventArgs.System.Threading.Tasks.Sources.IValueTaskSource.GetResult(Int16 token)
   at System.Runtime.CompilerServices.AsyncHelpers.ValueTaskSourceContinuation.GetResult(Object source, Int16 token, Byte& result)
   at System.Runtime.CompilerServices.AsyncHelpers.ValueTaskSourceContinuation.ValueTaskSourceContinuationResume.ResumeValueTaskSourceContinuation(Continuation cont, Byte& result)
   at System.Net.Http.HttpConnectionPool.ConnectToTcpHostAsync(String host, Int32 port, HttpRequestMessage initialRequest, Boolean async, CancellationToken cancellationToken)
   --- End of inner exception stack trace ---
   at System.Net.Http.HttpConnectionPool.ConnectToTcpHostAsync(String host, Int32 port, HttpRequestMessage initialRequest, Boolean async, CancellationToken cancellationToken)
   at System.Net.Http.HttpConnectionPool.ConnectAsync(HttpRequestMessage request, Boolean async, Boolean isForHttp2, CancellationToken cancellationToken)
   at System.Net.Http.HttpConnectionPool.CreateHttp11ConnectionAsync(HttpRequestMessage request, Boolean async, CancellationToken cancellationToken)
   at System.Net.Http.HttpConnectionPool.InjectNewHttp11ConnectionAsync(QueueItem queueItem)
   at System.Runtime.CompilerServices.RuntimeAsyncTaskContinuation.GetResult[T](Task task, Byte& result)
   at System.Runtime.CompilerServices.RuntimeAsyncTaskContinuation.TaskContinuationResume.ResumeTaskContinuation(Continuation cont, Byte& result)
   at System.Threading.Tasks.TaskCompletionSourceWithCancellation`1.WaitWithCancellationAsync(CancellationToken cancellationToken)
   at System.Runtime.CompilerServices.RuntimeAsyncTaskContinuation.GetResult[T](Task task, Byte& result)
   at System.Runtime.CompilerServices.RuntimeAsyncTaskContinuation.TaskContinuationResume.ResumeTaskContinuation(Continuation cont, Byte& result)
   at System.Net.Http.HttpConnectionPool.SendWithVersionDetectionAndRetryAsync(HttpRequestMessage request, Boolean async, Boolean doRequestAuth, CancellationToken cancellationToken)
   at System.Runtime.CompilerServices.RuntimeAsyncTaskContinuation.GetResult[T](Task task, Byte& result)
   at System.Runtime.CompilerServices.RuntimeAsyncTaskContinuation.TaskContinuationResume.ResumeTaskContinuation(Continuation cont, Byte& result)
   at System.Net.Http.DiagnosticsHandler.SendAsyncCore(HttpRequestMessage request, Boolean async, CancellationToken cancellationToken)
   at System.Net.Http.RedirectHandler.SendAsync(HttpRequestMessage request, Boolean async, CancellationToken cancellationToken)
   at System.Runtime.CompilerServices.RuntimeAsyncTaskContinuation.GetResult[T](Task task, Byte& result)
   at System.Runtime.CompilerServices.RuntimeAsyncTaskContinuation.TaskContinuationResume.ResumeTaskContinuation(Continuation cont, Byte& result)
   at System.Net.Http.SocketsHttpHandler.<SendAsync>g__CreateHandlerAndSendAsync|116_0(HttpRequestMessage request, CancellationToken cancellationToken)
   at Microsoft.Extensions.Http.Logging.LoggingHttpMessageHandler.<SendCoreAsync>g__Core|4_0(HttpRequestMessage request, Boolean useAsync, CancellationToken cancellationToken)
2026-09-21 13:26:33.136 +05:30 [WRN] FishLink.API.Controllers.AgentGatewayController Price API unreachable for species Tuna (Yellowfin)
System.Net.Http.HttpRequestException: No connection could be made because the target machine actively refused it. (localhost:8001)
 ---> System.Net.Sockets.SocketException (10061): No connection could be made because the target machine actively refused it.
   at System.Net.Sockets.Socket.AwaitableSocketAsyncEventArgs.ThrowException(SocketError error, CancellationToken cancellationToken)
   at System.Net.Sockets.Socket.AwaitableSocketAsyncEventArgs.System.Threading.Tasks.Sources.IValueTaskSource.GetResult(Int16 token)
   at System.Runtime.CompilerServices.AsyncHelpers.ValueTaskSourceContinuation.GetResult(Object source, Int16 token, Byte& result)
   at System.Runtime.CompilerServices.AsyncHelpers.ValueTaskSourceContinuation.ValueTaskSourceContinuationResume.ResumeValueTaskSourceContinuation(Continuation cont, Byte& result)
   at System.Net.Http.HttpConnectionPool.ConnectToTcpHostAsync(String host, Int32 port, HttpRequestMessage initialRequest, Boolean async, CancellationToken cancellationToken)
   --- End of inner exception stack trace ---
   at System.Net.Http.HttpConnectionPool.ConnectToTcpHostAsync(String host, Int32 port, HttpRequestMessage initialRequest, Boolean async, CancellationToken cancellationToken)
   at System.Net.Http.HttpConnectionPool.ConnectAsync(HttpRequestMessage request, Boolean async, Boolean isForHttp2, CancellationToken cancellationToken)
   at System.Net.Http.HttpConnectionPool.CreateHttp11ConnectionAsync(HttpRequestMessage request, Boolean async, CancellationToken cancellationToken)
   at System.Net.Http.HttpConnectionPool.InjectNewHttp11ConnectionAsync(QueueItem queueItem)
   at System.Runtime.CompilerServices.RuntimeAsyncTaskContinuation.GetResult[T](Task task, Byte& result)
   at System.Runtime.CompilerServices.RuntimeAsyncTaskContinuation.TaskContinuationResume.ResumeTaskContinuation(Continuation cont, Byte& result)
   at System.Threading.Tasks.TaskCompletionSourceWithCancellation`1.WaitWithCancellationAsync(CancellationToken cancellationToken)
   at System.Runtime.CompilerServices.RuntimeAsyncTaskContinuation.GetResult[T](Task task, Byte& result)
   at System.Runtime.CompilerServices.RuntimeAsyncTaskContinuation.TaskContinuationResume.ResumeTaskContinuation(Continuation cont, Byte& result)
   at System.Net.Http.HttpConnectionPool.SendWithVersionDetectionAndRetryAsync(HttpRequestMessage request, Boolean async, Boolean doRequestAuth, CancellationToken cancellationToken)
   at System.Runtime.CompilerServices.RuntimeAsyncTaskContinuation.GetResult[T](Task task, Byte& result)
   at System.Runtime.CompilerServices.RuntimeAsyncTaskContinuation.TaskContinuationResume.ResumeTaskContinuation(Continuation cont, Byte& result)
   at System.Net.Http.DiagnosticsHandler.SendAsyncCore(HttpRequestMessage request, Boolean async, CancellationToken cancellationToken)
   at System.Net.Http.RedirectHandler.SendAsync(HttpRequestMessage request, Boolean async, CancellationToken cancellationToken)
   at System.Runtime.CompilerServices.RuntimeAsyncTaskContinuation.GetResult[T](Task task, Byte& result)
   at System.Runtime.CompilerServices.RuntimeAsyncTaskContinuation.TaskContinuationResume.ResumeTaskContinuation(Continuation cont, Byte& result)
   at System.Net.Http.SocketsHttpHandler.<SendAsync>g__CreateHandlerAndSendAsync|116_0(HttpRequestMessage request, CancellationToken cancellationToken)
   at Microsoft.Extensions.Http.Logging.LoggingHttpMessageHandler.<SendCoreAsync>g__Core|4_0(HttpRequestMessage request, Boolean useAsync, CancellationToken cancellationToken)
   at Microsoft.Extensions.Http.Logging.LoggingScopeHttpMessageHandler.<SendCoreAsync>g__Core|4_0(HttpRequestMessage request, Boolean useAsync, CancellationToken cancellationToken)
   at System.Runtime.CompilerServices.RuntimeAsyncTaskContinuation.GetResult[T](Task task, Byte& result)
   at System.Runtime.CompilerServices.RuntimeAsyncTaskContinuation.TaskContinuationResume.ResumeTaskContinuation(Continuation cont, Byte& result)
   at System.Net.Http.HttpClient.<SendAsync>g__Core|83_0(HttpRequestMessage request, HttpCompletionOption completionOption, CancellationTokenSource cts, Boolean disposeCts, CancellationTokenSource pendingRequestsCts, CancellationToken originalCancellationToken)
   at FishLink.API.Controllers.AgentGatewayController.GetPricePrediction(String species) in C:\Users\Kaveesha\Desktop\fish\FishLink.API\Controllers\AgentGatewayController.cs:line 147
2026-09-21 13:26:33.152 +05:30 [ERR] Serilog.AspNetCore.RequestLoggingMiddleware HTTP GET /api/AgentGateway/prices/Tuna (Yellowfin)/predict responded 503 in 4414.392 ms
2026-09-21 13:26:33.141 +05:30 [WRN] FishLink.API.Controllers.AgentGatewayController Price API unreachable for species Skipjack
System.Net.Http.HttpRequestException: No connection could be made because the target machine actively refused it. (localhost:8001)
 ---> System.Net.Sockets.SocketException (10061): No connection could be made because the target machine actively refused it.
   at System.Net.Sockets.Socket.AwaitableSocketAsyncEventArgs.ThrowException(SocketError error, CancellationToken cancellationToken)
   at System.Net.Sockets.Socket.AwaitableSocketAsyncEventArgs.System.Threading.Tasks.Sources.IValueTaskSource.GetResult(Int16 token)
   at System.Runtime.CompilerServices.AsyncHelpers.ValueTaskSourceContinuation.GetResult(Object source, Int16 token, Byte& result)
   at System.Runtime.CompilerServices.AsyncHelpers.ValueTaskSourceContinuation.ValueTaskSourceContinuationResume.ResumeValueTaskSourceContinuation(Continuation cont, Byte& result)
   at System.Net.Http.HttpConnectionPool.ConnectToTcpHostAsync(String host, Int32 port, HttpRequestMessage initialRequest, Boolean async, CancellationToken cancellationToken)
   --- End of inner exception stack trace ---
   at System.Net.Http.HttpConnectionPool.ConnectToTcpHostAsync(String host, Int32 port, HttpRequestMessage initialRequest, Boolean async, CancellationToken cancellationToken)
   at System.Net.Http.HttpConnectionPool.ConnectAsync(HttpRequestMessage request, Boolean async, Boolean isForHttp2, CancellationToken cancellationToken)
   at System.Net.Http.HttpConnectionPool.CreateHttp11ConnectionAsync(HttpRequestMessage request, Boolean async, CancellationToken cancellationToken)
   at System.Net.Http.HttpConnectionPool.InjectNewHttp11ConnectionAsync(QueueItem queueItem)
   at System.Runtime.CompilerServices.RuntimeAsyncTaskContinuation.GetResult[T](Task task, Byte& result)
   at System.Runtime.CompilerServices.RuntimeAsyncTaskContinuation.TaskContinuationResume.ResumeTaskContinuation(Continuation cont, Byte& result)
   at System.Threading.Tasks.TaskCompletionSourceWithCancellation`1.WaitWithCancellationAsync(CancellationToken cancellationToken)
   at System.Runtime.CompilerServices.RuntimeAsyncTaskContinuation.GetResult[T](Task task, Byte& result)
   at System.Runtime.CompilerServices.RuntimeAsyncTaskContinuation.TaskContinuationResume.ResumeTaskContinuation(Continuation cont, Byte& result)
   at System.Net.Http.HttpConnectionPool.SendWithVersionDetectionAndRetryAsync(HttpRequestMessage request, Boolean async, Boolean doRequestAuth, CancellationToken cancellationToken)
   at System.Runtime.CompilerServices.RuntimeAsyncTaskContinuation.GetResult[T](Task task, Byte& result)
   at System.Runtime.CompilerServices.RuntimeAsyncTaskContinuation.TaskContinuationResume.ResumeTaskContinuation(Continuation cont, Byte& result)
   at System.Net.Http.DiagnosticsHandler.SendAsyncCore(HttpRequestMessage request, Boolean async, CancellationToken cancellationToken)
   at System.Net.Http.RedirectHandler.SendAsync(HttpRequestMessage request, Boolean async, CancellationToken cancellationToken)
   at System.Runtime.CompilerServices.RuntimeAsyncTaskContinuation.GetResult[T](Task task, Byte& result)
   at System.Runtime.CompilerServices.RuntimeAsyncTaskContinuation.TaskContinuationResume.ResumeTaskContinuation(Continuation cont, Byte& result)
   at System.Net.Http.SocketsHttpHandler.<SendAsync>g__CreateHandlerAndSendAsync|116_0(HttpRequestMessage request, CancellationToken cancellationToken)
   at Microsoft.Extensions.Http.Logging.LoggingHttpMessageHandler.<SendCoreAsync>g__Core|4_0(HttpRequestMessage request, Boolean useAsync, CancellationToken cancellationToken)
   at Microsoft.Extensions.Http.Logging.LoggingScopeHttpMessageHandler.<SendCoreAsync>g__Core|4_0(HttpRequestMessage request, Boolean useAsync, CancellationToken cancellationToken)
   at System.Runtime.CompilerServices.RuntimeAsyncTaskContinuation.GetResult[T](Task task, Byte& result)
   at System.Runtime.CompilerServices.RuntimeAsyncTaskContinuation.TaskContinuationResume.ResumeTaskContinuation(Continuation cont, Byte& result)
   at System.Net.Http.HttpClient.<SendAsync>g__Core|83_0(HttpRequestMessage request, HttpCompletionOption completionOption, CancellationTokenSource cts, Boolean disposeCts, CancellationTokenSource pendingRequestsCts, CancellationToken originalCancellationToken)
   at FishLink.API.Controllers.AgentGatewayController.GetPricePrediction(String species) in C:\Users\Kaveesha\Desktop\fish\FishLink.API\Controllers\AgentGatewayController.cs:line 147
2026-09-21 13:26:33.153 +05:30 [ERR] Serilog.AspNetCore.RequestLoggingMiddleware HTTP GET /api/AgentGateway/prices/Skipjack/predict responded 503 in 4415.111 ms
2026-09-21 13:26:33.149 +05:30 [INF] System.Net.Http.HttpClient.Default.LogicalHandler HTTP request failed after 4386.3927ms
System.Net.Http.HttpRequestException: No connection could be made because the target machine actively refused it. (localhost:8001)
 ---> System.Net.Sockets.SocketException (10061): No connection could be made because the target machine actively refused it.
   at System.Net.Sockets.Socket.AwaitableSocketAsyncEventArgs.ThrowException(SocketError error, CancellationToken cancellationToken)
   at System.Net.Sockets.Socket.AwaitableSocketAsyncEventArgs.System.Threading.Tasks.Sources.IValueTaskSource.GetResult(Int16 token)
   at System.Runtime.CompilerServices.AsyncHelpers.ValueTaskSourceContinuation.GetResult(Object source, Int16 token, Byte& result)
   at System.Runtime.CompilerServices.AsyncHelpers.ValueTaskSourceContinuation.ValueTaskSourceContinuationResume.ResumeValueTaskSourceContinuation(Continuation cont, Byte& result)
   at System.Net.Http.HttpConnectionPool.ConnectToTcpHostAsync(String host, Int32 port, HttpRequestMessage initialRequest, Boolean async, CancellationToken cancellationToken)
   --- End of inner exception stack trace ---
   at System.Net.Http.HttpConnectionPool.ConnectToTcpHostAsync(String host, Int32 port, HttpRequestMessage initialRequest, Boolean async, CancellationToken cancellationToken)
   at System.Net.Http.HttpConnectionPool.ConnectAsync(HttpRequestMessage request, Boolean async, Boolean isForHttp2, CancellationToken cancellationToken)
   at System.Net.Http.HttpConnectionPool.CreateHttp11ConnectionAsync(HttpRequestMessage request, Boolean async, CancellationToken cancellationToken)
   at System.Net.Http.HttpConnectionPool.InjectNewHttp11ConnectionAsync(QueueItem queueItem)
   at System.Runtime.CompilerServices.RuntimeAsyncTaskContinuation.GetResult[T](Task task, Byte& result)
   at System.Runtime.CompilerServices.RuntimeAsyncTaskContinuation.TaskContinuationResume.ResumeTaskContinuation(Continuation cont, Byte& result)
   at System.Threading.Tasks.TaskCompletionSourceWithCancellation`1.WaitWithCancellationAsync(CancellationToken cancellationToken)
   at System.Runtime.CompilerServices.RuntimeAsyncTaskContinuation.GetResult[T](Task task, Byte& result)
   at System.Runtime.CompilerServices.RuntimeAsyncTaskContinuation.TaskContinuationResume.ResumeTaskContinuation(Continuation cont, Byte& result)
   at System.Net.Http.HttpConnectionPool.SendWithVersionDetectionAndRetryAsync(HttpRequestMessage request, Boolean async, Boolean doRequestAuth, CancellationToken cancellationToken)
   at System.Runtime.CompilerServices.RuntimeAsyncTaskContinuation.GetResult[T](Task task, Byte& result)
   at System.Runtime.CompilerServices.RuntimeAsyncTaskContinuation.TaskContinuationResume.ResumeTaskContinuation(Continuation cont, Byte& result)
   at System.Net.Http.DiagnosticsHandler.SendAsyncCore(HttpRequestMessage request, Boolean async, CancellationToken cancellationToken)
   at System.Net.Http.RedirectHandler.SendAsync(HttpRequestMessage request, Boolean async, CancellationToken cancellationToken)
   at System.Runtime.CompilerServices.RuntimeAsyncTaskContinuation.GetResult[T](Task task, Byte& result)
   at System.Runtime.CompilerServices.RuntimeAsyncTaskContinuation.TaskContinuationResume.ResumeTaskContinuation(Continuation cont, Byte& result)
   at System.Net.Http.SocketsHttpHandler.<SendAsync>g__CreateHandlerAndSendAsync|116_0(HttpRequestMessage request, CancellationToken cancellationToken)
   at Microsoft.Extensions.Http.Logging.LoggingHttpMessageHandler.<SendCoreAsync>g__Core|4_0(HttpRequestMessage request, Boolean useAsync, CancellationToken cancellationToken)
   at Microsoft.Extensions.Http.Logging.LoggingScopeHttpMessageHandler.<SendCoreAsync>g__Core|4_0(HttpRequestMessage request, Boolean useAsync, CancellationToken cancellationToken)
2026-09-21 13:26:33.155 +05:30 [INF] System.Net.Http.HttpClient.Default.LogicalHandler Start processing HTTP request GET http://localhost:8001/api/prices/Tuna%20%28Yellowfin%29/predict
2026-09-21 13:26:33.155 +05:30 [INF] System.Net.Http.HttpClient.Default.LogicalHandler Start processing HTTP request GET http://localhost:8001/api/prices/Mackerel/predict
2026-09-21 13:26:33.156 +05:30 [INF] System.Net.Http.HttpClient.Default.ClientHandler Sending HTTP request GET http://localhost:8001/api/prices/Mackerel/predict
2026-09-21 13:26:33.156 +05:30 [INF] System.Net.Http.HttpClient.Default.ClientHandler Sending HTTP request GET http://localhost:8001/api/prices/Tuna%20%28Yellowfin%29/predict
2026-09-21 13:26:33.156 +05:30 [WRN] FishLink.API.Controllers.AgentGatewayController Price API unreachable for species Trevally (Paraw)
System.Net.Http.HttpRequestException: No connection could be made because the target machine actively refused it. (localhost:8001)
 ---> System.Net.Sockets.SocketException (10061): No connection could be made because the target machine actively refused it.
   at System.Net.Sockets.Socket.AwaitableSocketAsyncEventArgs.ThrowException(SocketError error, CancellationToken cancellationToken)
   at System.Net.Sockets.Socket.AwaitableSocketAsyncEventArgs.System.Threading.Tasks.Sources.IValueTaskSource.GetResult(Int16 token)
   at System.Runtime.CompilerServices.AsyncHelpers.ValueTaskSourceContinuation.GetResult(Object source, Int16 token, Byte& result)
   at System.Runtime.CompilerServices.AsyncHelpers.ValueTaskSourceContinuation.ValueTaskSourceContinuationResume.ResumeValueTaskSourceContinuation(Continuation cont, Byte& result)
   at System.Net.Http.HttpConnectionPool.ConnectToTcpHostAsync(String host, Int32 port, HttpRequestMessage initialRequest, Boolean async, CancellationToken cancellationToken)
   --- End of inner exception stack trace ---
   at System.Net.Http.HttpConnectionPool.ConnectToTcpHostAsync(String host, Int32 port, HttpRequestMessage initialRequest, Boolean async, CancellationToken cancellationToken)
   at System.Net.Http.HttpConnectionPool.ConnectAsync(HttpRequestMessage request, Boolean async, Boolean isForHttp2, CancellationToken cancellationToken)
   at System.Net.Http.HttpConnectionPool.CreateHttp11ConnectionAsync(HttpRequestMessage request, Boolean async, CancellationToken cancellationToken)
   at System.Net.Http.HttpConnectionPool.InjectNewHttp11ConnectionAsync(QueueItem queueItem)
   at System.Runtime.CompilerServices.RuntimeAsyncTaskContinuation.GetResult[T](Task task, Byte& result)
   at System.Runtime.CompilerServices.RuntimeAsyncTaskContinuation.TaskContinuationResume.ResumeTaskContinuation(Continuation cont, Byte& result)
   at System.Threading.Tasks.TaskCompletionSourceWithCancellation`1.WaitWithCancellationAsync(CancellationToken cancellationToken)
   at System.Runtime.CompilerServices.RuntimeAsyncTaskContinuation.GetResult[T](Task task, Byte& result)
   at System.Runtime.CompilerServices.RuntimeAsyncTaskContinuation.TaskContinuationResume.ResumeTaskContinuation(Continuation cont, Byte& result)
   at System.Net.Http.HttpConnectionPool.SendWithVersionDetectionAndRetryAsync(HttpRequestMessage request, Boolean async, Boolean doRequestAuth, CancellationToken cancellationToken)
   at System.Runtime.CompilerServices.RuntimeAsyncTaskContinuation.GetResult[T](Task task, Byte& result)
   at System.Runtime.CompilerServices.RuntimeAsyncTaskContinuation.TaskContinuationResume.ResumeTaskContinuation(Continuation cont, Byte& result)
   at System.Net.Http.DiagnosticsHandler.SendAsyncCore(HttpRequestMessage request, Boolean async, CancellationToken cancellationToken)
   at System.Net.Http.RedirectHandler.SendAsync(HttpRequestMessage request, Boolean async, CancellationToken cancellationToken)
   at System.Runtime.CompilerServices.RuntimeAsyncTaskContinuation.GetResult[T](Task task, Byte& result)
   at System.Runtime.CompilerServices.RuntimeAsyncTaskContinuation.TaskContinuationResume.ResumeTaskContinuation(Continuation cont, Byte& result)
   at System.Net.Http.SocketsHttpHandler.<SendAsync>g__CreateHandlerAndSendAsync|116_0(HttpRequestMessage request, CancellationToken cancellationToken)
   at Microsoft.Extensions.Http.Logging.LoggingHttpMessageHandler.<SendCoreAsync>g__Core|4_0(HttpRequestMessage request, Boolean useAsync, CancellationToken cancellationToken)
   at Microsoft.Extensions.Http.Logging.LoggingScopeHttpMessageHandler.<SendCoreAsync>g__Core|4_0(HttpRequestMessage request, Boolean useAsync, CancellationToken cancellationToken)
   at System.Runtime.CompilerServices.RuntimeAsyncTaskContinuation.GetResult[T](Task task, Byte& result)
   at System.Runtime.CompilerServices.RuntimeAsyncTaskContinuation.TaskContinuationResume.ResumeTaskContinuation(Continuation cont, Byte& result)
   at System.Net.Http.HttpClient.<SendAsync>g__Core|83_0(HttpRequestMessage request, HttpCompletionOption completionOption, CancellationTokenSource cts, Boolean disposeCts, CancellationTokenSource pendingRequestsCts, CancellationToken originalCancellationToken)
   at FishLink.API.Controllers.AgentGatewayController.GetPricePrediction(String species) in C:\Users\Kaveesha\Desktop\fish\FishLink.API\Controllers\AgentGatewayController.cs:line 147
2026-09-21 13:26:33.159 +05:30 [ERR] Serilog.AspNetCore.RequestLoggingMiddleware HTTP GET /api/AgentGateway/prices/Trevally (Paraw)/predict responded 503 in 4419.945 ms
2026-09-21 13:26:33.157 +05:30 [INF] System.Net.Http.HttpClient.Default.LogicalHandler Start processing HTTP request GET http://localhost:8001/api/prices/Skipjack/predict
2026-09-21 13:26:33.160 +05:30 [INF] System.Net.Http.HttpClient.Default.ClientHandler Sending HTTP request GET http://localhost:8001/api/prices/Skipjack/predict
2026-09-21 13:26:33.164 +05:30 [INF] System.Net.Http.HttpClient.Default.LogicalHandler Start processing HTTP request GET http://localhost:8001/api/prices/Trevally%20%28Paraw%29/predict
2026-09-21 13:26:33.164 +05:30 [INF] System.Net.Http.HttpClient.Default.ClientHandler Sending HTTP request GET http://localhost:8001/api/prices/Trevally%20%28Paraw%29/predict
2026-09-21 13:26:37.229 +05:30 [INF] System.Net.Http.HttpClient.Default.ClientHandler HTTP request failed after 4073.5023ms
System.Net.Http.HttpRequestException: No connection could be made because the target machine actively refused it. (localhost:8001)
 ---> System.Net.Sockets.SocketException (10061): No connection could be made because the target machine actively refused it.
   at System.Net.Sockets.Socket.AwaitableSocketAsyncEventArgs.ThrowException(SocketError error, CancellationToken cancellationToken)
   at System.Net.Sockets.Socket.AwaitableSocketAsyncEventArgs.System.Threading.Tasks.Sources.IValueTaskSource.GetResult(Int16 token)
   at System.Runtime.CompilerServices.AsyncHelpers.ValueTaskSourceContinuation.GetResult(Object source, Int16 token, Byte& result)
   at System.Runtime.CompilerServices.AsyncHelpers.ValueTaskSourceContinuation.ValueTaskSourceContinuationResume.ResumeValueTaskSourceContinuation(Continuation cont, Byte& result)
   at System.Net.Http.HttpConnectionPool.ConnectToTcpHostAsync(String host, Int32 port, HttpRequestMessage initialRequest, Boolean async, CancellationToken cancellationToken)
   --- End of inner exception stack trace ---
   at System.Net.Http.HttpConnectionPool.ConnectToTcpHostAsync(String host, Int32 port, HttpRequestMessage initialRequest, Boolean async, CancellationToken cancellationToken)
   at System.Net.Http.HttpConnectionPool.ConnectAsync(HttpRequestMessage request, Boolean async, Boolean isForHttp2, CancellationToken cancellationToken)
   at System.Net.Http.HttpConnectionPool.CreateHttp11ConnectionAsync(HttpRequestMessage request, Boolean async, CancellationToken cancellationToken)
   at System.Net.Http.HttpConnectionPool.InjectNewHttp11ConnectionAsync(QueueItem queueItem)
   at System.Runtime.CompilerServices.RuntimeAsyncTaskContinuation.GetResult[T](Task task, Byte& result)
   at System.Runtime.CompilerServices.RuntimeAsyncTaskContinuation.TaskContinuationResume.ResumeTaskContinuation(Continuation cont, Byte& result)
   at System.Threading.Tasks.TaskCompletionSourceWithCancellation`1.WaitWithCancellationAsync(CancellationToken cancellationToken)
   at System.Runtime.CompilerServices.RuntimeAsyncTaskContinuation.GetResult[T](Task task, Byte& result)
   at System.Runtime.CompilerServices.RuntimeAsyncTaskContinuation.TaskContinuationResume.ResumeTaskContinuation(Continuation cont, Byte& result)
   at System.Net.Http.HttpConnectionPool.SendWithVersionDetectionAndRetryAsync(HttpRequestMessage request, Boolean async, Boolean doRequestAuth, CancellationToken cancellationToken)
   at System.Runtime.CompilerServices.RuntimeAsyncTaskContinuation.GetResult[T](Task task, Byte& result)
   at System.Runtime.CompilerServices.RuntimeAsyncTaskContinuation.TaskContinuationResume.ResumeTaskContinuation(Continuation cont, Byte& result)
   at System.Net.Http.DiagnosticsHandler.SendAsyncCore(HttpRequestMessage request, Boolean async, CancellationToken cancellationToken)
   at System.Net.Http.RedirectHandler.SendAsync(HttpRequestMessage request, Boolean async, CancellationToken cancellationToken)
   at Microsoft.Extensions.Http.Logging.LoggingHttpMessageHandler.<SendCoreAsync>g__Core|4_0(HttpRequestMessage request, Boolean useAsync, CancellationToken cancellationToken)
2026-09-21 13:26:37.231 +05:30 [INF] System.Net.Http.HttpClient.Default.ClientHandler HTTP request failed after 4066.1085ms
System.Net.Http.HttpRequestException: No connection could be made because the target machine actively refused it. (localhost:8001)
 ---> System.Net.Sockets.SocketException (10061): No connection could be made because the target machine actively refused it.
   at System.Net.Sockets.Socket.AwaitableSocketAsyncEventArgs.ThrowException(SocketError error, CancellationToken cancellationToken)
   at System.Net.Sockets.Socket.AwaitableSocketAsyncEventArgs.System.Threading.Tasks.Sources.IValueTaskSource.GetResult(Int16 token)
   at System.Runtime.CompilerServices.AsyncHelpers.ValueTaskSourceContinuation.GetResult(Object source, Int16 token, Byte& result)
   at System.Runtime.CompilerServices.AsyncHelpers.ValueTaskSourceContinuation.ValueTaskSourceContinuationResume.ResumeValueTaskSourceContinuation(Continuation cont, Byte& result)
   at System.Net.Http.HttpConnectionPool.ConnectToTcpHostAsync(String host, Int32 port, HttpRequestMessage initialRequest, Boolean async, CancellationToken cancellationToken)
   --- End of inner exception stack trace ---
   at System.Net.Http.HttpConnectionPool.ConnectToTcpHostAsync(String host, Int32 port, HttpRequestMessage initialRequest, Boolean async, CancellationToken cancellationToken)
   at System.Net.Http.HttpConnectionPool.ConnectAsync(HttpRequestMessage request, Boolean async, Boolean isForHttp2, CancellationToken cancellationToken)
   at System.Net.Http.HttpConnectionPool.CreateHttp11ConnectionAsync(HttpRequestMessage request, Boolean async, CancellationToken cancellationToken)
   at System.Net.Http.HttpConnectionPool.InjectNewHttp11ConnectionAsync(QueueItem queueItem)
   at System.Runtime.CompilerServices.RuntimeAsyncTaskContinuation.GetResult[T](Task task, Byte& result)
   at System.Runtime.CompilerServices.RuntimeAsyncTaskContinuation.TaskContinuationResume.ResumeTaskContinuation(Continuation cont, Byte& result)
   at System.Threading.Tasks.TaskCompletionSourceWithCancellation`1.WaitWithCancellationAsync(CancellationToken cancellationToken)
   at System.Runtime.CompilerServices.RuntimeAsyncTaskContinuation.GetResult[T](Task task, Byte& result)
   at System.Runtime.CompilerServices.RuntimeAsyncTaskContinuation.TaskContinuationResume.ResumeTaskContinuation(Continuation cont, Byte& result)
   at System.Net.Http.HttpConnectionPool.SendWithVersionDetectionAndRetryAsync(HttpRequestMessage request, Boolean async, Boolean doRequestAuth, CancellationToken cancellationToken)
   at System.Runtime.CompilerServices.RuntimeAsyncTaskContinuation.GetResult[T](Task task, Byte& result)
   at System.Runtime.CompilerServices.RuntimeAsyncTaskContinuation.TaskContinuationResume.ResumeTaskContinuation(Continuation cont, Byte& result)
   at System.Net.Http.DiagnosticsHandler.SendAsyncCore(HttpRequestMessage request, Boolean async, CancellationToken cancellationToken)
   at System.Net.Http.RedirectHandler.SendAsync(HttpRequestMessage request, Boolean async, CancellationToken cancellationToken)
   at Microsoft.Extensions.Http.Logging.LoggingHttpMessageHandler.<SendCoreAsync>g__Core|4_0(HttpRequestMessage request, Boolean useAsync, CancellationToken cancellationToken)
2026-09-21 13:26:37.232 +05:30 [INF] System.Net.Http.HttpClient.Default.LogicalHandler HTTP request failed after 4076.8203ms
System.Net.Http.HttpRequestException: No connection could be made because the target machine actively refused it. (localhost:8001)
 ---> System.Net.Sockets.SocketException (10061): No connection could be made because the target machine actively refused it.
   at System.Net.Sockets.Socket.AwaitableSocketAsyncEventArgs.ThrowException(SocketError error, CancellationToken cancellationToken)
   at System.Net.Sockets.Socket.AwaitableSocketAsyncEventArgs.System.Threading.Tasks.Sources.IValueTaskSource.GetResult(Int16 token)
   at System.Runtime.CompilerServices.AsyncHelpers.ValueTaskSourceContinuation.GetResult(Object source, Int16 token, Byte& result)
   at System.Runtime.CompilerServices.AsyncHelpers.ValueTaskSourceContinuation.ValueTaskSourceContinuationResume.ResumeValueTaskSourceContinuation(Continuation cont, Byte& result)
   at System.Net.Http.HttpConnectionPool.ConnectToTcpHostAsync(String host, Int32 port, HttpRequestMessage initialRequest, Boolean async, CancellationToken cancellationToken)
   --- End of inner exception stack trace ---
   at System.Net.Http.HttpConnectionPool.ConnectToTcpHostAsync(String host, Int32 port, HttpRequestMessage initialRequest, Boolean async, CancellationToken cancellationToken)
   at System.Net.Http.HttpConnectionPool.ConnectAsync(HttpRequestMessage request, Boolean async, Boolean isForHttp2, CancellationToken cancellationToken)
   at System.Net.Http.HttpConnectionPool.CreateHttp11ConnectionAsync(HttpRequestMessage request, Boolean async, CancellationToken cancellationToken)
   at System.Net.Http.HttpConnectionPool.InjectNewHttp11ConnectionAsync(QueueItem queueItem)
   at System.Runtime.CompilerServices.RuntimeAsyncTaskContinuation.GetResult[T](Task task, Byte& result)
   at System.Runtime.CompilerServices.RuntimeAsyncTaskContinuation.TaskContinuationResume.ResumeTaskContinuation(Continuation cont, Byte& result)
   at System.Threading.Tasks.TaskCompletionSourceWithCancellation`1.WaitWithCancellationAsync(CancellationToken cancellationToken)
   at System.Runtime.CompilerServices.RuntimeAsyncTaskContinuation.GetResult[T](Task task, Byte& result)
   at System.Runtime.CompilerServices.RuntimeAsyncTaskContinuation.TaskContinuationResume.ResumeTaskContinuation(Continuation cont, Byte& result)
   at System.Net.Http.HttpConnectionPool.SendWithVersionDetectionAndRetryAsync(HttpRequestMessage request, Boolean async, Boolean doRequestAuth, CancellationToken cancellationToken)
   at System.Runtime.CompilerServices.RuntimeAsyncTaskContinuation.GetResult[T](Task task, Byte& result)
   at System.Runtime.CompilerServices.RuntimeAsyncTaskContinuation.TaskContinuationResume.ResumeTaskContinuation(Continuation cont, Byte& result)
   at System.Net.Http.DiagnosticsHandler.SendAsyncCore(HttpRequestMessage request, Boolean async, CancellationToken cancellationToken)
   at System.Net.Http.RedirectHandler.SendAsync(HttpRequestMessage request, Boolean async, CancellationToken cancellationToken)
   at Microsoft.Extensions.Http.Logging.LoggingHttpMessageHandler.<SendCoreAsync>g__Core|4_0(HttpRequestMessage request, Boolean useAsync, CancellationToken cancellationToken)
   at Microsoft.Extensions.Http.Logging.LoggingScopeHttpMessageHandler.<SendCoreAsync>g__Core|4_0(HttpRequestMessage request, Boolean useAsync, CancellationToken cancellationToken)
2026-09-21 13:26:37.235 +05:30 [WRN] FishLink.API.Controllers.AgentGatewayController Price API unreachable for species Tuna (Yellowfin)
System.Net.Http.HttpRequestException: No connection could be made because the target machine actively refused it. (localhost:8001)
 ---> System.Net.Sockets.SocketException (10061): No connection could be made because the target machine actively refused it.
   at System.Net.Sockets.Socket.AwaitableSocketAsyncEventArgs.ThrowException(SocketError error, CancellationToken cancellationToken)
   at System.Net.Sockets.Socket.AwaitableSocketAsyncEventArgs.System.Threading.Tasks.Sources.IValueTaskSource.GetResult(Int16 token)
   at System.Runtime.CompilerServices.AsyncHelpers.ValueTaskSourceContinuation.GetResult(Object source, Int16 token, Byte& result)
   at System.Runtime.CompilerServices.AsyncHelpers.ValueTaskSourceContinuation.ValueTaskSourceContinuationResume.ResumeValueTaskSourceContinuation(Continuation cont, Byte& result)
   at System.Net.Http.HttpConnectionPool.ConnectToTcpHostAsync(String host, Int32 port, HttpRequestMessage initialRequest, Boolean async, CancellationToken cancellationToken)
   --- End of inner exception stack trace ---
   at System.Net.Http.HttpConnectionPool.ConnectToTcpHostAsync(String host, Int32 port, HttpRequestMessage initialRequest, Boolean async, CancellationToken cancellationToken)
   at System.Net.Http.HttpConnectionPool.ConnectAsync(HttpRequestMessage request, Boolean async, Boolean isForHttp2, CancellationToken cancellationToken)
   at System.Net.Http.HttpConnectionPool.CreateHttp11ConnectionAsync(HttpRequestMessage request, Boolean async, CancellationToken cancellationToken)
   at System.Net.Http.HttpConnectionPool.InjectNewHttp11ConnectionAsync(QueueItem queueItem)
   at System.Runtime.CompilerServices.RuntimeAsyncTaskContinuation.GetResult[T](Task task, Byte& result)
   at System.Runtime.CompilerServices.RuntimeAsyncTaskContinuation.TaskContinuationResume.ResumeTaskContinuation(Continuation cont, Byte& result)
   at System.Threading.Tasks.TaskCompletionSourceWithCancellation`1.WaitWithCancellationAsync(CancellationToken cancellationToken)
   at System.Runtime.CompilerServices.RuntimeAsyncTaskContinuation.GetResult[T](Task task, Byte& result)
   at System.Runtime.CompilerServices.RuntimeAsyncTaskContinuation.TaskContinuationResume.ResumeTaskContinuation(Continuation cont, Byte& result)
   at System.Net.Http.HttpConnectionPool.SendWithVersionDetectionAndRetryAsync(HttpRequestMessage request, Boolean async, Boolean doRequestAuth, CancellationToken cancellationToken)
   at System.Runtime.CompilerServices.RuntimeAsyncTaskContinuation.GetResult[T](Task task, Byte& result)
   at System.Runtime.CompilerServices.RuntimeAsyncTaskContinuation.TaskContinuationResume.ResumeTaskContinuation(Continuation cont, Byte& result)
   at System.Net.Http.DiagnosticsHandler.SendAsyncCore(HttpRequestMessage request, Boolean async, CancellationToken cancellationToken)
   at System.Net.Http.RedirectHandler.SendAsync(HttpRequestMessage request, Boolean async, CancellationToken cancellationToken)
   at Microsoft.Extensions.Http.Logging.LoggingHttpMessageHandler.<SendCoreAsync>g__Core|4_0(HttpRequestMessage request, Boolean useAsync, CancellationToken cancellationToken)
   at Microsoft.Extensions.Http.Logging.LoggingScopeHttpMessageHandler.<SendCoreAsync>g__Core|4_0(HttpRequestMessage request, Boolean useAsync, CancellationToken cancellationToken)
   at System.Runtime.CompilerServices.RuntimeAsyncTaskContinuation.GetResult[T](Task task, Byte& result)
   at System.Runtime.CompilerServices.RuntimeAsyncTaskContinuation.TaskContinuationResume.ResumeTaskContinuation(Continuation cont, Byte& result)
   at System.Net.Http.HttpClient.<SendAsync>g__Core|83_0(HttpRequestMessage request, HttpCompletionOption completionOption, CancellationTokenSource cts, Boolean disposeCts, CancellationTokenSource pendingRequestsCts, CancellationToken originalCancellationToken)
   at FishLink.API.Controllers.AgentGatewayController.GetPricePrediction(String species) in C:\Users\Kaveesha\Desktop\fish\FishLink.API\Controllers\AgentGatewayController.cs:line 147
2026-09-21 13:26:37.232 +05:30 [INF] System.Net.Http.HttpClient.Default.LogicalHandler HTTP request failed after 4068.7702ms
System.Net.Http.HttpRequestException: No connection could be made because the target machine actively refused it. (localhost:8001)
 ---> System.Net.Sockets.SocketException (10061): No connection could be made because the target machine actively refused it.
   at System.Net.Sockets.Socket.AwaitableSocketAsyncEventArgs.ThrowException(SocketError error, CancellationToken cancellationToken)
   at System.Net.Sockets.Socket.AwaitableSocketAsyncEventArgs.System.Threading.Tasks.Sources.IValueTaskSource.GetResult(Int16 token)
   at System.Runtime.CompilerServices.AsyncHelpers.ValueTaskSourceContinuation.GetResult(Object source, Int16 token, Byte& result)
   at System.Runtime.CompilerServices.AsyncHelpers.ValueTaskSourceContinuation.ValueTaskSourceContinuationResume.ResumeValueTaskSourceContinuation(Continuation cont, Byte& result)
   at System.Net.Http.HttpConnectionPool.ConnectToTcpHostAsync(String host, Int32 port, HttpRequestMessage initialRequest, Boolean async, CancellationToken cancellationToken)
   --- End of inner exception stack trace ---
   at System.Net.Http.HttpConnectionPool.ConnectToTcpHostAsync(String host, Int32 port, HttpRequestMessage initialRequest, Boolean async, CancellationToken cancellationToken)
   at System.Net.Http.HttpConnectionPool.ConnectAsync(HttpRequestMessage request, Boolean async, Boolean isForHttp2, CancellationToken cancellationToken)
   at System.Net.Http.HttpConnectionPool.CreateHttp11ConnectionAsync(HttpRequestMessage request, Boolean async, CancellationToken cancellationToken)
   at System.Net.Http.HttpConnectionPool.InjectNewHttp11ConnectionAsync(QueueItem queueItem)
   at System.Runtime.CompilerServices.RuntimeAsyncTaskContinuation.GetResult[T](Task task, Byte& result)
   at System.Runtime.CompilerServices.RuntimeAsyncTaskContinuation.TaskContinuationResume.ResumeTaskContinuation(Continuation cont, Byte& result)
   at System.Threading.Tasks.TaskCompletionSourceWithCancellation`1.WaitWithCancellationAsync(CancellationToken cancellationToken)
   at System.Runtime.CompilerServices.RuntimeAsyncTaskContinuation.GetResult[T](Task task, Byte& result)
   at System.Runtime.CompilerServices.RuntimeAsyncTaskContinuation.TaskContinuationResume.ResumeTaskContinuation(Continuation cont, Byte& result)
   at System.Net.Http.HttpConnectionPool.SendWithVersionDetectionAndRetryAsync(HttpRequestMessage request, Boolean async, Boolean doRequestAuth, CancellationToken cancellationToken)
   at System.Runtime.CompilerServices.RuntimeAsyncTaskContinuation.GetResult[T](Task task, Byte& result)
   at System.Runtime.CompilerServices.RuntimeAsyncTaskContinuation.TaskContinuationResume.ResumeTaskContinuation(Continuation cont, Byte& result)
   at System.Net.Http.DiagnosticsHandler.SendAsyncCore(HttpRequestMessage request, Boolean async, CancellationToken cancellationToken)
   at System.Net.Http.RedirectHandler.SendAsync(HttpRequestMessage request, Boolean async, CancellationToken cancellationToken)
   at Microsoft.Extensions.Http.Logging.LoggingHttpMessageHandler.<SendCoreAsync>g__Core|4_0(HttpRequestMessage request, Boolean useAsync, CancellationToken cancellationToken)
   at Microsoft.Extensions.Http.Logging.LoggingScopeHttpMessageHandler.<SendCoreAsync>g__Core|4_0(HttpRequestMessage request, Boolean useAsync, CancellationToken cancellationToken)
2026-09-21 13:26:37.252 +05:30 [INF] System.Net.Http.HttpClient.Default.ClientHandler HTTP request failed after 4096.0069ms
System.Net.Http.HttpRequestException: No connection could be made because the target machine actively refused it. (localhost:8001)
 ---> System.Net.Sockets.SocketException (10061): No connection could be made because the target machine actively refused it.
   at System.Net.Sockets.Socket.AwaitableSocketAsyncEventArgs.ThrowException(SocketError error, CancellationToken cancellationToken)
   at System.Net.Sockets.Socket.AwaitableSocketAsyncEventArgs.System.Threading.Tasks.Sources.IValueTaskSource.GetResult(Int16 token)
   at System.Runtime.CompilerServices.AsyncHelpers.ValueTaskSourceContinuation.GetResult(Object source, Int16 token, Byte& result)
   at System.Runtime.CompilerServices.AsyncHelpers.ValueTaskSourceContinuation.ValueTaskSourceContinuationResume.ResumeValueTaskSourceContinuation(Continuation cont, Byte& result)
   at System.Net.Http.HttpConnectionPool.ConnectToTcpHostAsync(String host, Int32 port, HttpRequestMessage initialRequest, Boolean async, CancellationToken cancellationToken)
   --- End of inner exception stack trace ---
   at System.Net.Http.HttpConnectionPool.ConnectToTcpHostAsync(String host, Int32 port, HttpRequestMessage initialRequest, Boolean async, CancellationToken cancellationToken)
   at System.Net.Http.HttpConnectionPool.ConnectAsync(HttpRequestMessage request, Boolean async, Boolean isForHttp2, CancellationToken cancellationToken)
   at System.Net.Http.HttpConnectionPool.CreateHttp11ConnectionAsync(HttpRequestMessage request, Boolean async, CancellationToken cancellationToken)
   at System.Net.Http.HttpConnectionPool.InjectNewHttp11ConnectionAsync(QueueItem queueItem)
   at System.Runtime.CompilerServices.RuntimeAsyncTaskContinuation.GetResult[T](Task task, Byte& result)
   at System.Runtime.CompilerServices.RuntimeAsyncTaskContinuation.TaskContinuationResume.ResumeTaskContinuation(Continuation cont, Byte& result)
   at System.Threading.Tasks.TaskCompletionSourceWithCancellation`1.WaitWithCancellationAsync(CancellationToken cancellationToken)
   at System.Runtime.CompilerServices.RuntimeAsyncTaskContinuation.GetResult[T](Task task, Byte& result)
   at System.Runtime.CompilerServices.RuntimeAsyncTaskContinuation.TaskContinuationResume.ResumeTaskContinuation(Continuation cont, Byte& result)
   at System.Net.Http.HttpConnectionPool.SendWithVersionDetectionAndRetryAsync(HttpRequestMessage request, Boolean async, Boolean doRequestAuth, CancellationToken cancellationToken)
   at System.Runtime.CompilerServices.RuntimeAsyncTaskContinuation.GetResult[T](Task task, Byte& result)
   at System.Runtime.CompilerServices.RuntimeAsyncTaskContinuation.TaskContinuationResume.ResumeTaskContinuation(Continuation cont, Byte& result)
   at System.Net.Http.DiagnosticsHandler.SendAsyncCore(HttpRequestMessage request, Boolean async, CancellationToken cancellationToken)
   at System.Net.Http.RedirectHandler.SendAsync(HttpRequestMessage request, Boolean async, CancellationToken cancellationToken)
   at Microsoft.Extensions.Http.Logging.LoggingHttpMessageHandler.<SendCoreAsync>g__Core|4_0(HttpRequestMessage request, Boolean useAsync, CancellationToken cancellationToken)
2026-09-21 13:26:37.251 +05:30 [ERR] Serilog.AspNetCore.RequestLoggingMiddleware HTTP GET /api/AgentGateway/prices/Tuna (Yellowfin)/predict responded 503 in 4096.707 ms
2026-09-21 13:26:37.252 +05:30 [WRN] FishLink.API.Controllers.AgentGatewayController Price API unreachable for species Trevally (Paraw)
System.Net.Http.HttpRequestException: No connection could be made because the target machine actively refused it. (localhost:8001)
 ---> System.Net.Sockets.SocketException (10061): No connection could be made because the target machine actively refused it.
   at System.Net.Sockets.Socket.AwaitableSocketAsyncEventArgs.ThrowException(SocketError error, CancellationToken cancellationToken)
   at System.Net.Sockets.Socket.AwaitableSocketAsyncEventArgs.System.Threading.Tasks.Sources.IValueTaskSource.GetResult(Int16 token)
   at System.Runtime.CompilerServices.AsyncHelpers.ValueTaskSourceContinuation.GetResult(Object source, Int16 token, Byte& result)
   at System.Runtime.CompilerServices.AsyncHelpers.ValueTaskSourceContinuation.ValueTaskSourceContinuationResume.ResumeValueTaskSourceContinuation(Continuation cont, Byte& result)
   at System.Net.Http.HttpConnectionPool.ConnectToTcpHostAsync(String host, Int32 port, HttpRequestMessage initialRequest, Boolean async, CancellationToken cancellationToken)
   --- End of inner exception stack trace ---
   at System.Net.Http.HttpConnectionPool.ConnectToTcpHostAsync(String host, Int32 port, HttpRequestMessage initialRequest, Boolean async, CancellationToken cancellationToken)
   at System.Net.Http.HttpConnectionPool.ConnectAsync(HttpRequestMessage request, Boolean async, Boolean isForHttp2, CancellationToken cancellationToken)
   at System.Net.Http.HttpConnectionPool.CreateHttp11ConnectionAsync(HttpRequestMessage request, Boolean async, CancellationToken cancellationToken)
   at System.Net.Http.HttpConnectionPool.InjectNewHttp11ConnectionAsync(QueueItem queueItem)
   at System.Runtime.CompilerServices.RuntimeAsyncTaskContinuation.GetResult[T](Task task, Byte& result)
   at System.Runtime.CompilerServices.RuntimeAsyncTaskContinuation.TaskContinuationResume.ResumeTaskContinuation(Continuation cont, Byte& result)
   at System.Threading.Tasks.TaskCompletionSourceWithCancellation`1.WaitWithCancellationAsync(CancellationToken cancellationToken)
   at System.Runtime.CompilerServices.RuntimeAsyncTaskContinuation.GetResult[T](Task task, Byte& result)
   at System.Runtime.CompilerServices.RuntimeAsyncTaskContinuation.TaskContinuationResume.ResumeTaskContinuation(Continuation cont, Byte& result)
   at System.Net.Http.HttpConnectionPool.SendWithVersionDetectionAndRetryAsync(HttpRequestMessage request, Boolean async, Boolean doRequestAuth, CancellationToken cancellationToken)
   at System.Runtime.CompilerServices.RuntimeAsyncTaskContinuation.GetResult[T](Task task, Byte& result)
   at System.Runtime.CompilerServices.RuntimeAsyncTaskContinuation.TaskContinuationResume.ResumeTaskContinuation(Continuation cont, Byte& result)
   at System.Net.Http.DiagnosticsHandler.SendAsyncCore(HttpRequestMessage request, Boolean async, CancellationToken cancellationToken)
   at System.Net.Http.RedirectHandler.SendAsync(HttpRequestMessage request, Boolean async, CancellationToken cancellationToken)
   at Microsoft.Extensions.Http.Logging.LoggingHttpMessageHandler.<SendCoreAsync>g__Core|4_0(HttpRequestMessage request, Boolean useAsync, CancellationToken cancellationToken)
   at Microsoft.Extensions.Http.Logging.LoggingScopeHttpMessageHandler.<SendCoreAsync>g__Core|4_0(HttpRequestMessage request, Boolean useAsync, CancellationToken cancellationToken)
   at System.Runtime.CompilerServices.RuntimeAsyncTaskContinuation.GetResult[T](Task task, Byte& result)
   at System.Runtime.CompilerServices.RuntimeAsyncTaskContinuation.TaskContinuationResume.ResumeTaskContinuation(Continuation cont, Byte& result)
   at System.Net.Http.HttpClient.<SendAsync>g__Core|83_0(HttpRequestMessage request, HttpCompletionOption completionOption, CancellationTokenSource cts, Boolean disposeCts, CancellationTokenSource pendingRequestsCts, CancellationToken originalCancellationToken)
   at FishLink.API.Controllers.AgentGatewayController.GetPricePrediction(String species) in C:\Users\Kaveesha\Desktop\fish\FishLink.API\Controllers\AgentGatewayController.cs:line 147
2026-09-21 13:26:37.253 +05:30 [INF] System.Net.Http.HttpClient.Default.LogicalHandler HTTP request failed after 4098.6084ms
System.Net.Http.HttpRequestException: No connection could be made because the target machine actively refused it. (localhost:8001)
 ---> System.Net.Sockets.SocketException (10061): No connection could be made because the target machine actively refused it.
   at System.Net.Sockets.Socket.AwaitableSocketAsyncEventArgs.ThrowException(SocketError error, CancellationToken cancellationToken)
   at System.Net.Sockets.Socket.AwaitableSocketAsyncEventArgs.System.Threading.Tasks.Sources.IValueTaskSource.GetResult(Int16 token)
   at System.Runtime.CompilerServices.AsyncHelpers.ValueTaskSourceContinuation.GetResult(Object source, Int16 token, Byte& result)
   at System.Runtime.CompilerServices.AsyncHelpers.ValueTaskSourceContinuation.ValueTaskSourceContinuationResume.ResumeValueTaskSourceContinuation(Continuation cont, Byte& result)
   at System.Net.Http.HttpConnectionPool.ConnectToTcpHostAsync(String host, Int32 port, HttpRequestMessage initialRequest, Boolean async, CancellationToken cancellationToken)
   --- End of inner exception stack trace ---
   at System.Net.Http.HttpConnectionPool.ConnectToTcpHostAsync(String host, Int32 port, HttpRequestMessage initialRequest, Boolean async, CancellationToken cancellationToken)
   at System.Net.Http.HttpConnectionPool.ConnectAsync(HttpRequestMessage request, Boolean async, Boolean isForHttp2, CancellationToken cancellationToken)
   at System.Net.Http.HttpConnectionPool.CreateHttp11ConnectionAsync(HttpRequestMessage request, Boolean async, CancellationToken cancellationToken)
   at System.Net.Http.HttpConnectionPool.InjectNewHttp11ConnectionAsync(QueueItem queueItem)
   at System.Runtime.CompilerServices.RuntimeAsyncTaskContinuation.GetResult[T](Task task, Byte& result)
   at System.Runtime.CompilerServices.RuntimeAsyncTaskContinuation.TaskContinuationResume.ResumeTaskContinuation(Continuation cont, Byte& result)
   at System.Threading.Tasks.TaskCompletionSourceWithCancellation`1.WaitWithCancellationAsync(CancellationToken cancellationToken)
   at System.Runtime.CompilerServices.RuntimeAsyncTaskContinuation.GetResult[T](Task task, Byte& result)
   at System.Runtime.CompilerServices.RuntimeAsyncTaskContinuation.TaskContinuationResume.ResumeTaskContinuation(Continuation cont, Byte& result)
   at System.Net.Http.HttpConnectionPool.SendWithVersionDetectionAndRetryAsync(HttpRequestMessage request, Boolean async, Boolean doRequestAuth, CancellationToken cancellationToken)
   at System.Runtime.CompilerServices.RuntimeAsyncTaskContinuation.GetResult[T](Task task, Byte& result)
   at System.Runtime.CompilerServices.RuntimeAsyncTaskContinuation.TaskContinuationResume.ResumeTaskContinuation(Continuation cont, Byte& result)
   at System.Net.Http.DiagnosticsHandler.SendAsyncCore(HttpRequestMessage request, Boolean async, CancellationToken cancellationToken)
   at System.Net.Http.RedirectHandler.SendAsync(HttpRequestMessage request, Boolean async, CancellationToken cancellationToken)
   at Microsoft.Extensions.Http.Logging.LoggingHttpMessageHandler.<SendCoreAsync>g__Core|4_0(HttpRequestMessage request, Boolean useAsync, CancellationToken cancellationToken)
   at Microsoft.Extensions.Http.Logging.LoggingScopeHttpMessageHandler.<SendCoreAsync>g__Core|4_0(HttpRequestMessage request, Boolean useAsync, CancellationToken cancellationToken)
2026-09-21 13:26:37.254 +05:30 [INF] System.Net.Http.HttpClient.Default.ClientHandler HTTP request failed after 4093.5168ms
System.Net.Http.HttpRequestException: No connection could be made because the target machine actively refused it. (localhost:8001)
 ---> System.Net.Sockets.SocketException (10061): No connection could be made because the target machine actively refused it.
   at System.Net.Sockets.Socket.AwaitableSocketAsyncEventArgs.ThrowException(SocketError error, CancellationToken cancellationToken)
   at System.Net.Sockets.Socket.AwaitableSocketAsyncEventArgs.System.Threading.Tasks.Sources.IValueTaskSource.GetResult(Int16 token)
   at System.Runtime.CompilerServices.AsyncHelpers.ValueTaskSourceContinuation.GetResult(Object source, Int16 token, Byte& result)
   at System.Runtime.CompilerServices.AsyncHelpers.ValueTaskSourceContinuation.ValueTaskSourceContinuationResume.ResumeValueTaskSourceContinuation(Continuation cont, Byte& result)
   at System.Net.Http.HttpConnectionPool.ConnectToTcpHostAsync(String host, Int32 port, HttpRequestMessage initialRequest, Boolean async, CancellationToken cancellationToken)
   --- End of inner exception stack trace ---
   at System.Net.Http.HttpConnectionPool.ConnectToTcpHostAsync(String host, Int32 port, HttpRequestMessage initialRequest, Boolean async, CancellationToken cancellationToken)
   at System.Net.Http.HttpConnectionPool.ConnectAsync(HttpRequestMessage request, Boolean async, Boolean isForHttp2, CancellationToken cancellationToken)
   at System.Net.Http.HttpConnectionPool.CreateHttp11ConnectionAsync(HttpRequestMessage request, Boolean async, CancellationToken cancellationToken)
   at System.Net.Http.HttpConnectionPool.InjectNewHttp11ConnectionAsync(QueueItem queueItem)
   at System.Runtime.CompilerServices.RuntimeAsyncTaskContinuation.GetResult[T](Task task, Byte& result)
   at System.Runtime.CompilerServices.RuntimeAsyncTaskContinuation.TaskContinuationResume.ResumeTaskContinuation(Continuation cont, Byte& result)
   at System.Threading.Tasks.TaskCompletionSourceWithCancellation`1.WaitWithCancellationAsync(CancellationToken cancellationToken)
   at System.Runtime.CompilerServices.RuntimeAsyncTaskContinuation.GetResult[T](Task task, Byte& result)
   at System.Runtime.CompilerServices.RuntimeAsyncTaskContinuation.TaskContinuationResume.ResumeTaskContinuation(Continuation cont, Byte& result)
   at System.Net.Http.HttpConnectionPool.SendWithVersionDetectionAndRetryAsync(HttpRequestMessage request, Boolean async, Boolean doRequestAuth, CancellationToken cancellationToken)
   at System.Runtime.CompilerServices.RuntimeAsyncTaskContinuation.GetResult[T](Task task, Byte& result)
   at System.Runtime.CompilerServices.RuntimeAsyncTaskContinuation.TaskContinuationResume.ResumeTaskContinuation(Continuation cont, Byte& result)
   at System.Net.Http.DiagnosticsHandler.SendAsyncCore(HttpRequestMessage request, Boolean async, CancellationToken cancellationToken)
   at System.Net.Http.RedirectHandler.SendAsync(HttpRequestMessage request, Boolean async, CancellationToken cancellationToken)
   at Microsoft.Extensions.Http.Logging.LoggingHttpMessageHandler.<SendCoreAsync>g__Core|4_0(HttpRequestMessage request, Boolean useAsync, CancellationToken cancellationToken)
2026-09-21 13:26:37.259 +05:30 [ERR] Serilog.AspNetCore.RequestLoggingMiddleware HTTP GET /api/AgentGateway/prices/Trevally (Paraw)/predict responded 503 in 4096.350 ms
2026-09-21 13:26:37.259 +05:30 [WRN] FishLink.API.Controllers.AgentGatewayController Price API unreachable for species Mackerel
System.Net.Http.HttpRequestException: No connection could be made because the target machine actively refused it. (localhost:8001)
 ---> System.Net.Sockets.SocketException (10061): No connection could be made because the target machine actively refused it.
   at System.Net.Sockets.Socket.AwaitableSocketAsyncEventArgs.ThrowException(SocketError error, CancellationToken cancellationToken)
   at System.Net.Sockets.Socket.AwaitableSocketAsyncEventArgs.System.Threading.Tasks.Sources.IValueTaskSource.GetResult(Int16 token)
   at System.Runtime.CompilerServices.AsyncHelpers.ValueTaskSourceContinuation.GetResult(Object source, Int16 token, Byte& result)
   at System.Runtime.CompilerServices.AsyncHelpers.ValueTaskSourceContinuation.ValueTaskSourceContinuationResume.ResumeValueTaskSourceContinuation(Continuation cont, Byte& result)
   at System.Net.Http.HttpConnectionPool.ConnectToTcpHostAsync(String host, Int32 port, HttpRequestMessage initialRequest, Boolean async, CancellationToken cancellationToken)
   --- End of inner exception stack trace ---
   at System.Net.Http.HttpConnectionPool.ConnectToTcpHostAsync(String host, Int32 port, HttpRequestMessage initialRequest, Boolean async, CancellationToken cancellationToken)
   at System.Net.Http.HttpConnectionPool.ConnectAsync(HttpRequestMessage request, Boolean async, Boolean isForHttp2, CancellationToken cancellationToken)
   at System.Net.Http.HttpConnectionPool.CreateHttp11ConnectionAsync(HttpRequestMessage request, Boolean async, CancellationToken cancellationToken)
   at System.Net.Http.HttpConnectionPool.InjectNewHttp11ConnectionAsync(QueueItem queueItem)
   at System.Runtime.CompilerServices.RuntimeAsyncTaskContinuation.GetResult[T](Task task, Byte& result)
   at System.Runtime.CompilerServices.RuntimeAsyncTaskContinuation.TaskContinuationResume.ResumeTaskContinuation(Continuation cont, Byte& result)
   at System.Threading.Tasks.TaskCompletionSourceWithCancellation`1.WaitWithCancellationAsync(CancellationToken cancellationToken)
   at System.Runtime.CompilerServices.RuntimeAsyncTaskContinuation.GetResult[T](Task task, Byte& result)
   at System.Runtime.CompilerServices.RuntimeAsyncTaskContinuation.TaskContinuationResume.ResumeTaskContinuation(Continuation cont, Byte& result)
   at System.Net.Http.HttpConnectionPool.SendWithVersionDetectionAndRetryAsync(HttpRequestMessage request, Boolean async, Boolean doRequestAuth, CancellationToken cancellationToken)
   at System.Runtime.CompilerServices.RuntimeAsyncTaskContinuation.GetResult[T](Task task, Byte& result)
   at System.Runtime.CompilerServices.RuntimeAsyncTaskContinuation.TaskContinuationResume.ResumeTaskContinuation(Continuation cont, Byte& result)
   at System.Net.Http.DiagnosticsHandler.SendAsyncCore(HttpRequestMessage request, Boolean async, CancellationToken cancellationToken)
   at System.Net.Http.RedirectHandler.SendAsync(HttpRequestMessage request, Boolean async, CancellationToken cancellationToken)
   at Microsoft.Extensions.Http.Logging.LoggingHttpMessageHandler.<SendCoreAsync>g__Core|4_0(HttpRequestMessage request, Boolean useAsync, CancellationToken cancellationToken)
   at Microsoft.Extensions.Http.Logging.LoggingScopeHttpMessageHandler.<SendCoreAsync>g__Core|4_0(HttpRequestMessage request, Boolean useAsync, CancellationToken cancellationToken)
   at System.Runtime.CompilerServices.RuntimeAsyncTaskContinuation.GetResult[T](Task task, Byte& result)
   at System.Runtime.CompilerServices.RuntimeAsyncTaskContinuation.TaskContinuationResume.ResumeTaskContinuation(Continuation cont, Byte& result)
   at System.Net.Http.HttpClient.<SendAsync>g__Core|83_0(HttpRequestMessage request, HttpCompletionOption completionOption, CancellationTokenSource cts, Boolean disposeCts, CancellationTokenSource pendingRequestsCts, CancellationToken originalCancellationToken)
   at FishLink.API.Controllers.AgentGatewayController.GetPricePrediction(String species) in C:\Users\Kaveesha\Desktop\fish\FishLink.API\Controllers\AgentGatewayController.cs:line 147
2026-09-21 13:26:37.261 +05:30 [ERR] Serilog.AspNetCore.RequestLoggingMiddleware HTTP GET /api/AgentGateway/prices/Mackerel/predict responded 503 in 4107.090 ms
2026-09-21 13:26:37.260 +05:30 [INF] System.Net.Http.HttpClient.Default.LogicalHandler HTTP request failed after 4103.3229ms
System.Net.Http.HttpRequestException: No connection could be made because the target machine actively refused it. (localhost:8001)
 ---> System.Net.Sockets.SocketException (10061): No connection could be made because the target machine actively refused it.
   at System.Net.Sockets.Socket.AwaitableSocketAsyncEventArgs.ThrowException(SocketError error, CancellationToken cancellationToken)
   at System.Net.Sockets.Socket.AwaitableSocketAsyncEventArgs.System.Threading.Tasks.Sources.IValueTaskSource.GetResult(Int16 token)
   at System.Runtime.CompilerServices.AsyncHelpers.ValueTaskSourceContinuation.GetResult(Object source, Int16 token, Byte& result)
   at System.Runtime.CompilerServices.AsyncHelpers.ValueTaskSourceContinuation.ValueTaskSourceContinuationResume.ResumeValueTaskSourceContinuation(Continuation cont, Byte& result)
   at System.Net.Http.HttpConnectionPool.ConnectToTcpHostAsync(String host, Int32 port, HttpRequestMessage initialRequest, Boolean async, CancellationToken cancellationToken)
   --- End of inner exception stack trace ---
   at System.Net.Http.HttpConnectionPool.ConnectToTcpHostAsync(String host, Int32 port, HttpRequestMessage initialRequest, Boolean async, CancellationToken cancellationToken)
   at System.Net.Http.HttpConnectionPool.ConnectAsync(HttpRequestMessage request, Boolean async, Boolean isForHttp2, CancellationToken cancellationToken)
   at System.Net.Http.HttpConnectionPool.CreateHttp11ConnectionAsync(HttpRequestMessage request, Boolean async, CancellationToken cancellationToken)
   at System.Net.Http.HttpConnectionPool.InjectNewHttp11ConnectionAsync(QueueItem queueItem)
   at System.Runtime.CompilerServices.RuntimeAsyncTaskContinuation.GetResult[T](Task task, Byte& result)
   at System.Runtime.CompilerServices.RuntimeAsyncTaskContinuation.TaskContinuationResume.ResumeTaskContinuation(Continuation cont, Byte& result)
   at System.Threading.Tasks.TaskCompletionSourceWithCancellation`1.WaitWithCancellationAsync(CancellationToken cancellationToken)
   at System.Runtime.CompilerServices.RuntimeAsyncTaskContinuation.GetResult[T](Task task, Byte& result)
   at System.Runtime.CompilerServices.RuntimeAsyncTaskContinuation.TaskContinuationResume.ResumeTaskContinuation(Continuation cont, Byte& result)
   at System.Net.Http.HttpConnectionPool.SendWithVersionDetectionAndRetryAsync(HttpRequestMessage request, Boolean async, Boolean doRequestAuth, CancellationToken cancellationToken)
   at System.Runtime.CompilerServices.RuntimeAsyncTaskContinuation.GetResult[T](Task task, Byte& result)
   at System.Runtime.CompilerServices.RuntimeAsyncTaskContinuation.TaskContinuationResume.ResumeTaskContinuation(Continuation cont, Byte& result)
   at System.Net.Http.DiagnosticsHandler.SendAsyncCore(HttpRequestMessage request, Boolean async, CancellationToken cancellationToken)
   at System.Net.Http.RedirectHandler.SendAsync(HttpRequestMessage request, Boolean async, CancellationToken cancellationToken)
   at Microsoft.Extensions.Http.Logging.LoggingHttpMessageHandler.<SendCoreAsync>g__Core|4_0(HttpRequestMessage request, Boolean useAsync, CancellationToken cancellationToken)
   at Microsoft.Extensions.Http.Logging.LoggingScopeHttpMessageHandler.<SendCoreAsync>g__Core|4_0(HttpRequestMessage request, Boolean useAsync, CancellationToken cancellationToken)
2026-09-21 13:26:37.264 +05:30 [WRN] FishLink.API.Controllers.AgentGatewayController Price API unreachable for species Skipjack
System.Net.Http.HttpRequestException: No connection could be made because the target machine actively refused it. (localhost:8001)
 ---> System.Net.Sockets.SocketException (10061): No connection could be made because the target machine actively refused it.
   at System.Net.Sockets.Socket.AwaitableSocketAsyncEventArgs.ThrowException(SocketError error, CancellationToken cancellationToken)
   at System.Net.Sockets.Socket.AwaitableSocketAsyncEventArgs.System.Threading.Tasks.Sources.IValueTaskSource.GetResult(Int16 token)
   at System.Runtime.CompilerServices.AsyncHelpers.ValueTaskSourceContinuation.GetResult(Object source, Int16 token, Byte& result)
   at System.Runtime.CompilerServices.AsyncHelpers.ValueTaskSourceContinuation.ValueTaskSourceContinuationResume.ResumeValueTaskSourceContinuation(Continuation cont, Byte& result)
   at System.Net.Http.HttpConnectionPool.ConnectToTcpHostAsync(String host, Int32 port, HttpRequestMessage initialRequest, Boolean async, CancellationToken cancellationToken)
   --- End of inner exception stack trace ---
   at System.Net.Http.HttpConnectionPool.ConnectToTcpHostAsync(String host, Int32 port, HttpRequestMessage initialRequest, Boolean async, CancellationToken cancellationToken)
   at System.Net.Http.HttpConnectionPool.ConnectAsync(HttpRequestMessage request, Boolean async, Boolean isForHttp2, CancellationToken cancellationToken)
   at System.Net.Http.HttpConnectionPool.CreateHttp11ConnectionAsync(HttpRequestMessage request, Boolean async, CancellationToken cancellationToken)
   at System.Net.Http.HttpConnectionPool.InjectNewHttp11ConnectionAsync(QueueItem queueItem)
   at System.Runtime.CompilerServices.RuntimeAsyncTaskContinuation.GetResult[T](Task task, Byte& result)
   at System.Runtime.CompilerServices.RuntimeAsyncTaskContinuation.TaskContinuationResume.ResumeTaskContinuation(Continuation cont, Byte& result)
   at System.Threading.Tasks.TaskCompletionSourceWithCancellation`1.WaitWithCancellationAsync(CancellationToken cancellationToken)
   at System.Runtime.CompilerServices.RuntimeAsyncTaskContinuation.GetResult[T](Task task, Byte& result)
   at System.Runtime.CompilerServices.RuntimeAsyncTaskContinuation.TaskContinuationResume.ResumeTaskContinuation(Continuation cont, Byte& result)
   at System.Net.Http.HttpConnectionPool.SendWithVersionDetectionAndRetryAsync(HttpRequestMessage request, Boolean async, Boolean doRequestAuth, CancellationToken cancellationToken)
   at System.Runtime.CompilerServices.RuntimeAsyncTaskContinuation.GetResult[T](Task task, Byte& result)
   at System.Runtime.CompilerServices.RuntimeAsyncTaskContinuation.TaskContinuationResume.ResumeTaskContinuation(Continuation cont, Byte& result)
   at System.Net.Http.DiagnosticsHandler.SendAsyncCore(HttpRequestMessage request, Boolean async, CancellationToken cancellationToken)
   at System.Net.Http.RedirectHandler.SendAsync(HttpRequestMessage request, Boolean async, CancellationToken cancellationToken)
   at Microsoft.Extensions.Http.Logging.LoggingHttpMessageHandler.<SendCoreAsync>g__Core|4_0(HttpRequestMessage request, Boolean useAsync, CancellationToken cancellationToken)
   at Microsoft.Extensions.Http.Logging.LoggingScopeHttpMessageHandler.<SendCoreAsync>g__Core|4_0(HttpRequestMessage request, Boolean useAsync, CancellationToken cancellationToken)
   at System.Runtime.CompilerServices.RuntimeAsyncTaskContinuation.GetResult[T](Task task, Byte& result)
   at System.Runtime.CompilerServices.RuntimeAsyncTaskContinuation.TaskContinuationResume.ResumeTaskContinuation(Continuation cont, Byte& result)
   at System.Net.Http.HttpClient.<SendAsync>g__Core|83_0(HttpRequestMessage request, HttpCompletionOption completionOption, CancellationTokenSource cts, Boolean disposeCts, CancellationTokenSource pendingRequestsCts, CancellationToken originalCancellationToken)
   at FishLink.API.Controllers.AgentGatewayController.GetPricePrediction(String species) in C:\Users\Kaveesha\Desktop\fish\FishLink.API\Controllers\AgentGatewayController.cs:line 147
2026-09-21 13:26:37.265 +05:30 [ERR] Serilog.AspNetCore.RequestLoggingMiddleware HTTP GET /api/AgentGateway/prices/Skipjack/predict responded 503 in 4108.601 ms
2026-09-21 13:26:38.539 +05:30 [INF] Serilog.AspNetCore.RequestLoggingMiddleware HTTP OPTIONS /api/AgentGateway/prices/Skipjack/predict responded 204 in 0.405 ms
2026-09-21 13:26:38.541 +05:30 [INF] Serilog.AspNetCore.RequestLoggingMiddleware HTTP OPTIONS /api/AgentGateway/prices/Trevally (Paraw)/predict responded 204 in 0.165 ms
2026-09-21 13:26:38.542 +05:30 [INF] Serilog.AspNetCore.RequestLoggingMiddleware HTTP OPTIONS /api/AgentGateway/prices/Mackerel/predict responded 204 in 0.077 ms
2026-09-21 13:26:38.545 +05:30 [INF] Serilog.AspNetCore.RequestLoggingMiddleware HTTP OPTIONS /api/Catches/market-stats responded 204 in 0.159 ms
2026-09-21 13:26:38.551 +05:30 [INF] Serilog.AspNetCore.RequestLoggingMiddleware HTTP OPTIONS /api/AgentGateway/prices/Tuna (Yellowfin)/predict responded 204 in 12.862 ms
2026-09-21 13:26:38.553 +05:30 [INF] System.Net.Http.HttpClient.Default.LogicalHandler Start processing HTTP request GET http://localhost:8001/api/prices/Trevally%20%28Paraw%29/predict
2026-09-21 13:26:38.556 +05:30 [INF] System.Net.Http.HttpClient.Default.ClientHandler Sending HTTP request GET http://localhost:8001/api/prices/Trevally%20%28Paraw%29/predict
2026-09-21 13:26:38.558 +05:30 [INF] System.Net.Http.HttpClient.Default.LogicalHandler Start processing HTTP request GET http://localhost:8001/api/prices/Mackerel/predict
2026-09-21 13:26:38.558 +05:30 [INF] System.Net.Http.HttpClient.Default.ClientHandler Sending HTTP request GET http://localhost:8001/api/prices/Mackerel/predict
2026-09-21 13:26:38.562 +05:30 [INF] System.Net.Http.HttpClient.Default.LogicalHandler Start processing HTTP request GET http://localhost:8001/api/prices/Skipjack/predict
2026-09-21 13:26:38.563 +05:30 [INF] System.Net.Http.HttpClient.Default.ClientHandler Sending HTTP request GET http://localhost:8001/api/prices/Skipjack/predict
2026-09-21 13:26:38.573 +05:30 [INF] System.Net.Http.HttpClient.Default.LogicalHandler Start processing HTTP request GET http://localhost:8001/api/prices/Tuna%20%28Yellowfin%29/predict
2026-09-21 13:26:38.573 +05:30 [INF] System.Net.Http.HttpClient.Default.ClientHandler Sending HTTP request GET http://localhost:8001/api/prices/Tuna%20%28Yellowfin%29/predict
2026-09-21 13:26:38.576 +05:30 [INF] Serilog.AspNetCore.RequestLoggingMiddleware HTTP GET /api/Catches/market-stats responded 200 in 17.581 ms
2026-09-21 13:26:42.640 +05:30 [INF] System.Net.Http.HttpClient.Default.ClientHandler HTTP request failed after 4081.1291ms
System.Net.Http.HttpRequestException: No connection could be made because the target machine actively refused it. (localhost:8001)
 ---> System.Net.Sockets.SocketException (10061): No connection could be made because the target machine actively refused it.
   at System.Net.Sockets.Socket.AwaitableSocketAsyncEventArgs.ThrowException(SocketError error, CancellationToken cancellationToken)
   at System.Net.Sockets.Socket.AwaitableSocketAsyncEventArgs.System.Threading.Tasks.Sources.IValueTaskSource.GetResult(Int16 token)
   at System.Runtime.CompilerServices.AsyncHelpers.ValueTaskSourceContinuation.GetResult(Object source, Int16 token, Byte& result)
   at System.Runtime.CompilerServices.AsyncHelpers.ValueTaskSourceContinuation.ValueTaskSourceContinuationResume.ResumeValueTaskSourceContinuation(Continuation cont, Byte& result)
   at System.Net.Http.HttpConnectionPool.ConnectToTcpHostAsync(String host, Int32 port, HttpRequestMessage initialRequest, Boolean async, CancellationToken cancellationToken)
   --- End of inner exception stack trace ---
   at System.Net.Http.HttpConnectionPool.ConnectToTcpHostAsync(String host, Int32 port, HttpRequestMessage initialRequest, Boolean async, CancellationToken cancellationToken)
   at System.Net.Http.HttpConnectionPool.ConnectAsync(HttpRequestMessage request, Boolean async, Boolean isForHttp2, CancellationToken cancellationToken)
   at System.Net.Http.HttpConnectionPool.CreateHttp11ConnectionAsync(HttpRequestMessage request, Boolean async, CancellationToken cancellationToken)
   at System.Net.Http.HttpConnectionPool.InjectNewHttp11ConnectionAsync(QueueItem queueItem)
   at System.Runtime.CompilerServices.RuntimeAsyncTaskContinuation.GetResult[T](Task task, Byte& result)
   at System.Runtime.CompilerServices.RuntimeAsyncTaskContinuation.TaskContinuationResume.ResumeTaskContinuation(Continuation cont, Byte& result)
   at System.Threading.Tasks.TaskCompletionSourceWithCancellation`1.WaitWithCancellationAsync(CancellationToken cancellationToken)
   at System.Runtime.CompilerServices.RuntimeAsyncTaskContinuation.GetResult[T](Task task, Byte& result)
   at System.Runtime.CompilerServices.RuntimeAsyncTaskContinuation.TaskContinuationResume.ResumeTaskContinuation(Continuation cont, Byte& result)
   at System.Net.Http.HttpConnectionPool.SendWithVersionDetectionAndRetryAsync(HttpRequestMessage request, Boolean async, Boolean doRequestAuth, CancellationToken cancellationToken)
   at System.Runtime.CompilerServices.RuntimeAsyncTaskContinuation.GetResult[T](Task task, Byte& result)
   at System.Runtime.CompilerServices.RuntimeAsyncTaskContinuation.TaskContinuationResume.ResumeTaskContinuation(Continuation cont, Byte& result)
   at System.Net.Http.DiagnosticsHandler.SendAsyncCore(HttpRequestMessage request, Boolean async, CancellationToken cancellationToken)
   at System.Net.Http.RedirectHandler.SendAsync(HttpRequestMessage request, Boolean async, CancellationToken cancellationToken)
   at Microsoft.Extensions.Http.Logging.LoggingHttpMessageHandler.<SendCoreAsync>g__Core|4_0(HttpRequestMessage request, Boolean useAsync, CancellationToken cancellationToken)
2026-09-21 13:26:42.642 +05:30 [INF] System.Net.Http.HttpClient.Default.LogicalHandler HTTP request failed after 4083.5308ms
System.Net.Http.HttpRequestException: No connection could be made because the target machine actively refused it. (localhost:8001)
 ---> System.Net.Sockets.SocketException (10061): No connection could be made because the target machine actively refused it.
   at System.Net.Sockets.Socket.AwaitableSocketAsyncEventArgs.ThrowException(SocketError error, CancellationToken cancellationToken)
   at System.Net.Sockets.Socket.AwaitableSocketAsyncEventArgs.System.Threading.Tasks.Sources.IValueTaskSource.GetResult(Int16 token)
   at System.Runtime.CompilerServices.AsyncHelpers.ValueTaskSourceContinuation.GetResult(Object source, Int16 token, Byte& result)
   at System.Runtime.CompilerServices.AsyncHelpers.ValueTaskSourceContinuation.ValueTaskSourceContinuationResume.ResumeValueTaskSourceContinuation(Continuation cont, Byte& result)
   at System.Net.Http.HttpConnectionPool.ConnectToTcpHostAsync(String host, Int32 port, HttpRequestMessage initialRequest, Boolean async, CancellationToken cancellationToken)
   --- End of inner exception stack trace ---
   at System.Net.Http.HttpConnectionPool.ConnectToTcpHostAsync(String host, Int32 port, HttpRequestMessage initialRequest, Boolean async, CancellationToken cancellationToken)
   at System.Net.Http.HttpConnectionPool.ConnectAsync(HttpRequestMessage request, Boolean async, Boolean isForHttp2, CancellationToken cancellationToken)
   at System.Net.Http.HttpConnectionPool.CreateHttp11ConnectionAsync(HttpRequestMessage request, Boolean async, CancellationToken cancellationToken)
   at System.Net.Http.HttpConnectionPool.InjectNewHttp11ConnectionAsync(QueueItem queueItem)
   at System.Runtime.CompilerServices.RuntimeAsyncTaskContinuation.GetResult[T](Task task, Byte& result)
   at System.Runtime.CompilerServices.RuntimeAsyncTaskContinuation.TaskContinuationResume.ResumeTaskContinuation(Continuation cont, Byte& result)
   at System.Threading.Tasks.TaskCompletionSourceWithCancellation`1.WaitWithCancellationAsync(CancellationToken cancellationToken)
   at System.Runtime.CompilerServices.RuntimeAsyncTaskContinuation.GetResult[T](Task task, Byte& result)
   at System.Runtime.CompilerServices.RuntimeAsyncTaskContinuation.TaskContinuationResume.ResumeTaskContinuation(Continuation cont, Byte& result)
   at System.Net.Http.HttpConnectionPool.SendWithVersionDetectionAndRetryAsync(HttpRequestMessage request, Boolean async, Boolean doRequestAuth, CancellationToken cancellationToken)
   at System.Runtime.CompilerServices.RuntimeAsyncTaskContinuation.GetResult[T](Task task, Byte& result)
   at System.Runtime.CompilerServices.RuntimeAsyncTaskContinuation.TaskContinuationResume.ResumeTaskContinuation(Continuation cont, Byte& result)
   at System.Net.Http.DiagnosticsHandler.SendAsyncCore(HttpRequestMessage request, Boolean async, CancellationToken cancellationToken)
   at System.Net.Http.RedirectHandler.SendAsync(HttpRequestMessage request, Boolean async, CancellationToken cancellationToken)
   at Microsoft.Extensions.Http.Logging.LoggingHttpMessageHandler.<SendCoreAsync>g__Core|4_0(HttpRequestMessage request, Boolean useAsync, CancellationToken cancellationToken)
   at Microsoft.Extensions.Http.Logging.LoggingScopeHttpMessageHandler.<SendCoreAsync>g__Core|4_0(HttpRequestMessage request, Boolean useAsync, CancellationToken cancellationToken)
2026-09-21 13:26:42.642 +05:30 [INF] System.Net.Http.HttpClient.Default.ClientHandler HTTP request failed after 4085.2196ms
System.Net.Http.HttpRequestException: No connection could be made because the target machine actively refused it. (localhost:8001)
 ---> System.Net.Sockets.SocketException (10061): No connection could be made because the target machine actively refused it.
   at System.Net.Sockets.Socket.AwaitableSocketAsyncEventArgs.ThrowException(SocketError error, CancellationToken cancellationToken)
   at System.Net.Sockets.Socket.AwaitableSocketAsyncEventArgs.System.Threading.Tasks.Sources.IValueTaskSource.GetResult(Int16 token)
   at System.Runtime.CompilerServices.AsyncHelpers.ValueTaskSourceContinuation.GetResult(Object source, Int16 token, Byte& result)
   at System.Runtime.CompilerServices.AsyncHelpers.ValueTaskSourceContinuation.ValueTaskSourceContinuationResume.ResumeValueTaskSourceContinuation(Continuation cont, Byte& result)
   at System.Net.Http.HttpConnectionPool.ConnectToTcpHostAsync(String host, Int32 port, HttpRequestMessage initialRequest, Boolean async, CancellationToken cancellationToken)
   --- End of inner exception stack trace ---
   at System.Net.Http.HttpConnectionPool.ConnectToTcpHostAsync(String host, Int32 port, HttpRequestMessage initialRequest, Boolean async, CancellationToken cancellationToken)
   at System.Net.Http.HttpConnectionPool.ConnectAsync(HttpRequestMessage request, Boolean async, Boolean isForHttp2, CancellationToken cancellationToken)
   at System.Net.Http.HttpConnectionPool.CreateHttp11ConnectionAsync(HttpRequestMessage request, Boolean async, CancellationToken cancellationToken)
   at System.Net.Http.HttpConnectionPool.InjectNewHttp11ConnectionAsync(QueueItem queueItem)
   at System.Runtime.CompilerServices.RuntimeAsyncTaskContinuation.GetResult[T](Task task, Byte& result)
   at System.Runtime.CompilerServices.RuntimeAsyncTaskContinuation.TaskContinuationResume.ResumeTaskContinuation(Continuation cont, Byte& result)
   at System.Threading.Tasks.TaskCompletionSourceWithCancellation`1.WaitWithCancellationAsync(CancellationToken cancellationToken)
   at System.Runtime.CompilerServices.RuntimeAsyncTaskContinuation.GetResult[T](Task task, Byte& result)
   at System.Runtime.CompilerServices.RuntimeAsyncTaskContinuation.TaskContinuationResume.ResumeTaskContinuation(Continuation cont, Byte& result)
   at System.Net.Http.HttpConnectionPool.SendWithVersionDetectionAndRetryAsync(HttpRequestMessage request, Boolean async, Boolean doRequestAuth, CancellationToken cancellationToken)
   at System.Runtime.CompilerServices.RuntimeAsyncTaskContinuation.GetResult[T](Task task, Byte& result)
   at System.Runtime.CompilerServices.RuntimeAsyncTaskContinuation.TaskContinuationResume.ResumeTaskContinuation(Continuation cont, Byte& result)
   at System.Net.Http.DiagnosticsHandler.SendAsyncCore(HttpRequestMessage request, Boolean async, CancellationToken cancellationToken)
   at System.Net.Http.RedirectHandler.SendAsync(HttpRequestMessage request, Boolean async, CancellationToken cancellationToken)
   at Microsoft.Extensions.Http.Logging.LoggingHttpMessageHandler.<SendCoreAsync>g__Core|4_0(HttpRequestMessage request, Boolean useAsync, CancellationToken cancellationToken)
2026-09-21 13:26:42.644 +05:30 [INF] System.Net.Http.HttpClient.Default.LogicalHandler HTTP request failed after 4090.4798ms
System.Net.Http.HttpRequestException: No connection could be made because the target machine actively refused it. (localhost:8001)
 ---> System.Net.Sockets.SocketException (10061): No connection could be made because the target machine actively refused it.
   at System.Net.Sockets.Socket.AwaitableSocketAsyncEventArgs.ThrowException(SocketError error, CancellationToken cancellationToken)
   at System.Net.Sockets.Socket.AwaitableSocketAsyncEventArgs.System.Threading.Tasks.Sources.IValueTaskSource.GetResult(Int16 token)
   at System.Runtime.CompilerServices.AsyncHelpers.ValueTaskSourceContinuation.GetResult(Object source, Int16 token, Byte& result)
   at System.Runtime.CompilerServices.AsyncHelpers.ValueTaskSourceContinuation.ValueTaskSourceContinuationResume.ResumeValueTaskSourceContinuation(Continuation cont, Byte& result)
   at System.Net.Http.HttpConnectionPool.ConnectToTcpHostAsync(String host, Int32 port, HttpRequestMessage initialRequest, Boolean async, CancellationToken cancellationToken)
   --- End of inner exception stack trace ---
   at System.Net.Http.HttpConnectionPool.ConnectToTcpHostAsync(String host, Int32 port, HttpRequestMessage initialRequest, Boolean async, CancellationToken cancellationToken)
   at System.Net.Http.HttpConnectionPool.ConnectAsync(HttpRequestMessage request, Boolean async, Boolean isForHttp2, CancellationToken cancellationToken)
   at System.Net.Http.HttpConnectionPool.CreateHttp11ConnectionAsync(HttpRequestMessage request, Boolean async, CancellationToken cancellationToken)
   at System.Net.Http.HttpConnectionPool.InjectNewHttp11ConnectionAsync(QueueItem queueItem)
   at System.Runtime.CompilerServices.RuntimeAsyncTaskContinuation.GetResult[T](Task task, Byte& result)
   at System.Runtime.CompilerServices.RuntimeAsyncTaskContinuation.TaskContinuationResume.ResumeTaskContinuation(Continuation cont, Byte& result)
   at System.Threading.Tasks.TaskCompletionSourceWithCancellation`1.WaitWithCancellationAsync(CancellationToken cancellationToken)
   at System.Runtime.CompilerServices.RuntimeAsyncTaskContinuation.GetResult[T](Task task, Byte& result)
   at System.Runtime.CompilerServices.RuntimeAsyncTaskContinuation.TaskContinuationResume.ResumeTaskContinuation(Continuation cont, Byte& result)
   at System.Net.Http.HttpConnectionPool.SendWithVersionDetectionAndRetryAsync(HttpRequestMessage request, Boolean async, Boolean doRequestAuth, CancellationToken cancellationToken)
   at System.Runtime.CompilerServices.RuntimeAsyncTaskContinuation.GetResult[T](Task task, Byte& result)
   at System.Runtime.CompilerServices.RuntimeAsyncTaskContinuation.TaskContinuationResume.ResumeTaskContinuation(Continuation cont, Byte& result)
   at System.Net.Http.DiagnosticsHandler.SendAsyncCore(HttpRequestMessage request, Boolean async, CancellationToken cancellationToken)
   at System.Net.Http.RedirectHandler.SendAsync(HttpRequestMessage request, Boolean async, CancellationToken cancellationToken)
   at Microsoft.Extensions.Http.Logging.LoggingHttpMessageHandler.<SendCoreAsync>g__Core|4_0(HttpRequestMessage request, Boolean useAsync, CancellationToken cancellationToken)
   at Microsoft.Extensions.Http.Logging.LoggingScopeHttpMessageHandler.<SendCoreAsync>g__Core|4_0(HttpRequestMessage request, Boolean useAsync, CancellationToken cancellationToken)
2026-09-21 13:26:42.645 +05:30 [WRN] FishLink.API.Controllers.AgentGatewayController Price API unreachable for species Trevally (Paraw)
System.Net.Http.HttpRequestException: No connection could be made because the target machine actively refused it. (localhost:8001)
 ---> System.Net.Sockets.SocketException (10061): No connection could be made because the target machine actively refused it.
   at System.Net.Sockets.Socket.AwaitableSocketAsyncEventArgs.ThrowException(SocketError error, CancellationToken cancellationToken)
   at System.Net.Sockets.Socket.AwaitableSocketAsyncEventArgs.System.Threading.Tasks.Sources.IValueTaskSource.GetResult(Int16 token)
   at System.Runtime.CompilerServices.AsyncHelpers.ValueTaskSourceContinuation.GetResult(Object source, Int16 token, Byte& result)
   at System.Runtime.CompilerServices.AsyncHelpers.ValueTaskSourceContinuation.ValueTaskSourceContinuationResume.ResumeValueTaskSourceContinuation(Continuation cont, Byte& result)
   at System.Net.Http.HttpConnectionPool.ConnectToTcpHostAsync(String host, Int32 port, HttpRequestMessage initialRequest, Boolean async, CancellationToken cancellationToken)
   --- End of inner exception stack trace ---
   at System.Net.Http.HttpConnectionPool.ConnectToTcpHostAsync(String host, Int32 port, HttpRequestMessage initialRequest, Boolean async, CancellationToken cancellationToken)
   at System.Net.Http.HttpConnectionPool.ConnectAsync(HttpRequestMessage request, Boolean async, Boolean isForHttp2, CancellationToken cancellationToken)
   at System.Net.Http.HttpConnectionPool.CreateHttp11ConnectionAsync(HttpRequestMessage request, Boolean async, CancellationToken cancellationToken)
   at System.Net.Http.HttpConnectionPool.InjectNewHttp11ConnectionAsync(QueueItem queueItem)
   at System.Runtime.CompilerServices.RuntimeAsyncTaskContinuation.GetResult[T](Task task, Byte& result)
   at System.Runtime.CompilerServices.RuntimeAsyncTaskContinuation.TaskContinuationResume.ResumeTaskContinuation(Continuation cont, Byte& result)
   at System.Threading.Tasks.TaskCompletionSourceWithCancellation`1.WaitWithCancellationAsync(CancellationToken cancellationToken)
   at System.Runtime.CompilerServices.RuntimeAsyncTaskContinuation.GetResult[T](Task task, Byte& result)
   at System.Runtime.CompilerServices.RuntimeAsyncTaskContinuation.TaskContinuationResume.ResumeTaskContinuation(Continuation cont, Byte& result)
   at System.Net.Http.HttpConnectionPool.SendWithVersionDetectionAndRetryAsync(HttpRequestMessage request, Boolean async, Boolean doRequestAuth, CancellationToken cancellationToken)
   at System.Runtime.CompilerServices.RuntimeAsyncTaskContinuation.GetResult[T](Task task, Byte& result)
   at System.Runtime.CompilerServices.RuntimeAsyncTaskContinuation.TaskContinuationResume.ResumeTaskContinuation(Continuation cont, Byte& result)
   at System.Net.Http.DiagnosticsHandler.SendAsyncCore(HttpRequestMessage request, Boolean async, CancellationToken cancellationToken)
   at System.Net.Http.RedirectHandler.SendAsync(HttpRequestMessage request, Boolean async, CancellationToken cancellationToken)
   at Microsoft.Extensions.Http.Logging.LoggingHttpMessageHandler.<SendCoreAsync>g__Core|4_0(HttpRequestMessage request, Boolean useAsync, CancellationToken cancellationToken)
   at Microsoft.Extensions.Http.Logging.LoggingScopeHttpMessageHandler.<SendCoreAsync>g__Core|4_0(HttpRequestMessage request, Boolean useAsync, CancellationToken cancellationToken)
   at System.Runtime.CompilerServices.RuntimeAsyncTaskContinuation.GetResult[T](Task task, Byte& result)
   at System.Runtime.CompilerServices.RuntimeAsyncTaskContinuation.TaskContinuationResume.ResumeTaskContinuation(Continuation cont, Byte& result)
   at System.Net.Http.HttpClient.<SendAsync>g__Core|83_0(HttpRequestMessage request, HttpCompletionOption completionOption, CancellationTokenSource cts, Boolean disposeCts, CancellationTokenSource pendingRequestsCts, CancellationToken originalCancellationToken)
   at FishLink.API.Controllers.AgentGatewayController.GetPricePrediction(String species) in C:\Users\Kaveesha\Desktop\fish\FishLink.API\Controllers\AgentGatewayController.cs:line 147
2026-09-21 13:26:42.647 +05:30 [ERR] Serilog.AspNetCore.RequestLoggingMiddleware HTTP GET /api/AgentGateway/prices/Trevally (Paraw)/predict responded 503 in 4094.781 ms
2026-09-21 13:26:42.647 +05:30 [INF] System.Net.Http.HttpClient.Default.ClientHandler HTTP request failed after 4084.4244ms
System.Net.Http.HttpRequestException: No connection could be made because the target machine actively refused it. (localhost:8001)
 ---> System.Net.Sockets.SocketException (10061): No connection could be made because the target machine actively refused it.
   at System.Net.Sockets.Socket.AwaitableSocketAsyncEventArgs.ThrowException(SocketError error, CancellationToken cancellationToken)
   at System.Net.Sockets.Socket.AwaitableSocketAsyncEventArgs.System.Threading.Tasks.Sources.IValueTaskSource.GetResult(Int16 token)
   at System.Runtime.CompilerServices.AsyncHelpers.ValueTaskSourceContinuation.GetResult(Object source, Int16 token, Byte& result)
   at System.Runtime.CompilerServices.AsyncHelpers.ValueTaskSourceContinuation.ValueTaskSourceContinuationResume.ResumeValueTaskSourceContinuation(Continuation cont, Byte& result)
   at System.Net.Http.HttpConnectionPool.ConnectToTcpHostAsync(String host, Int32 port, HttpRequestMessage initialRequest, Boolean async, CancellationToken cancellationToken)
   --- End of inner exception stack trace ---
   at System.Net.Http.HttpConnectionPool.ConnectToTcpHostAsync(String host, Int32 port, HttpRequestMessage initialRequest, Boolean async, CancellationToken cancellationToken)
   at System.Net.Http.HttpConnectionPool.ConnectAsync(HttpRequestMessage request, Boolean async, Boolean isForHttp2, CancellationToken cancellationToken)
   at System.Net.Http.HttpConnectionPool.CreateHttp11ConnectionAsync(HttpRequestMessage request, Boolean async, CancellationToken cancellationToken)
   at System.Net.Http.HttpConnectionPool.InjectNewHttp11ConnectionAsync(QueueItem queueItem)
   at System.Runtime.CompilerServices.RuntimeAsyncTaskContinuation.GetResult[T](Task task, Byte& result)
   at System.Runtime.CompilerServices.RuntimeAsyncTaskContinuation.TaskContinuationResume.ResumeTaskContinuation(Continuation cont, Byte& result)
   at System.Threading.Tasks.TaskCompletionSourceWithCancellation`1.WaitWithCancellationAsync(CancellationToken cancellationToken)
   at System.Runtime.CompilerServices.RuntimeAsyncTaskContinuation.GetResult[T](Task task, Byte& result)
   at System.Runtime.CompilerServices.RuntimeAsyncTaskContinuation.TaskContinuationResume.ResumeTaskContinuation(Continuation cont, Byte& result)
   at System.Net.Http.HttpConnectionPool.SendWithVersionDetectionAndRetryAsync(HttpRequestMessage request, Boolean async, Boolean doRequestAuth, CancellationToken cancellationToken)
   at System.Runtime.CompilerServices.RuntimeAsyncTaskContinuation.GetResult[T](Task task, Byte& result)
   at System.Runtime.CompilerServices.RuntimeAsyncTaskContinuation.TaskContinuationResume.ResumeTaskContinuation(Continuation cont, Byte& result)
   at System.Net.Http.DiagnosticsHandler.SendAsyncCore(HttpRequestMessage request, Boolean async, CancellationToken cancellationToken)
   at System.Net.Http.RedirectHandler.SendAsync(HttpRequestMessage request, Boolean async, CancellationToken cancellationToken)
   at Microsoft.Extensions.Http.Logging.LoggingHttpMessageHandler.<SendCoreAsync>g__Core|4_0(HttpRequestMessage request, Boolean useAsync, CancellationToken cancellationToken)
2026-09-21 13:26:42.648 +05:30 [INF] System.Net.Http.HttpClient.Default.LogicalHandler HTTP request failed after 4085.9334ms
System.Net.Http.HttpRequestException: No connection could be made because the target machine actively refused it. (localhost:8001)
 ---> System.Net.Sockets.SocketException (10061): No connection could be made because the target machine actively refused it.
   at System.Net.Sockets.Socket.AwaitableSocketAsyncEventArgs.ThrowException(SocketError error, CancellationToken cancellationToken)
   at System.Net.Sockets.Socket.AwaitableSocketAsyncEventArgs.System.Threading.Tasks.Sources.IValueTaskSource.GetResult(Int16 token)
   at System.Runtime.CompilerServices.AsyncHelpers.ValueTaskSourceContinuation.GetResult(Object source, Int16 token, Byte& result)
   at System.Runtime.CompilerServices.AsyncHelpers.ValueTaskSourceContinuation.ValueTaskSourceContinuationResume.ResumeValueTaskSourceContinuation(Continuation cont, Byte& result)
   at System.Net.Http.HttpConnectionPool.ConnectToTcpHostAsync(String host, Int32 port, HttpRequestMessage initialRequest, Boolean async, CancellationToken cancellationToken)
   --- End of inner exception stack trace ---
   at System.Net.Http.HttpConnectionPool.ConnectToTcpHostAsync(String host, Int32 port, HttpRequestMessage initialRequest, Boolean async, CancellationToken cancellationToken)
   at System.Net.Http.HttpConnectionPool.ConnectAsync(HttpRequestMessage request, Boolean async, Boolean isForHttp2, CancellationToken cancellationToken)
   at System.Net.Http.HttpConnectionPool.CreateHttp11ConnectionAsync(HttpRequestMessage request, Boolean async, CancellationToken cancellationToken)
   at System.Net.Http.HttpConnectionPool.InjectNewHttp11ConnectionAsync(QueueItem queueItem)
   at System.Runtime.CompilerServices.RuntimeAsyncTaskContinuation.GetResult[T](Task task, Byte& result)
   at System.Runtime.CompilerServices.RuntimeAsyncTaskContinuation.TaskContinuationResume.ResumeTaskContinuation(Continuation cont, Byte& result)
   at System.Threading.Tasks.TaskCompletionSourceWithCancellation`1.WaitWithCancellationAsync(CancellationToken cancellationToken)
   at System.Runtime.CompilerServices.RuntimeAsyncTaskContinuation.GetResult[T](Task task, Byte& result)
   at System.Runtime.CompilerServices.RuntimeAsyncTaskContinuation.TaskContinuationResume.ResumeTaskContinuation(Continuation cont, Byte& result)
   at System.Net.Http.HttpConnectionPool.SendWithVersionDetectionAndRetryAsync(HttpRequestMessage request, Boolean async, Boolean doRequestAuth, CancellationToken cancellationToken)
   at System.Runtime.CompilerServices.RuntimeAsyncTaskContinuation.GetResult[T](Task task, Byte& result)
   at System.Runtime.CompilerServices.RuntimeAsyncTaskContinuation.TaskContinuationResume.ResumeTaskContinuation(Continuation cont, Byte& result)
   at System.Net.Http.DiagnosticsHandler.SendAsyncCore(HttpRequestMessage request, Boolean async, CancellationToken cancellationToken)
   at System.Net.Http.RedirectHandler.SendAsync(HttpRequestMessage request, Boolean async, CancellationToken cancellationToken)
   at Microsoft.Extensions.Http.Logging.LoggingHttpMessageHandler.<SendCoreAsync>g__Core|4_0(HttpRequestMessage request, Boolean useAsync, CancellationToken cancellationToken)
   at Microsoft.Extensions.Http.Logging.LoggingScopeHttpMessageHandler.<SendCoreAsync>g__Core|4_0(HttpRequestMessage request, Boolean useAsync, CancellationToken cancellationToken)
2026-09-21 13:26:42.649 +05:30 [WRN] FishLink.API.Controllers.AgentGatewayController Price API unreachable for species Skipjack
System.Net.Http.HttpRequestException: No connection could be made because the target machine actively refused it. (localhost:8001)
 ---> System.Net.Sockets.SocketException (10061): No connection could be made because the target machine actively refused it.
   at System.Net.Sockets.Socket.AwaitableSocketAsyncEventArgs.ThrowException(SocketError error, CancellationToken cancellationToken)
   at System.Net.Sockets.Socket.AwaitableSocketAsyncEventArgs.System.Threading.Tasks.Sources.IValueTaskSource.GetResult(Int16 token)
   at System.Runtime.CompilerServices.AsyncHelpers.ValueTaskSourceContinuation.GetResult(Object source, Int16 token, Byte& result)
   at System.Runtime.CompilerServices.AsyncHelpers.ValueTaskSourceContinuation.ValueTaskSourceContinuationResume.ResumeValueTaskSourceContinuation(Continuation cont, Byte& result)
   at System.Net.Http.HttpConnectionPool.ConnectToTcpHostAsync(String host, Int32 port, HttpRequestMessage initialRequest, Boolean async, CancellationToken cancellationToken)
   --- End of inner exception stack trace ---
   at System.Net.Http.HttpConnectionPool.ConnectToTcpHostAsync(String host, Int32 port, HttpRequestMessage initialRequest, Boolean async, CancellationToken cancellationToken)
   at System.Net.Http.HttpConnectionPool.ConnectAsync(HttpRequestMessage request, Boolean async, Boolean isForHttp2, CancellationToken cancellationToken)
   at System.Net.Http.HttpConnectionPool.CreateHttp11ConnectionAsync(HttpRequestMessage request, Boolean async, CancellationToken cancellationToken)
   at System.Net.Http.HttpConnectionPool.InjectNewHttp11ConnectionAsync(QueueItem queueItem)
   at System.Runtime.CompilerServices.RuntimeAsyncTaskContinuation.GetResult[T](Task task, Byte& result)
   at System.Runtime.CompilerServices.RuntimeAsyncTaskContinuation.TaskContinuationResume.ResumeTaskContinuation(Continuation cont, Byte& result)
   at System.Threading.Tasks.TaskCompletionSourceWithCancellation`1.WaitWithCancellationAsync(CancellationToken cancellationToken)
   at System.Runtime.CompilerServices.RuntimeAsyncTaskContinuation.GetResult[T](Task task, Byte& result)
   at System.Runtime.CompilerServices.RuntimeAsyncTaskContinuation.TaskContinuationResume.ResumeTaskContinuation(Continuation cont, Byte& result)
   at System.Net.Http.HttpConnectionPool.SendWithVersionDetectionAndRetryAsync(HttpRequestMessage request, Boolean async, Boolean doRequestAuth, CancellationToken cancellationToken)
   at System.Runtime.CompilerServices.RuntimeAsyncTaskContinuation.GetResult[T](Task task, Byte& result)
   at System.Runtime.CompilerServices.RuntimeAsyncTaskContinuation.TaskContinuationResume.ResumeTaskContinuation(Continuation cont, Byte& result)
   at System.Net.Http.DiagnosticsHandler.SendAsyncCore(HttpRequestMessage request, Boolean async, CancellationToken cancellationToken)
   at System.Net.Http.RedirectHandler.SendAsync(HttpRequestMessage request, Boolean async, CancellationToken cancellationToken)
   at Microsoft.Extensions.Http.Logging.LoggingHttpMessageHandler.<SendCoreAsync>g__Core|4_0(HttpRequestMessage request, Boolean useAsync, CancellationToken cancellationToken)
   at Microsoft.Extensions.Http.Logging.LoggingScopeHttpMessageHandler.<SendCoreAsync>g__Core|4_0(HttpRequestMessage request, Boolean useAsync, CancellationToken cancellationToken)
   at System.Runtime.CompilerServices.RuntimeAsyncTaskContinuation.GetResult[T](Task task, Byte& result)
   at System.Runtime.CompilerServices.RuntimeAsyncTaskContinuation.TaskContinuationResume.ResumeTaskContinuation(Continuation cont, Byte& result)
   at System.Net.Http.HttpClient.<SendAsync>g__Core|83_0(HttpRequestMessage request, HttpCompletionOption completionOption, CancellationTokenSource cts, Boolean disposeCts, CancellationTokenSource pendingRequestsCts, CancellationToken originalCancellationToken)
   at FishLink.API.Controllers.AgentGatewayController.GetPricePrediction(String species) in C:\Users\Kaveesha\Desktop\fish\FishLink.API\Controllers\AgentGatewayController.cs:line 147
2026-09-21 13:26:42.651 +05:30 [ERR] Serilog.AspNetCore.RequestLoggingMiddleware HTTP GET /api/AgentGateway/prices/Skipjack/predict responded 503 in 4101.086 ms
2026-09-21 13:26:42.656 +05:30 [INF] System.Net.Http.HttpClient.Default.ClientHandler HTTP request failed after 4083.0074ms
System.Net.Http.HttpRequestException: No connection could be made because the target machine actively refused it. (localhost:8001)
 ---> System.Net.Sockets.SocketException (10061): No connection could be made because the target machine actively refused it.
   at System.Net.Sockets.Socket.AwaitableSocketAsyncEventArgs.ThrowException(SocketError error, CancellationToken cancellationToken)
   at System.Net.Sockets.Socket.AwaitableSocketAsyncEventArgs.System.Threading.Tasks.Sources.IValueTaskSource.GetResult(Int16 token)
   at System.Runtime.CompilerServices.AsyncHelpers.ValueTaskSourceContinuation.GetResult(Object source, Int16 token, Byte& result)
   at System.Runtime.CompilerServices.AsyncHelpers.ValueTaskSourceContinuation.ValueTaskSourceContinuationResume.ResumeValueTaskSourceContinuation(Continuation cont, Byte& result)
   at System.Net.Http.HttpConnectionPool.ConnectToTcpHostAsync(String host, Int32 port, HttpRequestMessage initialRequest, Boolean async, CancellationToken cancellationToken)
   --- End of inner exception stack trace ---
   at System.Net.Http.HttpConnectionPool.ConnectToTcpHostAsync(String host, Int32 port, HttpRequestMessage initialRequest, Boolean async, CancellationToken cancellationToken)
   at System.Net.Http.HttpConnectionPool.ConnectAsync(HttpRequestMessage request, Boolean async, Boolean isForHttp2, CancellationToken cancellationToken)
   at System.Net.Http.HttpConnectionPool.CreateHttp11ConnectionAsync(HttpRequestMessage request, Boolean async, CancellationToken cancellationToken)
   at System.Net.Http.HttpConnectionPool.InjectNewHttp11ConnectionAsync(QueueItem queueItem)
   at System.Runtime.CompilerServices.RuntimeAsyncTaskContinuation.GetResult[T](Task task, Byte& result)
   at System.Runtime.CompilerServices.RuntimeAsyncTaskContinuation.TaskContinuationResume.ResumeTaskContinuation(Continuation cont, Byte& result)
   at System.Threading.Tasks.TaskCompletionSourceWithCancellation`1.WaitWithCancellationAsync(CancellationToken cancellationToken)
   at System.Runtime.CompilerServices.RuntimeAsyncTaskContinuation.GetResult[T](Task task, Byte& result)
   at System.Runtime.CompilerServices.RuntimeAsyncTaskContinuation.TaskContinuationResume.ResumeTaskContinuation(Continuation cont, Byte& result)
   at System.Net.Http.HttpConnectionPool.SendWithVersionDetectionAndRetryAsync(HttpRequestMessage request, Boolean async, Boolean doRequestAuth, CancellationToken cancellationToken)
   at System.Runtime.CompilerServices.RuntimeAsyncTaskContinuation.GetResult[T](Task task, Byte& result)
   at System.Runtime.CompilerServices.RuntimeAsyncTaskContinuation.TaskContinuationResume.ResumeTaskContinuation(Continuation cont, Byte& result)
   at System.Net.Http.DiagnosticsHandler.SendAsyncCore(HttpRequestMessage request, Boolean async, CancellationToken cancellationToken)
   at System.Net.Http.RedirectHandler.SendAsync(HttpRequestMessage request, Boolean async, CancellationToken cancellationToken)
   at Microsoft.Extensions.Http.Logging.LoggingHttpMessageHandler.<SendCoreAsync>g__Core|4_0(HttpRequestMessage request, Boolean useAsync, CancellationToken cancellationToken)
2026-09-21 13:26:42.657 +05:30 [INF] System.Net.Http.HttpClient.Default.LogicalHandler HTTP request failed after 4084.3615ms
System.Net.Http.HttpRequestException: No connection could be made because the target machine actively refused it. (localhost:8001)
 ---> System.Net.Sockets.SocketException (10061): No connection could be made because the target machine actively refused it.
   at System.Net.Sockets.Socket.AwaitableSocketAsyncEventArgs.ThrowException(SocketError error, CancellationToken cancellationToken)
   at System.Net.Sockets.Socket.AwaitableSocketAsyncEventArgs.System.Threading.Tasks.Sources.IValueTaskSource.GetResult(Int16 token)
   at System.Runtime.CompilerServices.AsyncHelpers.ValueTaskSourceContinuation.GetResult(Object source, Int16 token, Byte& result)
   at System.Runtime.CompilerServices.AsyncHelpers.ValueTaskSourceContinuation.ValueTaskSourceContinuationResume.ResumeValueTaskSourceContinuation(Continuation cont, Byte& result)
   at System.Net.Http.HttpConnectionPool.ConnectToTcpHostAsync(String host, Int32 port, HttpRequestMessage initialRequest, Boolean async, CancellationToken cancellationToken)
   --- End of inner exception stack trace ---
   at System.Net.Http.HttpConnectionPool.ConnectToTcpHostAsync(String host, Int32 port, HttpRequestMessage initialRequest, Boolean async, CancellationToken cancellationToken)
   at System.Net.Http.HttpConnectionPool.ConnectAsync(HttpRequestMessage request, Boolean async, Boolean isForHttp2, CancellationToken cancellationToken)
   at System.Net.Http.HttpConnectionPool.CreateHttp11ConnectionAsync(HttpRequestMessage request, Boolean async, CancellationToken cancellationToken)
   at System.Net.Http.HttpConnectionPool.InjectNewHttp11ConnectionAsync(QueueItem queueItem)
   at System.Runtime.CompilerServices.RuntimeAsyncTaskContinuation.GetResult[T](Task task, Byte& result)
   at System.Runtime.CompilerServices.RuntimeAsyncTaskContinuation.TaskContinuationResume.ResumeTaskContinuation(Continuation cont, Byte& result)
   at System.Threading.Tasks.TaskCompletionSourceWithCancellation`1.WaitWithCancellationAsync(CancellationToken cancellationToken)
   at System.Runtime.CompilerServices.RuntimeAsyncTaskContinuation.GetResult[T](Task task, Byte& result)
   at System.Runtime.CompilerServices.RuntimeAsyncTaskContinuation.TaskContinuationResume.ResumeTaskContinuation(Continuation cont, Byte& result)
   at System.Net.Http.HttpConnectionPool.SendWithVersionDetectionAndRetryAsync(HttpRequestMessage request, Boolean async, Boolean doRequestAuth, CancellationToken cancellationToken)
   at System.Runtime.CompilerServices.RuntimeAsyncTaskContinuation.GetResult[T](Task task, Byte& result)
   at System.Runtime.CompilerServices.RuntimeAsyncTaskContinuation.TaskContinuationResume.ResumeTaskContinuation(Continuation cont, Byte& result)
   at System.Net.Http.DiagnosticsHandler.SendAsyncCore(HttpRequestMessage request, Boolean async, CancellationToken cancellationToken)
   at System.Net.Http.RedirectHandler.SendAsync(HttpRequestMessage request, Boolean async, CancellationToken cancellationToken)
   at Microsoft.Extensions.Http.Logging.LoggingHttpMessageHandler.<SendCoreAsync>g__Core|4_0(HttpRequestMessage request, Boolean useAsync, CancellationToken cancellationToken)
   at Microsoft.Extensions.Http.Logging.LoggingScopeHttpMessageHandler.<SendCoreAsync>g__Core|4_0(HttpRequestMessage request, Boolean useAsync, CancellationToken cancellationToken)
2026-09-21 13:26:42.660 +05:30 [WRN] FishLink.API.Controllers.AgentGatewayController Price API unreachable for species Tuna (Yellowfin)
System.Net.Http.HttpRequestException: No connection could be made because the target machine actively refused it. (localhost:8001)
 ---> System.Net.Sockets.SocketException (10061): No connection could be made because the target machine actively refused it.
   at System.Net.Sockets.Socket.AwaitableSocketAsyncEventArgs.ThrowException(SocketError error, CancellationToken cancellationToken)
   at System.Net.Sockets.Socket.AwaitableSocketAsyncEventArgs.System.Threading.Tasks.Sources.IValueTaskSource.GetResult(Int16 token)
   at System.Runtime.CompilerServices.AsyncHelpers.ValueTaskSourceContinuation.GetResult(Object source, Int16 token, Byte& result)
   at System.Runtime.CompilerServices.AsyncHelpers.ValueTaskSourceContinuation.ValueTaskSourceContinuationResume.ResumeValueTaskSourceContinuation(Continuation cont, Byte& result)
   at System.Net.Http.HttpConnectionPool.ConnectToTcpHostAsync(String host, Int32 port, HttpRequestMessage initialRequest, Boolean async, CancellationToken cancellationToken)
   --- End of inner exception stack trace ---
   at System.Net.Http.HttpConnectionPool.ConnectToTcpHostAsync(String host, Int32 port, HttpRequestMessage initialRequest, Boolean async, CancellationToken cancellationToken)
   at System.Net.Http.HttpConnectionPool.ConnectAsync(HttpRequestMessage request, Boolean async, Boolean isForHttp2, CancellationToken cancellationToken)
   at System.Net.Http.HttpConnectionPool.CreateHttp11ConnectionAsync(HttpRequestMessage request, Boolean async, CancellationToken cancellationToken)
   at System.Net.Http.HttpConnectionPool.InjectNewHttp11ConnectionAsync(QueueItem queueItem)
   at System.Runtime.CompilerServices.RuntimeAsyncTaskContinuation.GetResult[T](Task task, Byte& result)
   at System.Runtime.CompilerServices.RuntimeAsyncTaskContinuation.TaskContinuationResume.ResumeTaskContinuation(Continuation cont, Byte& result)
   at System.Threading.Tasks.TaskCompletionSourceWithCancellation`1.WaitWithCancellationAsync(CancellationToken cancellationToken)
   at System.Runtime.CompilerServices.RuntimeAsyncTaskContinuation.GetResult[T](Task task, Byte& result)
   at System.Runtime.CompilerServices.RuntimeAsyncTaskContinuation.TaskContinuationResume.ResumeTaskContinuation(Continuation cont, Byte& result)
   at System.Net.Http.HttpConnectionPool.SendWithVersionDetectionAndRetryAsync(HttpRequestMessage request, Boolean async, Boolean doRequestAuth, CancellationToken cancellationToken)
   at System.Runtime.CompilerServices.RuntimeAsyncTaskContinuation.GetResult[T](Task task, Byte& result)
   at System.Runtime.CompilerServices.RuntimeAsyncTaskContinuation.TaskContinuationResume.ResumeTaskContinuation(Continuation cont, Byte& result)
   at System.Net.Http.DiagnosticsHandler.SendAsyncCore(HttpRequestMessage request, Boolean async, CancellationToken cancellationToken)
   at System.Net.Http.RedirectHandler.SendAsync(HttpRequestMessage request, Boolean async, CancellationToken cancellationToken)
   at Microsoft.Extensions.Http.Logging.LoggingHttpMessageHandler.<SendCoreAsync>g__Core|4_0(HttpRequestMessage request, Boolean useAsync, CancellationToken cancellationToken)
   at Microsoft.Extensions.Http.Logging.LoggingScopeHttpMessageHandler.<SendCoreAsync>g__Core|4_0(HttpRequestMessage request, Boolean useAsync, CancellationToken cancellationToken)
   at System.Runtime.CompilerServices.RuntimeAsyncTaskContinuation.GetResult[T](Task task, Byte& result)
   at System.Runtime.CompilerServices.RuntimeAsyncTaskContinuation.TaskContinuationResume.ResumeTaskContinuation(Continuation cont, Byte& result)
   at System.Net.Http.HttpClient.<SendAsync>g__Core|83_0(HttpRequestMessage request, HttpCompletionOption completionOption, CancellationTokenSource cts, Boolean disposeCts, CancellationTokenSource pendingRequestsCts, CancellationToken originalCancellationToken)
   at FishLink.API.Controllers.AgentGatewayController.GetPricePrediction(String species) in C:\Users\Kaveesha\Desktop\fish\FishLink.API\Controllers\AgentGatewayController.cs:line 147
2026-09-21 13:26:42.643 +05:30 [WRN] FishLink.API.Controllers.AgentGatewayController Price API unreachable for species Mackerel
System.Net.Http.HttpRequestException: No connection could be made because the target machine actively refused it. (localhost:8001)
 ---> System.Net.Sockets.SocketException (10061): No connection could be made because the target machine actively refused it.
   at System.Net.Sockets.Socket.AwaitableSocketAsyncEventArgs.ThrowException(SocketError error, CancellationToken cancellationToken)
   at System.Net.Sockets.Socket.AwaitableSocketAsyncEventArgs.System.Threading.Tasks.Sources.IValueTaskSource.GetResult(Int16 token)
   at System.Runtime.CompilerServices.AsyncHelpers.ValueTaskSourceContinuation.GetResult(Object source, Int16 token, Byte& result)
   at System.Runtime.CompilerServices.AsyncHelpers.ValueTaskSourceContinuation.ValueTaskSourceContinuationResume.ResumeValueTaskSourceContinuation(Continuation cont, Byte& result)
   at System.Net.Http.HttpConnectionPool.ConnectToTcpHostAsync(String host, Int32 port, HttpRequestMessage initialRequest, Boolean async, CancellationToken cancellationToken)
   --- End of inner exception stack trace ---
   at System.Net.Http.HttpConnectionPool.ConnectToTcpHostAsync(String host, Int32 port, HttpRequestMessage initialRequest, Boolean async, CancellationToken cancellationToken)
   at System.Net.Http.HttpConnectionPool.ConnectAsync(HttpRequestMessage request, Boolean async, Boolean isForHttp2, CancellationToken cancellationToken)
   at System.Net.Http.HttpConnectionPool.CreateHttp11ConnectionAsync(HttpRequestMessage request, Boolean async, CancellationToken cancellationToken)
   at System.Net.Http.HttpConnectionPool.InjectNewHttp11ConnectionAsync(QueueItem queueItem)
   at System.Runtime.CompilerServices.RuntimeAsyncTaskContinuation.GetResult[T](Task task, Byte& result)
   at System.Runtime.CompilerServices.RuntimeAsyncTaskContinuation.TaskContinuationResume.ResumeTaskContinuation(Continuation cont, Byte& result)
   at System.Threading.Tasks.TaskCompletionSourceWithCancellation`1.WaitWithCancellationAsync(CancellationToken cancellationToken)
   at System.Runtime.CompilerServices.RuntimeAsyncTaskContinuation.GetResult[T](Task task, Byte& result)
   at System.Runtime.CompilerServices.RuntimeAsyncTaskContinuation.TaskContinuationResume.ResumeTaskContinuation(Continuation cont, Byte& result)
   at System.Net.Http.HttpConnectionPool.SendWithVersionDetectionAndRetryAsync(HttpRequestMessage request, Boolean async, Boolean doRequestAuth, CancellationToken cancellationToken)
   at System.Runtime.CompilerServices.RuntimeAsyncTaskContinuation.GetResult[T](Task task, Byte& result)
   at System.Runtime.CompilerServices.RuntimeAsyncTaskContinuation.TaskContinuationResume.ResumeTaskContinuation(Continuation cont, Byte& result)
   at System.Net.Http.DiagnosticsHandler.SendAsyncCore(HttpRequestMessage request, Boolean async, CancellationToken cancellationToken)
   at System.Net.Http.RedirectHandler.SendAsync(HttpRequestMessage request, Boolean async, CancellationToken cancellationToken)
   at Microsoft.Extensions.Http.Logging.LoggingHttpMessageHandler.<SendCoreAsync>g__Core|4_0(HttpRequestMessage request, Boolean useAsync, CancellationToken cancellationToken)
   at Microsoft.Extensions.Http.Logging.LoggingScopeHttpMessageHandler.<SendCoreAsync>g__Core|4_0(HttpRequestMessage request, Boolean useAsync, CancellationToken cancellationToken)
   at System.Runtime.CompilerServices.RuntimeAsyncTaskContinuation.GetResult[T](Task task, Byte& result)
   at System.Runtime.CompilerServices.RuntimeAsyncTaskContinuation.TaskContinuationResume.ResumeTaskContinuation(Continuation cont, Byte& result)
   at System.Net.Http.HttpClient.<SendAsync>g__Core|83_0(HttpRequestMessage request, HttpCompletionOption completionOption, CancellationTokenSource cts, Boolean disposeCts, CancellationTokenSource pendingRequestsCts, CancellationToken originalCancellationToken)
   at FishLink.API.Controllers.AgentGatewayController.GetPricePrediction(String species) in C:\Users\Kaveesha\Desktop\fish\FishLink.API\Controllers\AgentGatewayController.cs:line 147
2026-09-21 13:26:42.665 +05:30 [ERR] Serilog.AspNetCore.RequestLoggingMiddleware HTTP GET /api/AgentGateway/prices/Mackerel/predict responded 503 in 4112.837 ms
2026-09-21 13:26:42.663 +05:30 [ERR] Serilog.AspNetCore.RequestLoggingMiddleware HTTP GET /api/AgentGateway/prices/Tuna (Yellowfin)/predict responded 503 in 4091.423 ms
2026-09-21 13:28:31.589 +05:30 [INF] Serilog.AspNetCore.RequestLoggingMiddleware HTTP GET /api/AgentGateway/prices/Tuna (Yellowfin)/predict responded 401 in 4.980 ms
2026-09-21 13:30:08.057 +05:30 [INF] Serilog.AspNetCore.RequestLoggingMiddleware HTTP OPTIONS /api/Auth/login responded 204 in 0.080 ms
2026-09-21 13:30:08.230 +05:30 [INF] Serilog.AspNetCore.RequestLoggingMiddleware HTTP POST /api/Auth/login responded 200 in 171.871 ms
2026-09-21 13:30:08.280 +05:30 [INF] Serilog.AspNetCore.RequestLoggingMiddleware HTTP OPTIONS /api/Catches responded 204 in 0.043 ms
2026-09-21 13:30:08.288 +05:30 [INF] FishLink.API.Services.CatchService GetCatches: 18 results, page 1/2
2026-09-21 13:30:08.289 +05:30 [INF] Serilog.AspNetCore.RequestLoggingMiddleware HTTP GET /api/Catches responded 200 in 7.453 ms
2026-09-21 13:30:08.292 +05:30 [INF] FishLink.API.Services.CatchService GetCatches: 18 results, page 1/2
2026-09-21 13:30:08.293 +05:30 [INF] Serilog.AspNetCore.RequestLoggingMiddleware HTTP GET /api/Catches responded 200 in 4.042 ms
2026-09-21 13:30:14.132 +05:30 [INF] Serilog.AspNetCore.RequestLoggingMiddleware HTTP OPTIONS /api/AgentGateway/prices/Tuna (Yellowfin)/predict responded 204 in 0.041 ms
2026-09-21 13:30:14.133 +05:30 [INF] Serilog.AspNetCore.RequestLoggingMiddleware HTTP OPTIONS /api/AgentGateway/prices/Skipjack/predict responded 204 in 0.058 ms
2026-09-21 13:30:14.135 +05:30 [INF] System.Net.Http.HttpClient.Default.LogicalHandler Start processing HTTP request GET http://localhost:8001/api/prices/Tuna%20%28Yellowfin%29/predict
2026-09-21 13:30:14.135 +05:30 [INF] System.Net.Http.HttpClient.Default.ClientHandler Sending HTTP request GET http://localhost:8001/api/prices/Tuna%20%28Yellowfin%29/predict
2026-09-21 13:30:14.135 +05:30 [INF] Serilog.AspNetCore.RequestLoggingMiddleware HTTP OPTIONS /api/AgentGateway/prices/Trevally (Paraw)/predict responded 204 in 0.029 ms
2026-09-21 13:30:14.136 +05:30 [INF] System.Net.Http.HttpClient.Default.LogicalHandler Start processing HTTP request GET http://localhost:8001/api/prices/Skipjack/predict
2026-09-21 13:30:14.136 +05:30 [INF] System.Net.Http.HttpClient.Default.ClientHandler Sending HTTP request GET http://localhost:8001/api/prices/Skipjack/predict
2026-09-21 13:30:14.136 +05:30 [INF] Serilog.AspNetCore.RequestLoggingMiddleware HTTP OPTIONS /api/AgentGateway/prices/Mackerel/predict responded 204 in 0.034 ms
2026-09-21 13:30:14.136 +05:30 [INF] Serilog.AspNetCore.RequestLoggingMiddleware HTTP OPTIONS /api/Catches/market-stats responded 204 in 0.062 ms
2026-09-21 13:30:14.137 +05:30 [INF] System.Net.Http.HttpClient.Default.LogicalHandler Start processing HTTP request GET http://localhost:8001/api/prices/Trevally%20%28Paraw%29/predict
2026-09-21 13:30:14.137 +05:30 [INF] System.Net.Http.HttpClient.Default.ClientHandler Sending HTTP request GET http://localhost:8001/api/prices/Trevally%20%28Paraw%29/predict
2026-09-21 13:30:14.138 +05:30 [INF] System.Net.Http.HttpClient.Default.LogicalHandler Start processing HTTP request GET http://localhost:8001/api/prices/Mackerel/predict
2026-09-21 13:30:14.138 +05:30 [INF] System.Net.Http.HttpClient.Default.ClientHandler Sending HTTP request GET http://localhost:8001/api/prices/Mackerel/predict
2026-09-21 13:30:14.141 +05:30 [INF] Serilog.AspNetCore.RequestLoggingMiddleware HTTP GET /api/Catches/market-stats responded 200 in 3.722 ms
2026-09-21 13:30:14.146 +05:30 [INF] Serilog.AspNetCore.RequestLoggingMiddleware HTTP GET /api/Catches/market-stats responded 200 in 3.259 ms
2026-09-21 13:30:16.189 +05:30 [INF] System.Net.Http.HttpClient.Default.ClientHandler Received HTTP response headers after 2047.9155ms - 200
2026-09-21 13:30:16.189 +05:30 [INF] System.Net.Http.HttpClient.Default.ClientHandler Received HTTP response headers after 2050.1974ms - 200
2026-09-21 13:30:16.189 +05:30 [INF] System.Net.Http.HttpClient.Default.LogicalHandler End processing HTTP request after 2051.3803ms - 200
2026-09-21 13:30:16.189 +05:30 [INF] System.Net.Http.HttpClient.Default.LogicalHandler End processing HTTP request after 2053.8504ms - 200
2026-09-21 13:30:16.199 +05:30 [INF] System.Net.Http.HttpClient.Default.ClientHandler Received HTTP response headers after 2064.1691ms - 200
2026-09-21 13:30:16.199 +05:30 [INF] System.Net.Http.HttpClient.Default.LogicalHandler End processing HTTP request after 2064.7173ms - 200
2026-09-21 13:30:16.202 +05:30 [INF] System.Net.Http.HttpClient.Default.ClientHandler Received HTTP response headers after 2064.3856ms - 200
2026-09-21 13:30:16.202 +05:30 [INF] System.Net.Http.HttpClient.Default.LogicalHandler End processing HTTP request after 2065.1952ms - 200
2026-09-21 13:30:16.215 +05:30 [INF] Serilog.AspNetCore.RequestLoggingMiddleware HTTP GET /api/AgentGateway/prices/Trevally (Paraw)/predict responded 200 in 2078.239 ms
2026-09-21 13:30:16.215 +05:30 [INF] Serilog.AspNetCore.RequestLoggingMiddleware HTTP GET /api/AgentGateway/prices/Tuna (Yellowfin)/predict responded 200 in 2081.670 ms
2026-09-21 13:30:16.215 +05:30 [INF] Serilog.AspNetCore.RequestLoggingMiddleware HTTP GET /api/AgentGateway/prices/Mackerel/predict responded 200 in 2077.531 ms
2026-09-21 13:30:16.215 +05:30 [INF] Serilog.AspNetCore.RequestLoggingMiddleware HTTP GET /api/AgentGateway/prices/Skipjack/predict responded 200 in 2079.980 ms
2026-09-21 13:30:16.220 +05:30 [INF] System.Net.Http.HttpClient.Default.LogicalHandler Start processing HTTP request GET http://localhost:8001/api/prices/Mackerel/predict
2026-09-21 13:30:16.220 +05:30 [INF] System.Net.Http.HttpClient.Default.ClientHandler Sending HTTP request GET http://localhost:8001/api/prices/Mackerel/predict
2026-09-21 13:30:16.221 +05:30 [INF] System.Net.Http.HttpClient.Default.LogicalHandler Start processing HTTP request GET http://localhost:8001/api/prices/Tuna%20%28Yellowfin%29/predict
2026-09-21 13:30:16.221 +05:30 [INF] System.Net.Http.HttpClient.Default.LogicalHandler Start processing HTTP request GET http://localhost:8001/api/prices/Skipjack/predict
2026-09-21 13:30:16.221 +05:30 [INF] System.Net.Http.HttpClient.Default.ClientHandler Sending HTTP request GET http://localhost:8001/api/prices/Tuna%20%28Yellowfin%29/predict
2026-09-21 13:30:16.221 +05:30 [INF] System.Net.Http.HttpClient.Default.ClientHandler Sending HTTP request GET http://localhost:8001/api/prices/Skipjack/predict
2026-09-21 13:30:16.221 +05:30 [INF] System.Net.Http.HttpClient.Default.LogicalHandler Start processing HTTP request GET http://localhost:8001/api/prices/Trevally%20%28Paraw%29/predict
2026-09-21 13:30:16.221 +05:30 [INF] System.Net.Http.HttpClient.Default.ClientHandler Sending HTTP request GET http://localhost:8001/api/prices/Trevally%20%28Paraw%29/predict
2026-09-21 13:30:16.232 +05:30 [INF] System.Net.Http.HttpClient.Default.ClientHandler Received HTTP response headers after 10.5865ms - 200
2026-09-21 13:30:16.232 +05:30 [INF] System.Net.Http.HttpClient.Default.LogicalHandler End processing HTTP request after 11.2795ms - 200
2026-09-21 13:30:16.234 +05:30 [INF] System.Net.Http.HttpClient.Default.ClientHandler Received HTTP response headers after 13.7003ms - 200
2026-09-21 13:30:16.234 +05:30 [INF] System.Net.Http.HttpClient.Default.LogicalHandler End processing HTTP request after 14.4954ms - 200
2026-09-21 13:30:16.235 +05:30 [INF] System.Net.Http.HttpClient.Default.ClientHandler Received HTTP response headers after 14.2475ms - 200
2026-09-21 13:30:16.235 +05:30 [INF] System.Net.Http.HttpClient.Default.LogicalHandler End processing HTTP request after 14.9806ms - 200
2026-09-21 13:30:16.236 +05:30 [INF] System.Net.Http.HttpClient.Default.ClientHandler Received HTTP response headers after 14.6664ms - 200
2026-09-21 13:30:16.236 +05:30 [INF] System.Net.Http.HttpClient.Default.LogicalHandler End processing HTTP request after 15.5807ms - 200
2026-09-21 13:30:16.246 +05:30 [INF] Serilog.AspNetCore.RequestLoggingMiddleware HTTP GET /api/AgentGateway/prices/Tuna (Yellowfin)/predict responded 200 in 26.837 ms
2026-09-21 13:30:16.246 +05:30 [INF] Serilog.AspNetCore.RequestLoggingMiddleware HTTP GET /api/AgentGateway/prices/Skipjack/predict responded 200 in 27.554 ms
2026-09-21 13:30:16.246 +05:30 [INF] Serilog.AspNetCore.RequestLoggingMiddleware HTTP GET /api/AgentGateway/prices/Mackerel/predict responded 200 in 28.478 ms
2026-09-21 13:30:16.246 +05:30 [INF] Serilog.AspNetCore.RequestLoggingMiddleware HTTP GET /api/AgentGateway/prices/Trevally (Paraw)/predict responded 200 in 27.567 ms
2026-09-21 13:33:34.702 +05:30 [INF] Serilog.AspNetCore.RequestLoggingMiddleware HTTP OPTIONS /api/Catches responded 204 in 0.057 ms
2026-09-21 13:33:34.702 +05:30 [INF] Serilog.AspNetCore.RequestLoggingMiddleware HTTP OPTIONS /api/Catches responded 204 in 0.030 ms
2026-09-21 13:33:34.708 +05:30 [INF] FishLink.API.Services.CatchService GetCatches: 18 results, page 1/2
2026-09-21 13:33:34.709 +05:30 [INF] Serilog.AspNetCore.RequestLoggingMiddleware HTTP GET /api/Catches responded 200 in 4.888 ms
2026-09-21 13:33:34.713 +05:30 [INF] FishLink.API.Services.CatchService GetCatches: 18 results, page 1/2
2026-09-21 13:33:34.714 +05:30 [INF] Serilog.AspNetCore.RequestLoggingMiddleware HTTP GET /api/Catches responded 200 in 4.465 ms
2026-09-21 13:33:42.517 +05:30 [INF] Serilog.AspNetCore.RequestLoggingMiddleware HTTP OPTIONS /api/AgentGateway/prices/Tuna (Yellowfin)/predict responded 204 in 0.069 ms
2026-09-21 13:33:42.520 +05:30 [INF] Serilog.AspNetCore.RequestLoggingMiddleware HTTP OPTIONS /api/AgentGateway/prices/Skipjack/predict responded 204 in 0.055 ms
2026-09-21 13:33:42.523 +05:30 [INF] Serilog.AspNetCore.RequestLoggingMiddleware HTTP OPTIONS /api/AgentGateway/prices/Trevally (Paraw)/predict responded 204 in 0.069 ms
2026-09-21 13:33:42.524 +05:30 [INF] Serilog.AspNetCore.RequestLoggingMiddleware HTTP OPTIONS /api/AgentGateway/prices/Mackerel/predict responded 204 in 0.039 ms
2026-09-21 13:33:42.532 +05:30 [INF] Serilog.AspNetCore.RequestLoggingMiddleware HTTP OPTIONS /api/Catches/market-stats responded 204 in 0.114 ms
2026-09-21 13:33:42.558 +05:30 [INF] System.Net.Http.HttpClient.Default.LogicalHandler Start processing HTTP request GET http://localhost:8001/api/prices/Skipjack/predict
2026-09-21 13:33:42.559 +05:30 [INF] System.Net.Http.HttpClient.Default.ClientHandler Sending HTTP request GET http://localhost:8001/api/prices/Skipjack/predict
2026-09-21 13:33:42.560 +05:30 [INF] System.Net.Http.HttpClient.Default.LogicalHandler Start processing HTTP request GET http://localhost:8001/api/prices/Tuna%20%28Yellowfin%29/predict
2026-09-21 13:33:42.561 +05:30 [INF] System.Net.Http.HttpClient.Default.ClientHandler Sending HTTP request GET http://localhost:8001/api/prices/Tuna%20%28Yellowfin%29/predict
2026-09-21 13:33:42.561 +05:30 [INF] Serilog.AspNetCore.RequestLoggingMiddleware HTTP OPTIONS /api/AgentGateway/prices/Mackerel/predict responded 204 in 0.055 ms
2026-09-21 13:33:42.561 +05:30 [INF] Serilog.AspNetCore.RequestLoggingMiddleware HTTP OPTIONS /api/Catches/market-stats responded 204 in 0.081 ms
2026-09-21 13:33:42.565 +05:30 [INF] Serilog.AspNetCore.RequestLoggingMiddleware HTTP OPTIONS /api/AgentGateway/prices/Trevally (Paraw)/predict responded 204 in 0.680 ms
2026-09-21 13:33:42.568 +05:30 [INF] System.Net.Http.HttpClient.Default.LogicalHandler Start processing HTTP request GET http://localhost:8001/api/prices/Trevally%20%28Paraw%29/predict
2026-09-21 13:33:42.568 +05:30 [INF] System.Net.Http.HttpClient.Default.ClientHandler Sending HTTP request GET http://localhost:8001/api/prices/Trevally%20%28Paraw%29/predict
2026-09-21 13:33:42.603 +05:30 [INF] System.Net.Http.HttpClient.Default.LogicalHandler Start processing HTTP request GET http://localhost:8001/api/prices/Mackerel/predict
2026-09-21 13:33:42.603 +05:30 [INF] System.Net.Http.HttpClient.Default.ClientHandler Sending HTTP request GET http://localhost:8001/api/prices/Mackerel/predict
2026-09-21 13:33:42.610 +05:30 [INF] Serilog.AspNetCore.RequestLoggingMiddleware HTTP GET /api/Catches/market-stats responded 200 in 7.954 ms
2026-09-21 13:33:42.622 +05:30 [INF] Serilog.AspNetCore.RequestLoggingMiddleware HTTP GET /api/Catches/market-stats responded 200 in 6.049 ms
2026-09-21 13:33:44.685 +05:30 [INF] System.Net.Http.HttpClient.Default.ClientHandler Received HTTP response headers after 2125.8805ms - 200
2026-09-21 13:33:44.685 +05:30 [INF] System.Net.Http.HttpClient.Default.LogicalHandler End processing HTTP request after 2126.653ms - 200
2026-09-21 13:33:44.686 +05:30 [INF] Serilog.AspNetCore.RequestLoggingMiddleware HTTP GET /api/AgentGateway/prices/Skipjack/predict responded 200 in 2153.401 ms
2026-09-21 13:33:44.686 +05:30 [INF] System.Net.Http.HttpClient.Default.ClientHandler Received HTTP response headers after 2116.5357ms - 200
2026-09-21 13:33:44.686 +05:30 [INF] System.Net.Http.HttpClient.Default.LogicalHandler End processing HTTP request after 2118.3119ms - 200
2026-09-21 13:33:44.686 +05:30 [INF] Serilog.AspNetCore.RequestLoggingMiddleware HTTP GET /api/AgentGateway/prices/Trevally (Paraw)/predict responded 200 in 2120.419 ms
2026-09-21 13:33:44.687 +05:30 [INF] System.Net.Http.HttpClient.Default.ClientHandler Received HTTP response headers after 2125.9225ms - 200
2026-09-21 13:33:44.687 +05:30 [INF] System.Net.Http.HttpClient.Default.LogicalHandler End processing HTTP request after 2126.283ms - 200
2026-09-21 13:33:44.687 +05:30 [INF] Serilog.AspNetCore.RequestLoggingMiddleware HTTP GET /api/AgentGateway/prices/Tuna (Yellowfin)/predict responded 200 in 2128.668 ms
2026-09-21 13:33:44.687 +05:30 [INF] System.Net.Http.HttpClient.Default.ClientHandler Received HTTP response headers after 2084.4965ms - 200
2026-09-21 13:33:44.687 +05:30 [INF] System.Net.Http.HttpClient.Default.LogicalHandler End processing HTTP request after 2084.8321ms - 200
2026-09-21 13:33:44.688 +05:30 [INF] Serilog.AspNetCore.RequestLoggingMiddleware HTTP GET /api/AgentGateway/prices/Mackerel/predict responded 200 in 2085.715 ms
2026-09-21 13:33:44.692 +05:30 [INF] System.Net.Http.HttpClient.Default.LogicalHandler Start processing HTTP request GET http://localhost:8001/api/prices/Tuna%20%28Yellowfin%29/predict
2026-09-21 13:33:44.693 +05:30 [INF] System.Net.Http.HttpClient.Default.ClientHandler Sending HTTP request GET http://localhost:8001/api/prices/Tuna%20%28Yellowfin%29/predict
2026-09-21 13:33:44.694 +05:30 [INF] System.Net.Http.HttpClient.Default.LogicalHandler Start processing HTTP request GET http://localhost:8001/api/prices/Trevally%20%28Paraw%29/predict
2026-09-21 13:33:44.694 +05:30 [INF] System.Net.Http.HttpClient.Default.ClientHandler Sending HTTP request GET http://localhost:8001/api/prices/Trevally%20%28Paraw%29/predict
2026-09-21 13:33:44.696 +05:30 [INF] System.Net.Http.HttpClient.Default.LogicalHandler Start processing HTTP request GET http://localhost:8001/api/prices/Skipjack/predict
2026-09-21 13:33:44.698 +05:30 [INF] System.Net.Http.HttpClient.Default.ClientHandler Sending HTTP request GET http://localhost:8001/api/prices/Skipjack/predict
2026-09-21 13:33:44.700 +05:30 [INF] System.Net.Http.HttpClient.Default.ClientHandler Received HTTP response headers after 7.3534ms - 200
2026-09-21 13:33:44.701 +05:30 [INF] System.Net.Http.HttpClient.Default.LogicalHandler End processing HTTP request after 8.3841ms - 200
2026-09-21 13:33:44.701 +05:30 [INF] Serilog.AspNetCore.RequestLoggingMiddleware HTTP GET /api/AgentGateway/prices/Tuna (Yellowfin)/predict responded 200 in 9.592 ms
2026-09-21 13:33:44.702 +05:30 [INF] System.Net.Http.HttpClient.Default.LogicalHandler Start processing HTTP request GET http://localhost:8001/api/prices/Mackerel/predict
2026-09-21 13:33:44.709 +05:30 [INF] System.Net.Http.HttpClient.Default.ClientHandler Sending HTTP request GET http://localhost:8001/api/prices/Mackerel/predict
2026-09-21 13:33:44.711 +05:30 [INF] System.Net.Http.HttpClient.Default.ClientHandler Received HTTP response headers after 12.8396ms - 200
2026-09-21 13:33:44.711 +05:30 [INF] System.Net.Http.HttpClient.Default.LogicalHandler End processing HTTP request after 14.8559ms - 200
2026-09-21 13:33:44.714 +05:30 [INF] Serilog.AspNetCore.RequestLoggingMiddleware HTTP GET /api/AgentGateway/prices/Skipjack/predict responded 200 in 18.225 ms
2026-09-21 13:33:44.714 +05:30 [INF] System.Net.Http.HttpClient.Default.ClientHandler Received HTTP response headers after 19.2615ms - 200
2026-09-21 13:33:44.714 +05:30 [INF] System.Net.Http.HttpClient.Default.LogicalHandler End processing HTTP request after 20.1027ms - 200
2026-09-21 13:33:44.715 +05:30 [INF] Serilog.AspNetCore.RequestLoggingMiddleware HTTP GET /api/AgentGateway/prices/Trevally (Paraw)/predict responded 200 in 21.621 ms
2026-09-21 13:33:44.716 +05:30 [INF] System.Net.Http.HttpClient.Default.ClientHandler Received HTTP response headers after 6.7621ms - 200
2026-09-21 13:33:44.716 +05:30 [INF] System.Net.Http.HttpClient.Default.LogicalHandler End processing HTTP request after 13.7737ms - 200
2026-09-21 13:33:44.717 +05:30 [INF] Serilog.AspNetCore.RequestLoggingMiddleware HTTP GET /api/AgentGateway/prices/Mackerel/predict responded 200 in 15.307 ms
2026-09-21 13:56:32.629 +05:30 [INF] Serilog.AspNetCore.RequestLoggingMiddleware HTTP GET /health responded 200 in 70.348 ms
2026-09-21 13:56:32.744 +05:30 [INF] Serilog.AspNetCore.RequestLoggingMiddleware HTTP GET /swagger/index.html responded 200 in 45.539 ms
2026-09-21 13:56:32.770 +05:30 [INF] System.Net.Http.HttpClient.AiAgent.LogicalHandler Start processing HTTP request GET http://localhost:8000/health
2026-09-21 13:56:32.770 +05:30 [INF] System.Net.Http.HttpClient.AiAgent.ClientHandler Sending HTTP request GET http://localhost:8000/health
2026-09-21 13:56:36.856 +05:30 [INF] System.Net.Http.HttpClient.AiAgent.ClientHandler HTTP request failed after 4086.0718ms
System.Net.Http.HttpRequestException: No connection could be made because the target machine actively refused it. (localhost:8000)
 ---> System.Net.Sockets.SocketException (10061): No connection could be made because the target machine actively refused it.
   at System.Net.Sockets.Socket.AwaitableSocketAsyncEventArgs.ThrowException(SocketError error, CancellationToken cancellationToken)
   at System.Net.Sockets.Socket.AwaitableSocketAsyncEventArgs.System.Threading.Tasks.Sources.IValueTaskSource.GetResult(Int16 token)
   at System.Runtime.CompilerServices.AsyncHelpers.ValueTaskSourceContinuation.GetResult(Object source, Int16 token, Byte& result)
   at System.Runtime.CompilerServices.AsyncHelpers.ValueTaskSourceContinuation.ValueTaskSourceContinuationResume.ResumeValueTaskSourceContinuation(Continuation cont, Byte& result)
   at System.Net.Http.HttpConnectionPool.ConnectToTcpHostAsync(String host, Int32 port, HttpRequestMessage initialRequest, Boolean async, CancellationToken cancellationToken)
   --- End of inner exception stack trace ---
   at System.Net.Http.HttpConnectionPool.ConnectToTcpHostAsync(String host, Int32 port, HttpRequestMessage initialRequest, Boolean async, CancellationToken cancellationToken)
   at System.Net.Http.HttpConnectionPool.ConnectAsync(HttpRequestMessage request, Boolean async, Boolean isForHttp2, CancellationToken cancellationToken)
   at System.Net.Http.HttpConnectionPool.CreateHttp11ConnectionAsync(HttpRequestMessage request, Boolean async, CancellationToken cancellationToken)
   at System.Net.Http.HttpConnectionPool.InjectNewHttp11ConnectionAsync(QueueItem queueItem)
   at System.Runtime.CompilerServices.RuntimeAsyncTaskContinuation.GetResult[T](Task task, Byte& result)
   at System.Runtime.CompilerServices.RuntimeAsyncTaskContinuation.TaskContinuationResume.ResumeTaskContinuation(Continuation cont, Byte& result)
   at System.Threading.Tasks.TaskCompletionSourceWithCancellation`1.WaitWithCancellationAsync(CancellationToken cancellationToken)
   at System.Runtime.CompilerServices.RuntimeAsyncTaskContinuation.GetResult[T](Task task, Byte& result)
   at System.Runtime.CompilerServices.RuntimeAsyncTaskContinuation.TaskContinuationResume.ResumeTaskContinuation(Continuation cont, Byte& result)
   at System.Net.Http.HttpConnectionPool.SendWithVersionDetectionAndRetryAsync(HttpRequestMessage request, Boolean async, Boolean doRequestAuth, CancellationToken cancellationToken)
   at System.Runtime.CompilerServices.RuntimeAsyncTaskContinuation.GetResult[T](Task task, Byte& result)
   at System.Runtime.CompilerServices.RuntimeAsyncTaskContinuation.TaskContinuationResume.ResumeTaskContinuation(Continuation cont, Byte& result)
   at System.Net.Http.DiagnosticsHandler.SendAsyncCore(HttpRequestMessage request, Boolean async, CancellationToken cancellationToken)
   at System.Net.Http.RedirectHandler.SendAsync(HttpRequestMessage request, Boolean async, CancellationToken cancellationToken)
   at System.Runtime.CompilerServices.RuntimeAsyncTaskContinuation.GetResult[T](Task task, Byte& result)
   at System.Runtime.CompilerServices.RuntimeAsyncTaskContinuation.TaskContinuationResume.ResumeTaskContinuation(Continuation cont, Byte& result)
   at System.Net.Http.SocketsHttpHandler.<SendAsync>g__CreateHandlerAndSendAsync|116_0(HttpRequestMessage request, CancellationToken cancellationToken)
   at Microsoft.Extensions.Http.Logging.LoggingHttpMessageHandler.<SendCoreAsync>g__Core|4_0(HttpRequestMessage request, Boolean useAsync, CancellationToken cancellationToken)
2026-09-21 13:56:36.857 +05:30 [INF] System.Net.Http.HttpClient.AiAgent.LogicalHandler HTTP request failed after 4086.8445ms
System.Net.Http.HttpRequestException: No connection could be made because the target machine actively refused it. (localhost:8000)
 ---> System.Net.Sockets.SocketException (10061): No connection could be made because the target machine actively refused it.
   at System.Net.Sockets.Socket.AwaitableSocketAsyncEventArgs.ThrowException(SocketError error, CancellationToken cancellationToken)
   at System.Net.Sockets.Socket.AwaitableSocketAsyncEventArgs.System.Threading.Tasks.Sources.IValueTaskSource.GetResult(Int16 token)
   at System.Runtime.CompilerServices.AsyncHelpers.ValueTaskSourceContinuation.GetResult(Object source, Int16 token, Byte& result)
   at System.Runtime.CompilerServices.AsyncHelpers.ValueTaskSourceContinuation.ValueTaskSourceContinuationResume.ResumeValueTaskSourceContinuation(Continuation cont, Byte& result)
   at System.Net.Http.HttpConnectionPool.ConnectToTcpHostAsync(String host, Int32 port, HttpRequestMessage initialRequest, Boolean async, CancellationToken cancellationToken)
   --- End of inner exception stack trace ---
   at System.Net.Http.HttpConnectionPool.ConnectToTcpHostAsync(String host, Int32 port, HttpRequestMessage initialRequest, Boolean async, CancellationToken cancellationToken)
   at System.Net.Http.HttpConnectionPool.ConnectAsync(HttpRequestMessage request, Boolean async, Boolean isForHttp2, CancellationToken cancellationToken)
   at System.Net.Http.HttpConnectionPool.CreateHttp11ConnectionAsync(HttpRequestMessage request, Boolean async, CancellationToken cancellationToken)
   at System.Net.Http.HttpConnectionPool.InjectNewHttp11ConnectionAsync(QueueItem queueItem)
   at System.Runtime.CompilerServices.RuntimeAsyncTaskContinuation.GetResult[T](Task task, Byte& result)
   at System.Runtime.CompilerServices.RuntimeAsyncTaskContinuation.TaskContinuationResume.ResumeTaskContinuation(Continuation cont, Byte& result)
   at System.Threading.Tasks.TaskCompletionSourceWithCancellation`1.WaitWithCancellationAsync(CancellationToken cancellationToken)
   at System.Runtime.CompilerServices.RuntimeAsyncTaskContinuation.GetResult[T](Task task, Byte& result)
   at System.Runtime.CompilerServices.RuntimeAsyncTaskContinuation.TaskContinuationResume.ResumeTaskContinuation(Continuation cont, Byte& result)
   at System.Net.Http.HttpConnectionPool.SendWithVersionDetectionAndRetryAsync(HttpRequestMessage request, Boolean async, Boolean doRequestAuth, CancellationToken cancellationToken)
   at System.Runtime.CompilerServices.RuntimeAsyncTaskContinuation.GetResult[T](Task task, Byte& result)
   at System.Runtime.CompilerServices.RuntimeAsyncTaskContinuation.TaskContinuationResume.ResumeTaskContinuation(Continuation cont, Byte& result)
   at System.Net.Http.DiagnosticsHandler.SendAsyncCore(HttpRequestMessage request, Boolean async, CancellationToken cancellationToken)
   at System.Net.Http.RedirectHandler.SendAsync(HttpRequestMessage request, Boolean async, CancellationToken cancellationToken)
   at System.Runtime.CompilerServices.RuntimeAsyncTaskContinuation.GetResult[T](Task task, Byte& result)
   at System.Runtime.CompilerServices.RuntimeAsyncTaskContinuation.TaskContinuationResume.ResumeTaskContinuation(Continuation cont, Byte& result)
   at System.Net.Http.SocketsHttpHandler.<SendAsync>g__CreateHandlerAndSendAsync|116_0(HttpRequestMessage request, CancellationToken cancellationToken)
   at Microsoft.Extensions.Http.Logging.LoggingHttpMessageHandler.<SendCoreAsync>g__Core|4_0(HttpRequestMessage request, Boolean useAsync, CancellationToken cancellationToken)
   at Microsoft.Extensions.Http.Logging.LoggingScopeHttpMessageHandler.<SendCoreAsync>g__Core|4_0(HttpRequestMessage request, Boolean useAsync, CancellationToken cancellationToken)
2026-09-21 13:56:36.858 +05:30 [INF] System.Net.Http.HttpClient.Default.LogicalHandler Start processing HTTP request GET http://localhost:8001/health
2026-09-21 13:56:36.858 +05:30 [INF] System.Net.Http.HttpClient.Default.ClientHandler Sending HTTP request GET http://localhost:8001/health
2026-09-21 13:56:38.919 +05:30 [INF] System.Net.Http.HttpClient.Default.ClientHandler Received HTTP response headers after 2060.9284ms - 200
2026-09-21 13:56:38.919 +05:30 [INF] System.Net.Http.HttpClient.Default.LogicalHandler End processing HTTP request after 2061.5496ms - 200
2026-09-21 13:56:38.924 +05:30 [INF] Serilog.AspNetCore.RequestLoggingMiddleware HTTP GET /api/AgentGateway/agent/health responded 200 in 6160.187 ms
2026-09-21 14:00:18.314 +05:30 [INF] System.Net.Http.HttpClient.AiAgent.LogicalHandler Start processing HTTP request GET http://localhost:8000/health
2026-09-21 14:00:18.314 +05:30 [INF] System.Net.Http.HttpClient.AiAgent.ClientHandler Sending HTTP request GET http://localhost:8000/health
2026-09-21 14:00:22.551 +05:30 [INF] Serilog.AspNetCore.RequestLoggingMiddleware HTTP GET /api/Catches/market-stats responded 200 in 65.278 ms
2026-09-21 14:00:22.558 +05:30 [INF] System.Net.Http.HttpClient.AiAgent.ClientHandler Received HTTP response headers after 4243.6143ms - 200
2026-09-21 14:00:22.558 +05:30 [INF] System.Net.Http.HttpClient.AiAgent.LogicalHandler End processing HTTP request after 4244.1359ms - 200
2026-09-21 14:00:22.559 +05:30 [INF] System.Net.Http.HttpClient.Default.LogicalHandler Start processing HTTP request GET http://localhost:8001/health
2026-09-21 14:00:22.559 +05:30 [INF] System.Net.Http.HttpClient.Default.ClientHandler Sending HTTP request GET http://localhost:8001/health
2026-09-21 14:00:24.592 +05:30 [INF] System.Net.Http.HttpClient.Default.ClientHandler Received HTTP response headers after 2033.0362ms - 200
2026-09-21 14:00:24.592 +05:30 [INF] System.Net.Http.HttpClient.Default.LogicalHandler End processing HTTP request after 2033.5942ms - 200
2026-09-21 14:00:24.593 +05:30 [INF] Serilog.AspNetCore.RequestLoggingMiddleware HTTP GET /api/AgentGateway/agent/health responded 200 in 6279.638 ms
2026-09-21 14:18:18.796 +05:30 [INF] Serilog.AspNetCore.RequestLoggingMiddleware HTTP OPTIONS /api/Catches responded 204 in 6.957 ms
2026-09-21 14:18:18.796 +05:30 [INF] Serilog.AspNetCore.RequestLoggingMiddleware HTTP OPTIONS /api/Catches responded 204 in 4.925 ms
2026-09-21 18:15:38.398 +05:30 [INF] Serilog.AspNetCore.RequestLoggingMiddleware HTTP OPTIONS /api/Catches responded 204 in 0.061 ms
2026-09-21 18:15:38.399 +05:30 [INF] Serilog.AspNetCore.RequestLoggingMiddleware HTTP OPTIONS /api/Catches responded 204 in 0.033 ms
2026-09-21 18:15:38.655 +05:30 [INF] FishLink.API.Services.CatchService GetCatches: 18 results, page 1/2
2026-09-21 18:15:38.673 +05:30 [INF] Serilog.AspNetCore.RequestLoggingMiddleware HTTP GET /api/Catches responded 200 in 271.220 ms
2026-09-21 18:15:38.688 +05:30 [INF] FishLink.API.Services.CatchService GetCatches: 18 results, page 1/2
2026-09-21 18:15:38.694 +05:30 [INF] Serilog.AspNetCore.RequestLoggingMiddleware HTTP GET /api/Catches responded 200 in 21.436 ms
2026-09-21 18:15:40.308 +05:30 [INF] Serilog.AspNetCore.RequestLoggingMiddleware HTTP OPTIONS /api/AgentGateway/prices/Tuna (Yellowfin)/predict responded 204 in 0.069 ms
2026-09-21 18:15:40.311 +05:30 [INF] Serilog.AspNetCore.RequestLoggingMiddleware HTTP OPTIONS /api/AgentGateway/prices/Skipjack/predict responded 204 in 0.040 ms
2026-09-21 18:15:40.314 +05:30 [INF] System.Net.Http.HttpClient.Default.LogicalHandler Start processing HTTP request GET http://localhost:8001/api/prices/Tuna%20%28Yellowfin%29/predict
2026-09-21 18:15:40.314 +05:30 [INF] System.Net.Http.HttpClient.Default.LogicalHandler Start processing HTTP request GET http://localhost:8001/api/prices/Skipjack/predict
2026-09-21 18:15:40.314 +05:30 [INF] System.Net.Http.HttpClient.Default.ClientHandler Sending HTTP request GET http://localhost:8001/api/prices/Tuna%20%28Yellowfin%29/predict
2026-09-21 18:15:40.314 +05:30 [INF] System.Net.Http.HttpClient.Default.ClientHandler Sending HTTP request GET http://localhost:8001/api/prices/Skipjack/predict
2026-09-21 18:15:40.315 +05:30 [INF] Serilog.AspNetCore.RequestLoggingMiddleware HTTP OPTIONS /api/AgentGateway/prices/Trevally (Paraw)/predict responded 204 in 0.040 ms
2026-09-21 18:15:40.317 +05:30 [INF] Serilog.AspNetCore.RequestLoggingMiddleware HTTP OPTIONS /api/AgentGateway/prices/Mackerel/predict responded 204 in 0.109 ms
2026-09-21 18:15:40.319 +05:30 [INF] System.Net.Http.HttpClient.Default.LogicalHandler Start processing HTTP request GET http://localhost:8001/api/prices/Trevally%20%28Paraw%29/predict
2026-09-21 18:15:40.319 +05:30 [INF] System.Net.Http.HttpClient.Default.ClientHandler Sending HTTP request GET http://localhost:8001/api/prices/Trevally%20%28Paraw%29/predict
2026-09-21 18:15:40.319 +05:30 [INF] Serilog.AspNetCore.RequestLoggingMiddleware HTTP OPTIONS /api/Catches/market-stats responded 204 in 0.039 ms
2026-09-21 18:15:40.323 +05:30 [INF] System.Net.Http.HttpClient.Default.LogicalHandler Start processing HTTP request GET http://localhost:8001/api/prices/Mackerel/predict
2026-09-21 18:15:40.323 +05:30 [INF] System.Net.Http.HttpClient.Default.ClientHandler Sending HTTP request GET http://localhost:8001/api/prices/Mackerel/predict
2026-09-21 18:15:40.333 +05:30 [INF] Serilog.AspNetCore.RequestLoggingMiddleware HTTP GET /api/Catches/market-stats responded 200 in 9.071 ms
2026-09-21 18:15:40.341 +05:30 [INF] Serilog.AspNetCore.RequestLoggingMiddleware HTTP GET /api/Catches/market-stats responded 200 in 6.350 ms
2026-09-21 18:15:42.494 +05:30 [INF] System.Net.Http.HttpClient.Default.ClientHandler Received HTTP response headers after 2179.4646ms - 200
2026-09-21 18:15:42.495 +05:30 [INF] System.Net.Http.HttpClient.Default.LogicalHandler End processing HTTP request after 2180.5755ms - 200
2026-09-21 18:15:42.521 +05:30 [INF] Serilog.AspNetCore.RequestLoggingMiddleware HTTP GET /api/AgentGateway/prices/Skipjack/predict responded 200 in 2208.840 ms
2026-09-21 18:15:42.522 +05:30 [INF] System.Net.Http.HttpClient.Default.ClientHandler Received HTTP response headers after 2202.6127ms - 200
2026-09-21 18:15:42.522 +05:30 [INF] System.Net.Http.HttpClient.Default.LogicalHandler End processing HTTP request after 2203.1675ms - 200
2026-09-21 18:15:42.547 +05:30 [INF] System.Net.Http.HttpClient.Default.LogicalHandler Start processing HTTP request GET http://localhost:8001/api/prices/Skipjack/predict
2026-09-21 18:15:42.547 +05:30 [INF] System.Net.Http.HttpClient.Default.ClientHandler Sending HTTP request GET http://localhost:8001/api/prices/Skipjack/predict
2026-09-21 18:15:42.565 +05:30 [INF] Serilog.AspNetCore.RequestLoggingMiddleware HTTP GET /api/AgentGateway/prices/Trevally (Paraw)/predict responded 200 in 2247.487 ms
2026-09-21 18:15:42.577 +05:30 [INF] System.Net.Http.HttpClient.Default.ClientHandler Received HTTP response headers after 2254.4067ms - 200
2026-09-21 18:15:42.578 +05:30 [INF] System.Net.Http.HttpClient.Default.LogicalHandler End processing HTTP request after 2254.9264ms - 200
2026-09-21 18:15:42.578 +05:30 [INF] Serilog.AspNetCore.RequestLoggingMiddleware HTTP GET /api/AgentGateway/prices/Mackerel/predict responded 200 in 2256.344 ms
2026-09-21 18:15:42.579 +05:30 [INF] System.Net.Http.HttpClient.Default.ClientHandler Received HTTP response headers after 2264.2847ms - 200
2026-09-21 18:15:42.579 +05:30 [INF] System.Net.Http.HttpClient.Default.LogicalHandler End processing HTTP request after 2265.1849ms - 200
2026-09-21 18:15:42.580 +05:30 [INF] Serilog.AspNetCore.RequestLoggingMiddleware HTTP GET /api/AgentGateway/prices/Tuna (Yellowfin)/predict responded 200 in 2268.185 ms
2026-09-21 18:15:42.581 +05:30 [INF] System.Net.Http.HttpClient.Default.ClientHandler Received HTTP response headers after 33.6277ms - 200
2026-09-21 18:15:42.582 +05:30 [INF] System.Net.Http.HttpClient.Default.LogicalHandler End processing HTTP request after 34.511ms - 200
2026-09-21 18:15:42.595 +05:30 [INF] Serilog.AspNetCore.RequestLoggingMiddleware HTTP GET /api/AgentGateway/prices/Skipjack/predict responded 200 in 54.409 ms
2026-09-21 18:15:42.597 +05:30 [INF] System.Net.Http.HttpClient.Default.LogicalHandler Start processing HTTP request GET http://localhost:8001/api/prices/Trevally%20%28Paraw%29/predict
2026-09-21 18:15:42.598 +05:30 [INF] System.Net.Http.HttpClient.Default.ClientHandler Sending HTTP request GET http://localhost:8001/api/prices/Trevally%20%28Paraw%29/predict
2026-09-21 18:15:42.598 +05:30 [INF] System.Net.Http.HttpClient.Default.LogicalHandler Start processing HTTP request GET http://localhost:8001/api/prices/Mackerel/predict
2026-09-21 18:15:42.599 +05:30 [INF] System.Net.Http.HttpClient.Default.ClientHandler Sending HTTP request GET http://localhost:8001/api/prices/Mackerel/predict
2026-09-21 18:15:42.608 +05:30 [INF] System.Net.Http.HttpClient.Default.LogicalHandler Start processing HTTP request GET http://localhost:8001/api/prices/Tuna%20%28Yellowfin%29/predict
2026-09-21 18:15:42.609 +05:30 [INF] System.Net.Http.HttpClient.Default.ClientHandler Sending HTTP request GET http://localhost:8001/api/prices/Tuna%20%28Yellowfin%29/predict
2026-09-21 18:15:42.621 +05:30 [INF] System.Net.Http.HttpClient.Default.ClientHandler Received HTTP response headers after 17.682ms - 200
2026-09-21 18:15:42.621 +05:30 [INF] System.Net.Http.HttpClient.Default.LogicalHandler End processing HTTP request after 23.7992ms - 200
2026-09-21 18:15:42.624 +05:30 [INF] Serilog.AspNetCore.RequestLoggingMiddleware HTTP GET /api/AgentGateway/prices/Trevally (Paraw)/predict responded 200 in 30.947 ms
2026-09-21 18:15:42.625 +05:30 [INF] System.Net.Http.HttpClient.Default.ClientHandler Received HTTP response headers after 15.7581ms - 200
2026-09-21 18:15:42.626 +05:30 [INF] System.Net.Http.HttpClient.Default.LogicalHandler End processing HTTP request after 17.7886ms - 200
2026-09-21 18:15:42.627 +05:30 [INF] Serilog.AspNetCore.RequestLoggingMiddleware HTTP GET /api/AgentGateway/prices/Tuna (Yellowfin)/predict responded 200 in 28.347 ms
2026-09-21 18:15:42.622 +05:30 [INF] System.Net.Http.HttpClient.Default.ClientHandler Received HTTP response headers after 22.5111ms - 200
2026-09-21 18:15:42.627 +05:30 [INF] System.Net.Http.HttpClient.Default.LogicalHandler End processing HTTP request after 28.938ms - 200
2026-09-21 18:15:42.628 +05:30 [INF] Serilog.AspNetCore.RequestLoggingMiddleware HTTP GET /api/AgentGateway/prices/Mackerel/predict responded 200 in 31.528 ms
