2026-09-23 11:06:14.833 +05:30 [INF]  FishLink API starting on Development
2026-09-23 11:06:14.977 +05:30 [INF] Microsoft.Hosting.Lifetime Now listening on: http://localhost:5157
2026-09-23 11:06:14.979 +05:30 [INF] Microsoft.Hosting.Lifetime Application started. Press Ctrl+C to shut down.
2026-09-23 11:06:14.979 +05:30 [INF] Microsoft.Hosting.Lifetime Hosting environment: Development
2026-09-23 11:06:14.979 +05:30 [INF] Microsoft.Hosting.Lifetime Content root path: C:\Users\Kaveesha\Desktop\fish\FishLink.API
2026-09-23 11:06:30.352 +05:30 [INF] Serilog.AspNetCore.RequestLoggingMiddleware HTTP GET /health responded 200 in 463.510 ms
2026-09-23 11:07:18.184 +05:30 [INF] Serilog.AspNetCore.RequestLoggingMiddleware HTTP POST /api/Auth/register responded 200 in 1295.328 ms
2026-09-23 11:07:49.706 +05:30 [INF] Serilog.AspNetCore.RequestLoggingMiddleware HTTP GET / responded 200 in 28.709 ms
2026-09-23 11:07:49.791 +05:30 [INF] Serilog.AspNetCore.RequestLoggingMiddleware HTTP GET /favicon.ico responded 404 in 0.272 ms
2026-09-23 11:09:47.067 +05:30 [INF] Serilog.AspNetCore.RequestLoggingMiddleware HTTP OPTIONS /api/Auth/register responded 204 in 5.723 ms
2026-09-23 11:09:47.684 +05:30 [INF] Serilog.AspNetCore.RequestLoggingMiddleware HTTP POST /api/Auth/register responded 200 in 610.017 ms
2026-09-23 11:09:53.426 +05:30 [INF] Serilog.AspNetCore.RequestLoggingMiddleware HTTP OPTIONS /api/Auth/login responded 204 in 0.286 ms
2026-09-23 11:09:54.094 +05:30 [INF] Serilog.AspNetCore.RequestLoggingMiddleware HTTP POST /api/Auth/login responded 200 in 660.872 ms
2026-09-23 11:09:54.142 +05:30 [INF] Serilog.AspNetCore.RequestLoggingMiddleware HTTP OPTIONS /api/Catches responded 204 in 0.145 ms
2026-09-23 11:09:54.144 +05:30 [INF] Serilog.AspNetCore.RequestLoggingMiddleware HTTP OPTIONS /api/Catches responded 204 in 0.064 ms
2026-09-23 11:09:54.671 +05:30 [INF] FishLink.API.Services.CatchService GetCatches: 19 results, page 1/2
2026-09-23 11:09:54.767 +05:30 [INF] Serilog.AspNetCore.RequestLoggingMiddleware HTTP GET /api/Catches responded 200 in 619.549 ms
2026-09-23 11:09:54.776 +05:30 [INF] FishLink.API.Services.CatchService GetCatches: 19 results, page 1/2
2026-09-23 11:09:54.780 +05:30 [INF] Serilog.AspNetCore.RequestLoggingMiddleware HTTP GET /api/Catches responded 200 in 21.176 ms
2026-09-23 11:10:07.037 +05:30 [INF] Serilog.AspNetCore.RequestLoggingMiddleware HTTP OPTIONS /api/AgentGateway/prices/Tuna (Yellowfin)/predict responded 204 in 0.221 ms
2026-09-23 11:10:07.039 +05:30 [INF] Serilog.AspNetCore.RequestLoggingMiddleware HTTP OPTIONS /api/AgentGateway/prices/Skipjack/predict responded 204 in 0.169 ms
2026-09-23 11:10:07.040 +05:30 [INF] Serilog.AspNetCore.RequestLoggingMiddleware HTTP OPTIONS /api/AgentGateway/prices/Trevally (Paraw)/predict responded 204 in 0.053 ms
2026-09-23 11:10:07.043 +05:30 [INF] Serilog.AspNetCore.RequestLoggingMiddleware HTTP OPTIONS /api/AgentGateway/prices/Mackerel/predict responded 204 in 0.110 ms
2026-09-23 11:10:07.044 +05:30 [INF] Serilog.AspNetCore.RequestLoggingMiddleware HTTP OPTIONS /api/Catches/market-stats responded 204 in 0.050 ms
2026-09-23 11:10:07.045 +05:30 [INF] Serilog.AspNetCore.RequestLoggingMiddleware HTTP OPTIONS /api/AgentGateway/prices/Mackerel/predict responded 204 in 0.038 ms
2026-09-23 11:10:07.053 +05:30 [INF] Serilog.AspNetCore.RequestLoggingMiddleware HTTP OPTIONS /api/Catches/market-stats responded 204 in 4.999 ms
2026-09-23 11:10:07.078 +05:30 [INF] System.Net.Http.HttpClient.Default.LogicalHandler Start processing HTTP request GET http://localhost:8001/api/prices/Mackerel/predict
2026-09-23 11:10:07.078 +05:30 [INF] System.Net.Http.HttpClient.Default.LogicalHandler Start processing HTTP request GET http://localhost:8001/api/prices/Trevally%20%28Paraw%29/predict
2026-09-23 11:10:07.082 +05:30 [INF] System.Net.Http.HttpClient.Default.ClientHandler Sending HTTP request GET http://localhost:8001/api/prices/Mackerel/predict
2026-09-23 11:10:07.088 +05:30 [INF] System.Net.Http.HttpClient.Default.LogicalHandler Start processing HTTP request GET http://localhost:8001/api/prices/Skipjack/predict
2026-09-23 11:10:07.120 +05:30 [INF] System.Net.Http.HttpClient.Default.ClientHandler Sending HTTP request GET http://localhost:8001/api/prices/Skipjack/predict
2026-09-23 11:10:07.082 +05:30 [INF] System.Net.Http.HttpClient.Default.ClientHandler Sending HTTP request GET http://localhost:8001/api/prices/Trevally%20%28Paraw%29/predict
2026-09-23 11:10:07.078 +05:30 [INF] System.Net.Http.HttpClient.Default.LogicalHandler Start processing HTTP request GET http://localhost:8001/api/prices/Tuna%20%28Yellowfin%29/predict
2026-09-23 11:10:07.145 +05:30 [INF] System.Net.Http.HttpClient.Default.ClientHandler Sending HTTP request GET http://localhost:8001/api/prices/Tuna%20%28Yellowfin%29/predict
2026-09-23 11:10:07.277 +05:30 [INF] Serilog.AspNetCore.RequestLoggingMiddleware HTTP GET /api/Catches/market-stats responded 200 in 222.917 ms
2026-09-23 11:10:07.377 +05:30 [INF] Serilog.AspNetCore.RequestLoggingMiddleware HTTP GET /api/Catches/market-stats responded 200 in 62.385 ms
2026-09-23 11:10:11.567 +05:30 [INF] System.Net.Http.HttpClient.Default.ClientHandler HTTP request failed after 4438.4685ms
System.Net.Http.HttpRequestException: No connection could be made because the target machine actively refused it. (localhost:8001)
 ---> System.Net.Sockets.SocketException (10061): No connection could be made because the target machine actively refused it.
   at System.Net.Sockets.Socket.AwaitableSocketAsyncEventArgs.ThrowException(SocketError error, CancellationToken cancellationToken)
   at System.Net.Sockets.Socket.AwaitableSocketAsyncEventArgs.System.Threading.Tasks.Sources.IValueTaskSource.GetResult(Int16 token)
   at System.Runtime.CompilerServices.AsyncHelpers.ValueTaskSourceContinuation.GetResult(Object source, Int16 token, Byte& result)
   at System.Runtime.CompilerServices.AsyncHelpers.ValueTaskSourceContinuation.ValueTaskSourceContinuationResume.ResumeValueTaskSourceContinuation(Continuation cont, Byte& result)
   at System.Net.Http.HttpConnectionPool.ConnectToTcpHostAsync(String host, Int32 port, HttpRequestMessage initialRequest, Boolean async, CancellationToken cancellationToken)
   --- End of inner exception stack trace ---
   at System.Net.Http.HttpConnectionPool.ConnectToTcpHostAsync(String host, Int32 port, HttpRequestMessage initialRequest, Boolean async, CancellationToken cancellationToken)
   at System.Net.Http.HttpConnectionPool.ConnectAsync(HttpRequestMessage request, Boolean async, Boolean isForHttp2, CancellationToken cancellationToken)
   at System.Net.Http.HttpConnectionPool.CreateHttp11ConnectionAsync(HttpRequestMessage request, Boolean async, CancellationToken cancellationToken)
   at System.Net.Http.HttpConnectionPool.InjectNewHttp11ConnectionAsync(QueueItem queueItem)
   at System.Runtime.CompilerServices.RuntimeAsyncTaskContinuation.GetResult[T](Task task, Byte& result)
   at System.Runtime.CompilerServices.RuntimeAsyncTaskContinuation.TaskContinuationResume.ResumeTaskContinuation(Continuation cont, Byte& result)
   at System.Threading.Tasks.TaskCompletionSourceWithCancellation`1.WaitWithCancellationAsync(CancellationToken cancellationToken)
   at System.Runtime.CompilerServices.RuntimeAsyncTaskContinuation.GetResult[T](Task task, Byte& result)
   at System.Runtime.CompilerServices.RuntimeAsyncTaskContinuation.TaskContinuationResume.ResumeTaskContinuation(Continuation cont, Byte& result)
   at System.Net.Http.HttpConnectionPool.SendWithVersionDetectionAndRetryAsync(HttpRequestMessage request, Boolean async, Boolean doRequestAuth, CancellationToken cancellationToken)
   at System.Runtime.CompilerServices.RuntimeAsyncTaskContinuation.GetResult[T](Task task, Byte& result)
   at System.Runtime.CompilerServices.RuntimeAsyncTaskContinuation.TaskContinuationResume.ResumeTaskContinuation(Continuation cont, Byte& result)
   at System.Net.Http.DiagnosticsHandler.SendAsyncCore(HttpRequestMessage request, Boolean async, CancellationToken cancellationToken)
   at System.Net.Http.RedirectHandler.SendAsync(HttpRequestMessage request, Boolean async, CancellationToken cancellationToken)
   at System.Runtime.CompilerServices.RuntimeAsyncTaskContinuation.GetResult[T](Task task, Byte& result)
   at System.Runtime.CompilerServices.RuntimeAsyncTaskContinuation.TaskContinuationResume.ResumeTaskContinuation(Continuation cont, Byte& result)
   at System.Net.Http.SocketsHttpHandler.<SendAsync>g__CreateHandlerAndSendAsync|116_0(HttpRequestMessage request, CancellationToken cancellationToken)
   at Microsoft.Extensions.Http.Logging.LoggingHttpMessageHandler.<SendCoreAsync>g__Core|4_0(HttpRequestMessage request, Boolean useAsync, CancellationToken cancellationToken)
2026-09-23 11:10:11.567 +05:30 [INF] System.Net.Http.HttpClient.Default.ClientHandler HTTP request failed after 4418.0804ms
System.Net.Http.HttpRequestException: No connection could be made because the target machine actively refused it. (localhost:8001)
 ---> System.Net.Sockets.SocketException (10061): No connection could be made because the target machine actively refused it.
   at System.Net.Sockets.Socket.AwaitableSocketAsyncEventArgs.ThrowException(SocketError error, CancellationToken cancellationToken)
   at System.Net.Sockets.Socket.AwaitableSocketAsyncEventArgs.System.Threading.Tasks.Sources.IValueTaskSource.GetResult(Int16 token)
   at System.Runtime.CompilerServices.AsyncHelpers.ValueTaskSourceContinuation.GetResult(Object source, Int16 token, Byte& result)
   at System.Runtime.CompilerServices.AsyncHelpers.ValueTaskSourceContinuation.ValueTaskSourceContinuationResume.ResumeValueTaskSourceContinuation(Continuation cont, Byte& result)
   at System.Net.Http.HttpConnectionPool.ConnectToTcpHostAsync(String host, Int32 port, HttpRequestMessage initialRequest, Boolean async, CancellationToken cancellationToken)
   --- End of inner exception stack trace ---
   at System.Net.Http.HttpConnectionPool.ConnectToTcpHostAsync(String host, Int32 port, HttpRequestMessage initialRequest, Boolean async, CancellationToken cancellationToken)
   at System.Net.Http.HttpConnectionPool.ConnectAsync(HttpRequestMessage request, Boolean async, Boolean isForHttp2, CancellationToken cancellationToken)
   at System.Net.Http.HttpConnectionPool.CreateHttp11ConnectionAsync(HttpRequestMessage request, Boolean async, CancellationToken cancellationToken)
   at System.Net.Http.HttpConnectionPool.InjectNewHttp11ConnectionAsync(QueueItem queueItem)
   at System.Runtime.CompilerServices.RuntimeAsyncTaskContinuation.GetResult[T](Task task, Byte& result)
   at System.Runtime.CompilerServices.RuntimeAsyncTaskContinuation.TaskContinuationResume.ResumeTaskContinuation(Continuation cont, Byte& result)
   at System.Threading.Tasks.TaskCompletionSourceWithCancellation`1.WaitWithCancellationAsync(CancellationToken cancellationToken)
   at System.Runtime.CompilerServices.RuntimeAsyncTaskContinuation.GetResult[T](Task task, Byte& result)
   at System.Runtime.CompilerServices.RuntimeAsyncTaskContinuation.TaskContinuationResume.ResumeTaskContinuation(Continuation cont, Byte& result)
   at System.Net.Http.HttpConnectionPool.SendWithVersionDetectionAndRetryAsync(HttpRequestMessage request, Boolean async, Boolean doRequestAuth, CancellationToken cancellationToken)
   at System.Runtime.CompilerServices.RuntimeAsyncTaskContinuation.GetResult[T](Task task, Byte& result)
   at System.Runtime.CompilerServices.RuntimeAsyncTaskContinuation.TaskContinuationResume.ResumeTaskContinuation(Continuation cont, Byte& result)
   at System.Net.Http.DiagnosticsHandler.SendAsyncCore(HttpRequestMessage request, Boolean async, CancellationToken cancellationToken)
   at System.Net.Http.RedirectHandler.SendAsync(HttpRequestMessage request, Boolean async, CancellationToken cancellationToken)
   at System.Runtime.CompilerServices.RuntimeAsyncTaskContinuation.GetResult[T](Task task, Byte& result)
   at System.Runtime.CompilerServices.RuntimeAsyncTaskContinuation.TaskContinuationResume.ResumeTaskContinuation(Continuation cont, Byte& result)
   at System.Net.Http.SocketsHttpHandler.<SendAsync>g__CreateHandlerAndSendAsync|116_0(HttpRequestMessage request, CancellationToken cancellationToken)
   at Microsoft.Extensions.Http.Logging.LoggingHttpMessageHandler.<SendCoreAsync>g__Core|4_0(HttpRequestMessage request, Boolean useAsync, CancellationToken cancellationToken)
2026-09-23 11:10:11.567 +05:30 [INF] System.Net.Http.HttpClient.Default.ClientHandler HTTP request failed after 4479.8129ms
System.Net.Http.HttpRequestException: No connection could be made because the target machine actively refused it. (localhost:8001)
 ---> System.Net.Sockets.SocketException (10061): No connection could be made because the target machine actively refused it.
   at System.Net.Sockets.Socket.AwaitableSocketAsyncEventArgs.ThrowException(SocketError error, CancellationToken cancellationToken)
   at System.Net.Sockets.Socket.AwaitableSocketAsyncEventArgs.System.Threading.Tasks.Sources.IValueTaskSource.GetResult(Int16 token)
   at System.Runtime.CompilerServices.AsyncHelpers.ValueTaskSourceContinuation.GetResult(Object source, Int16 token, Byte& result)
   at System.Runtime.CompilerServices.AsyncHelpers.ValueTaskSourceContinuation.ValueTaskSourceContinuationResume.ResumeValueTaskSourceContinuation(Continuation cont, Byte& result)
   at System.Net.Http.HttpConnectionPool.ConnectToTcpHostAsync(String host, Int32 port, HttpRequestMessage initialRequest, Boolean async, CancellationToken cancellationToken)
   --- End of inner exception stack trace ---
   at System.Net.Http.HttpConnectionPool.ConnectToTcpHostAsync(String host, Int32 port, HttpRequestMessage initialRequest, Boolean async, CancellationToken cancellationToken)
   at System.Net.Http.HttpConnectionPool.ConnectAsync(HttpRequestMessage request, Boolean async, Boolean isForHttp2, CancellationToken cancellationToken)
   at System.Net.Http.HttpConnectionPool.CreateHttp11ConnectionAsync(HttpRequestMessage request, Boolean async, CancellationToken cancellationToken)
   at System.Net.Http.HttpConnectionPool.InjectNewHttp11ConnectionAsync(QueueItem queueItem)
   at System.Runtime.CompilerServices.RuntimeAsyncTaskContinuation.GetResult[T](Task task, Byte& result)
   at System.Runtime.CompilerServices.RuntimeAsyncTaskContinuation.TaskContinuationResume.ResumeTaskContinuation(Continuation cont, Byte& result)
   at System.Threading.Tasks.TaskCompletionSourceWithCancellation`1.WaitWithCancellationAsync(CancellationToken cancellationToken)
   at System.Runtime.CompilerServices.RuntimeAsyncTaskContinuation.GetResult[T](Task task, Byte& result)
   at System.Runtime.CompilerServices.RuntimeAsyncTaskContinuation.TaskContinuationResume.ResumeTaskContinuation(Continuation cont, Byte& result)
   at System.Net.Http.HttpConnectionPool.SendWithVersionDetectionAndRetryAsync(HttpRequestMessage request, Boolean async, Boolean doRequestAuth, CancellationToken cancellationToken)
   at System.Runtime.CompilerServices.RuntimeAsyncTaskContinuation.GetResult[T](Task task, Byte& result)
   at System.Runtime.CompilerServices.RuntimeAsyncTaskContinuation.TaskContinuationResume.ResumeTaskContinuation(Continuation cont, Byte& result)
   at System.Net.Http.DiagnosticsHandler.SendAsyncCore(HttpRequestMessage request, Boolean async, CancellationToken cancellationToken)
   at System.Net.Http.RedirectHandler.SendAsync(HttpRequestMessage request, Boolean async, CancellationToken cancellationToken)
   at System.Runtime.CompilerServices.RuntimeAsyncTaskContinuation.GetResult[T](Task task, Byte& result)
   at System.Runtime.CompilerServices.RuntimeAsyncTaskContinuation.TaskContinuationResume.ResumeTaskContinuation(Continuation cont, Byte& result)
   at System.Net.Http.SocketsHttpHandler.<SendAsync>g__CreateHandlerAndSendAsync|116_0(HttpRequestMessage request, CancellationToken cancellationToken)
   at Microsoft.Extensions.Http.Logging.LoggingHttpMessageHandler.<SendCoreAsync>g__Core|4_0(HttpRequestMessage request, Boolean useAsync, CancellationToken cancellationToken)
2026-09-23 11:10:11.574 +05:30 [INF] System.Net.Http.HttpClient.Default.LogicalHandler HTTP request failed after 4503.6484ms
System.Net.Http.HttpRequestException: No connection could be made because the target machine actively refused it. (localhost:8001)
 ---> System.Net.Sockets.SocketException (10061): No connection could be made because the target machine actively refused it.
   at System.Net.Sockets.Socket.AwaitableSocketAsyncEventArgs.ThrowException(SocketError error, CancellationToken cancellationToken)
   at System.Net.Sockets.Socket.AwaitableSocketAsyncEventArgs.System.Threading.Tasks.Sources.IValueTaskSource.GetResult(Int16 token)
   at System.Runtime.CompilerServices.AsyncHelpers.ValueTaskSourceContinuation.GetResult(Object source, Int16 token, Byte& result)
   at System.Runtime.CompilerServices.AsyncHelpers.ValueTaskSourceContinuation.ValueTaskSourceContinuationResume.ResumeValueTaskSourceContinuation(Continuation cont, Byte& result)
   at System.Net.Http.HttpConnectionPool.ConnectToTcpHostAsync(String host, Int32 port, HttpRequestMessage initialRequest, Boolean async, CancellationToken cancellationToken)
   --- End of inner exception stack trace ---
   at System.Net.Http.HttpConnectionPool.ConnectToTcpHostAsync(String host, Int32 port, HttpRequestMessage initialRequest, Boolean async, CancellationToken cancellationToken)
   at System.Net.Http.HttpConnectionPool.ConnectAsync(HttpRequestMessage request, Boolean async, Boolean isForHttp2, CancellationToken cancellationToken)
   at System.Net.Http.HttpConnectionPool.CreateHttp11ConnectionAsync(HttpRequestMessage request, Boolean async, CancellationToken cancellationToken)
   at System.Net.Http.HttpConnectionPool.InjectNewHttp11ConnectionAsync(QueueItem queueItem)
   at System.Runtime.CompilerServices.RuntimeAsyncTaskContinuation.GetResult[T](Task task, Byte& result)
   at System.Runtime.CompilerServices.RuntimeAsyncTaskContinuation.TaskContinuationResume.ResumeTaskContinuation(Continuation cont, Byte& result)
   at System.Threading.Tasks.TaskCompletionSourceWithCancellation`1.WaitWithCancellationAsync(CancellationToken cancellationToken)
   at System.Runtime.CompilerServices.RuntimeAsyncTaskContinuation.GetResult[T](Task task, Byte& result)
   at System.Runtime.CompilerServices.RuntimeAsyncTaskContinuation.TaskContinuationResume.ResumeTaskContinuation(Continuation cont, Byte& result)
   at System.Net.Http.HttpConnectionPool.SendWithVersionDetectionAndRetryAsync(HttpRequestMessage request, Boolean async, Boolean doRequestAuth, CancellationToken cancellationToken)
   at System.Runtime.CompilerServices.RuntimeAsyncTaskContinuation.GetResult[T](Task task, Byte& result)
   at System.Runtime.CompilerServices.RuntimeAsyncTaskContinuation.TaskContinuationResume.ResumeTaskContinuation(Continuation cont, Byte& result)
   at System.Net.Http.DiagnosticsHandler.SendAsyncCore(HttpRequestMessage request, Boolean async, CancellationToken cancellationToken)
   at System.Net.Http.RedirectHandler.SendAsync(HttpRequestMessage request, Boolean async, CancellationToken cancellationToken)
   at System.Runtime.CompilerServices.RuntimeAsyncTaskContinuation.GetResult[T](Task task, Byte& result)
   at System.Runtime.CompilerServices.RuntimeAsyncTaskContinuation.TaskContinuationResume.ResumeTaskContinuation(Continuation cont, Byte& result)
   at System.Net.Http.SocketsHttpHandler.<SendAsync>g__CreateHandlerAndSendAsync|116_0(HttpRequestMessage request, CancellationToken cancellationToken)
   at Microsoft.Extensions.Http.Logging.LoggingHttpMessageHandler.<SendCoreAsync>g__Core|4_0(HttpRequestMessage request, Boolean useAsync, CancellationToken cancellationToken)
   at Microsoft.Extensions.Http.Logging.LoggingScopeHttpMessageHandler.<SendCoreAsync>g__Core|4_0(HttpRequestMessage request, Boolean useAsync, CancellationToken cancellationToken)
2026-09-23 11:10:11.574 +05:30 [INF] System.Net.Http.HttpClient.Default.LogicalHandler HTTP request failed after 4503.2486ms
System.Net.Http.HttpRequestException: No connection could be made because the target machine actively refused it. (localhost:8001)
 ---> System.Net.Sockets.SocketException (10061): No connection could be made because the target machine actively refused it.
   at System.Net.Sockets.Socket.AwaitableSocketAsyncEventArgs.ThrowException(SocketError error, CancellationToken cancellationToken)
   at System.Net.Sockets.Socket.AwaitableSocketAsyncEventArgs.System.Threading.Tasks.Sources.IValueTaskSource.GetResult(Int16 token)
   at System.Runtime.CompilerServices.AsyncHelpers.ValueTaskSourceContinuation.GetResult(Object source, Int16 token, Byte& result)
   at System.Runtime.CompilerServices.AsyncHelpers.ValueTaskSourceContinuation.ValueTaskSourceContinuationResume.ResumeValueTaskSourceContinuation(Continuation cont, Byte& result)
   at System.Net.Http.HttpConnectionPool.ConnectToTcpHostAsync(String host, Int32 port, HttpRequestMessage initialRequest, Boolean async, CancellationToken cancellationToken)
   --- End of inner exception stack trace ---
   at System.Net.Http.HttpConnectionPool.ConnectToTcpHostAsync(String host, Int32 port, HttpRequestMessage initialRequest, Boolean async, CancellationToken cancellationToken)
   at System.Net.Http.HttpConnectionPool.ConnectAsync(HttpRequestMessage request, Boolean async, Boolean isForHttp2, CancellationToken cancellationToken)
   at System.Net.Http.HttpConnectionPool.CreateHttp11ConnectionAsync(HttpRequestMessage request, Boolean async, CancellationToken cancellationToken)
   at System.Net.Http.HttpConnectionPool.InjectNewHttp11ConnectionAsync(QueueItem queueItem)
   at System.Runtime.CompilerServices.RuntimeAsyncTaskContinuation.GetResult[T](Task task, Byte& result)
   at System.Runtime.CompilerServices.RuntimeAsyncTaskContinuation.TaskContinuationResume.ResumeTaskContinuation(Continuation cont, Byte& result)
   at System.Threading.Tasks.TaskCompletionSourceWithCancellation`1.WaitWithCancellationAsync(CancellationToken cancellationToken)
   at System.Runtime.CompilerServices.RuntimeAsyncTaskContinuation.GetResult[T](Task task, Byte& result)
   at System.Runtime.CompilerServices.RuntimeAsyncTaskContinuation.TaskContinuationResume.ResumeTaskContinuation(Continuation cont, Byte& result)
   at System.Net.Http.HttpConnectionPool.SendWithVersionDetectionAndRetryAsync(HttpRequestMessage request, Boolean async, Boolean doRequestAuth, CancellationToken cancellationToken)
   at System.Runtime.CompilerServices.RuntimeAsyncTaskContinuation.GetResult[T](Task task, Byte& result)
   at System.Runtime.CompilerServices.RuntimeAsyncTaskContinuation.TaskContinuationResume.ResumeTaskContinuation(Continuation cont, Byte& result)
   at System.Net.Http.DiagnosticsHandler.SendAsyncCore(HttpRequestMessage request, Boolean async, CancellationToken cancellationToken)
   at System.Net.Http.RedirectHandler.SendAsync(HttpRequestMessage request, Boolean async, CancellationToken cancellationToken)
   at System.Runtime.CompilerServices.RuntimeAsyncTaskContinuation.GetResult[T](Task task, Byte& result)
   at System.Runtime.CompilerServices.RuntimeAsyncTaskContinuation.TaskContinuationResume.ResumeTaskContinuation(Continuation cont, Byte& result)
   at System.Net.Http.SocketsHttpHandler.<SendAsync>g__CreateHandlerAndSendAsync|116_0(HttpRequestMessage request, CancellationToken cancellationToken)
   at Microsoft.Extensions.Http.Logging.LoggingHttpMessageHandler.<SendCoreAsync>g__Core|4_0(HttpRequestMessage request, Boolean useAsync, CancellationToken cancellationToken)
   at Microsoft.Extensions.Http.Logging.LoggingScopeHttpMessageHandler.<SendCoreAsync>g__Core|4_0(HttpRequestMessage request, Boolean useAsync, CancellationToken cancellationToken)
2026-09-23 11:10:11.574 +05:30 [INF] System.Net.Http.HttpClient.Default.LogicalHandler HTTP request failed after 4505.1416ms
System.Net.Http.HttpRequestException: No connection could be made because the target machine actively refused it. (localhost:8001)
 ---> System.Net.Sockets.SocketException (10061): No connection could be made because the target machine actively refused it.
   at System.Net.Sockets.Socket.AwaitableSocketAsyncEventArgs.ThrowException(SocketError error, CancellationToken cancellationToken)
   at System.Net.Sockets.Socket.AwaitableSocketAsyncEventArgs.System.Threading.Tasks.Sources.IValueTaskSource.GetResult(Int16 token)
   at System.Runtime.CompilerServices.AsyncHelpers.ValueTaskSourceContinuation.GetResult(Object source, Int16 token, Byte& result)
   at System.Runtime.CompilerServices.AsyncHelpers.ValueTaskSourceContinuation.ValueTaskSourceContinuationResume.ResumeValueTaskSourceContinuation(Continuation cont, Byte& result)
   at System.Net.Http.HttpConnectionPool.ConnectToTcpHostAsync(String host, Int32 port, HttpRequestMessage initialRequest, Boolean async, CancellationToken cancellationToken)
   --- End of inner exception stack trace ---
   at System.Net.Http.HttpConnectionPool.ConnectToTcpHostAsync(String host, Int32 port, HttpRequestMessage initialRequest, Boolean async, CancellationToken cancellationToken)
   at System.Net.Http.HttpConnectionPool.ConnectAsync(HttpRequestMessage request, Boolean async, Boolean isForHttp2, CancellationToken cancellationToken)
   at System.Net.Http.HttpConnectionPool.CreateHttp11ConnectionAsync(HttpRequestMessage request, Boolean async, CancellationToken cancellationToken)
   at System.Net.Http.HttpConnectionPool.InjectNewHttp11ConnectionAsync(QueueItem queueItem)
   at System.Runtime.CompilerServices.RuntimeAsyncTaskContinuation.GetResult[T](Task task, Byte& result)
   at System.Runtime.CompilerServices.RuntimeAsyncTaskContinuation.TaskContinuationResume.ResumeTaskContinuation(Continuation cont, Byte& result)
   at System.Threading.Tasks.TaskCompletionSourceWithCancellation`1.WaitWithCancellationAsync(CancellationToken cancellationToken)
   at System.Runtime.CompilerServices.RuntimeAsyncTaskContinuation.GetResult[T](Task task, Byte& result)
   at System.Runtime.CompilerServices.RuntimeAsyncTaskContinuation.TaskContinuationResume.ResumeTaskContinuation(Continuation cont, Byte& result)
   at System.Net.Http.HttpConnectionPool.SendWithVersionDetectionAndRetryAsync(HttpRequestMessage request, Boolean async, Boolean doRequestAuth, CancellationToken cancellationToken)
   at System.Runtime.CompilerServices.RuntimeAsyncTaskContinuation.GetResult[T](Task task, Byte& result)
   at System.Runtime.CompilerServices.RuntimeAsyncTaskContinuation.TaskContinuationResume.ResumeTaskContinuation(Continuation cont, Byte& result)
   at System.Net.Http.DiagnosticsHandler.SendAsyncCore(HttpRequestMessage request, Boolean async, CancellationToken cancellationToken)
   at System.Net.Http.RedirectHandler.SendAsync(HttpRequestMessage request, Boolean async, CancellationToken cancellationToken)
   at System.Runtime.CompilerServices.RuntimeAsyncTaskContinuation.GetResult[T](Task task, Byte& result)
   at System.Runtime.CompilerServices.RuntimeAsyncTaskContinuation.TaskContinuationResume.ResumeTaskContinuation(Continuation cont, Byte& result)
   at System.Net.Http.SocketsHttpHandler.<SendAsync>g__CreateHandlerAndSendAsync|116_0(HttpRequestMessage request, CancellationToken cancellationToken)
   at Microsoft.Extensions.Http.Logging.LoggingHttpMessageHandler.<SendCoreAsync>g__Core|4_0(HttpRequestMessage request, Boolean useAsync, CancellationToken cancellationToken)
   at Microsoft.Extensions.Http.Logging.LoggingScopeHttpMessageHandler.<SendCoreAsync>g__Core|4_0(HttpRequestMessage request, Boolean useAsync, CancellationToken cancellationToken)
2026-09-23 11:10:11.579 +05:30 [WRN] FishLink.API.Controllers.AgentGatewayController Price API unreachable for species Trevally (Paraw)
System.Net.Http.HttpRequestException: No connection could be made because the target machine actively refused it. (localhost:8001)
 ---> System.Net.Sockets.SocketException (10061): No connection could be made because the target machine actively refused it.
   at System.Net.Sockets.Socket.AwaitableSocketAsyncEventArgs.ThrowException(SocketError error, CancellationToken cancellationToken)
   at System.Net.Sockets.Socket.AwaitableSocketAsyncEventArgs.System.Threading.Tasks.Sources.IValueTaskSource.GetResult(Int16 token)
   at System.Runtime.CompilerServices.AsyncHelpers.ValueTaskSourceContinuation.GetResult(Object source, Int16 token, Byte& result)
   at System.Runtime.CompilerServices.AsyncHelpers.ValueTaskSourceContinuation.ValueTaskSourceContinuationResume.ResumeValueTaskSourceContinuation(Continuation cont, Byte& result)
   at System.Net.Http.HttpConnectionPool.ConnectToTcpHostAsync(String host, Int32 port, HttpRequestMessage initialRequest, Boolean async, CancellationToken cancellationToken)
   --- End of inner exception stack trace ---
   at System.Net.Http.HttpConnectionPool.ConnectToTcpHostAsync(String host, Int32 port, HttpRequestMessage initialRequest, Boolean async, CancellationToken cancellationToken)
   at System.Net.Http.HttpConnectionPool.ConnectAsync(HttpRequestMessage request, Boolean async, Boolean isForHttp2, CancellationToken cancellationToken)
   at System.Net.Http.HttpConnectionPool.CreateHttp11ConnectionAsync(HttpRequestMessage request, Boolean async, CancellationToken cancellationToken)
   at System.Net.Http.HttpConnectionPool.InjectNewHttp11ConnectionAsync(QueueItem queueItem)
   at System.Runtime.CompilerServices.RuntimeAsyncTaskContinuation.GetResult[T](Task task, Byte& result)
   at System.Runtime.CompilerServices.RuntimeAsyncTaskContinuation.TaskContinuationResume.ResumeTaskContinuation(Continuation cont, Byte& result)
   at System.Threading.Tasks.TaskCompletionSourceWithCancellation`1.WaitWithCancellationAsync(CancellationToken cancellationToken)
   at System.Runtime.CompilerServices.RuntimeAsyncTaskContinuation.GetResult[T](Task task, Byte& result)
   at System.Runtime.CompilerServices.RuntimeAsyncTaskContinuation.TaskContinuationResume.ResumeTaskContinuation(Continuation cont, Byte& result)
   at System.Net.Http.HttpConnectionPool.SendWithVersionDetectionAndRetryAsync(HttpRequestMessage request, Boolean async, Boolean doRequestAuth, CancellationToken cancellationToken)
   at System.Runtime.CompilerServices.RuntimeAsyncTaskContinuation.GetResult[T](Task task, Byte& result)
   at System.Runtime.CompilerServices.RuntimeAsyncTaskContinuation.TaskContinuationResume.ResumeTaskContinuation(Continuation cont, Byte& result)
   at System.Net.Http.DiagnosticsHandler.SendAsyncCore(HttpRequestMessage request, Boolean async, CancellationToken cancellationToken)
   at System.Net.Http.RedirectHandler.SendAsync(HttpRequestMessage request, Boolean async, CancellationToken cancellationToken)
   at System.Runtime.CompilerServices.RuntimeAsyncTaskContinuation.GetResult[T](Task task, Byte& result)
   at System.Runtime.CompilerServices.RuntimeAsyncTaskContinuation.TaskContinuationResume.ResumeTaskContinuation(Continuation cont, Byte& result)
   at System.Net.Http.SocketsHttpHandler.<SendAsync>g__CreateHandlerAndSendAsync|116_0(HttpRequestMessage request, CancellationToken cancellationToken)
   at Microsoft.Extensions.Http.Logging.LoggingHttpMessageHandler.<SendCoreAsync>g__Core|4_0(HttpRequestMessage request, Boolean useAsync, CancellationToken cancellationToken)
   at Microsoft.Extensions.Http.Logging.LoggingScopeHttpMessageHandler.<SendCoreAsync>g__Core|4_0(HttpRequestMessage request, Boolean useAsync, CancellationToken cancellationToken)
   at System.Runtime.CompilerServices.RuntimeAsyncTaskContinuation.GetResult[T](Task task, Byte& result)
   at System.Runtime.CompilerServices.RuntimeAsyncTaskContinuation.TaskContinuationResume.ResumeTaskContinuation(Continuation cont, Byte& result)
   at System.Net.Http.HttpClient.<SendAsync>g__Core|83_0(HttpRequestMessage request, HttpCompletionOption completionOption, CancellationTokenSource cts, Boolean disposeCts, CancellationTokenSource pendingRequestsCts, CancellationToken originalCancellationToken)
   at FishLink.API.Controllers.AgentGatewayController.GetPricePrediction(String species) in C:\Users\Kaveesha\Desktop\fish\FishLink.API\Controllers\AgentGatewayController.cs:line 147
2026-09-23 11:10:11.578 +05:30 [WRN] FishLink.API.Controllers.AgentGatewayController Price API unreachable for species Mackerel
System.Net.Http.HttpRequestException: No connection could be made because the target machine actively refused it. (localhost:8001)
 ---> System.Net.Sockets.SocketException (10061): No connection could be made because the target machine actively refused it.
   at System.Net.Sockets.Socket.AwaitableSocketAsyncEventArgs.ThrowException(SocketError error, CancellationToken cancellationToken)
   at System.Net.Sockets.Socket.AwaitableSocketAsyncEventArgs.System.Threading.Tasks.Sources.IValueTaskSource.GetResult(Int16 token)
   at System.Runtime.CompilerServices.AsyncHelpers.ValueTaskSourceContinuation.GetResult(Object source, Int16 token, Byte& result)
   at System.Runtime.CompilerServices.AsyncHelpers.ValueTaskSourceContinuation.ValueTaskSourceContinuationResume.ResumeValueTaskSourceContinuation(Continuation cont, Byte& result)
   at System.Net.Http.HttpConnectionPool.ConnectToTcpHostAsync(String host, Int32 port, HttpRequestMessage initialRequest, Boolean async, CancellationToken cancellationToken)
   --- End of inner exception stack trace ---
   at System.Net.Http.HttpConnectionPool.ConnectToTcpHostAsync(String host, Int32 port, HttpRequestMessage initialRequest, Boolean async, CancellationToken cancellationToken)
   at System.Net.Http.HttpConnectionPool.ConnectAsync(HttpRequestMessage request, Boolean async, Boolean isForHttp2, CancellationToken cancellationToken)
   at System.Net.Http.HttpConnectionPool.CreateHttp11ConnectionAsync(HttpRequestMessage request, Boolean async, CancellationToken cancellationToken)
   at System.Net.Http.HttpConnectionPool.InjectNewHttp11ConnectionAsync(QueueItem queueItem)
   at System.Runtime.CompilerServices.RuntimeAsyncTaskContinuation.GetResult[T](Task task, Byte& result)
   at System.Runtime.CompilerServices.RuntimeAsyncTaskContinuation.TaskContinuationResume.ResumeTaskContinuation(Continuation cont, Byte& result)
   at System.Threading.Tasks.TaskCompletionSourceWithCancellation`1.WaitWithCancellationAsync(CancellationToken cancellationToken)
   at System.Runtime.CompilerServices.RuntimeAsyncTaskContinuation.GetResult[T](Task task, Byte& result)
   at System.Runtime.CompilerServices.RuntimeAsyncTaskContinuation.TaskContinuationResume.ResumeTaskContinuation(Continuation cont, Byte& result)
   at System.Net.Http.HttpConnectionPool.SendWithVersionDetectionAndRetryAsync(HttpRequestMessage request, Boolean async, Boolean doRequestAuth, CancellationToken cancellationToken)
   at System.Runtime.CompilerServices.RuntimeAsyncTaskContinuation.GetResult[T](Task task, Byte& result)
   at System.Runtime.CompilerServices.RuntimeAsyncTaskContinuation.TaskContinuationResume.ResumeTaskContinuation(Continuation cont, Byte& result)
   at System.Net.Http.DiagnosticsHandler.SendAsyncCore(HttpRequestMessage request, Boolean async, CancellationToken cancellationToken)
   at System.Net.Http.RedirectHandler.SendAsync(HttpRequestMessage request, Boolean async, CancellationToken cancellationToken)
   at System.Runtime.CompilerServices.RuntimeAsyncTaskContinuation.GetResult[T](Task task, Byte& result)
   at System.Runtime.CompilerServices.RuntimeAsyncTaskContinuation.TaskContinuationResume.ResumeTaskContinuation(Continuation cont, Byte& result)
   at System.Net.Http.SocketsHttpHandler.<SendAsync>g__CreateHandlerAndSendAsync|116_0(HttpRequestMessage request, CancellationToken cancellationToken)
   at Microsoft.Extensions.Http.Logging.LoggingHttpMessageHandler.<SendCoreAsync>g__Core|4_0(HttpRequestMessage request, Boolean useAsync, CancellationToken cancellationToken)
   at Microsoft.Extensions.Http.Logging.LoggingScopeHttpMessageHandler.<SendCoreAsync>g__Core|4_0(HttpRequestMessage request, Boolean useAsync, CancellationToken cancellationToken)
   at System.Runtime.CompilerServices.RuntimeAsyncTaskContinuation.GetResult[T](Task task, Byte& result)
   at System.Runtime.CompilerServices.RuntimeAsyncTaskContinuation.TaskContinuationResume.ResumeTaskContinuation(Continuation cont, Byte& result)
   at System.Net.Http.HttpClient.<SendAsync>g__Core|83_0(HttpRequestMessage request, HttpCompletionOption completionOption, CancellationTokenSource cts, Boolean disposeCts, CancellationTokenSource pendingRequestsCts, CancellationToken originalCancellationToken)
   at FishLink.API.Controllers.AgentGatewayController.GetPricePrediction(String species) in C:\Users\Kaveesha\Desktop\fish\FishLink.API\Controllers\AgentGatewayController.cs:line 147
2026-09-23 11:10:11.615 +05:30 [INF] Serilog.AspNetCore.RequestLoggingMiddleware HTTP GET /api/AgentGateway/prices/Trevally (Paraw)/predict responded 200 in 4572.021 ms
2026-09-23 11:10:11.615 +05:30 [INF] Serilog.AspNetCore.RequestLoggingMiddleware HTTP GET /api/AgentGateway/prices/Mackerel/predict responded 200 in 4559.304 ms
2026-09-23 11:10:11.584 +05:30 [WRN] FishLink.API.Controllers.AgentGatewayController Price API unreachable for species Skipjack
System.Net.Http.HttpRequestException: No connection could be made because the target machine actively refused it. (localhost:8001)
 ---> System.Net.Sockets.SocketException (10061): No connection could be made because the target machine actively refused it.
   at System.Net.Sockets.Socket.AwaitableSocketAsyncEventArgs.ThrowException(SocketError error, CancellationToken cancellationToken)
   at System.Net.Sockets.Socket.AwaitableSocketAsyncEventArgs.System.Threading.Tasks.Sources.IValueTaskSource.GetResult(Int16 token)
   at System.Runtime.CompilerServices.AsyncHelpers.ValueTaskSourceContinuation.GetResult(Object source, Int16 token, Byte& result)
   at System.Runtime.CompilerServices.AsyncHelpers.ValueTaskSourceContinuation.ValueTaskSourceContinuationResume.ResumeValueTaskSourceContinuation(Continuation cont, Byte& result)
   at System.Net.Http.HttpConnectionPool.ConnectToTcpHostAsync(String host, Int32 port, HttpRequestMessage initialRequest, Boolean async, CancellationToken cancellationToken)
   --- End of inner exception stack trace ---
   at System.Net.Http.HttpConnectionPool.ConnectToTcpHostAsync(String host, Int32 port, HttpRequestMessage initialRequest, Boolean async, CancellationToken cancellationToken)
   at System.Net.Http.HttpConnectionPool.ConnectAsync(HttpRequestMessage request, Boolean async, Boolean isForHttp2, CancellationToken cancellationToken)
   at System.Net.Http.HttpConnectionPool.CreateHttp11ConnectionAsync(HttpRequestMessage request, Boolean async, CancellationToken cancellationToken)
   at System.Net.Http.HttpConnectionPool.InjectNewHttp11ConnectionAsync(QueueItem queueItem)
   at System.Runtime.CompilerServices.RuntimeAsyncTaskContinuation.GetResult[T](Task task, Byte& result)
   at System.Runtime.CompilerServices.RuntimeAsyncTaskContinuation.TaskContinuationResume.ResumeTaskContinuation(Continuation cont, Byte& result)
   at System.Threading.Tasks.TaskCompletionSourceWithCancellation`1.WaitWithCancellationAsync(CancellationToken cancellationToken)
   at System.Runtime.CompilerServices.RuntimeAsyncTaskContinuation.GetResult[T](Task task, Byte& result)
   at System.Runtime.CompilerServices.RuntimeAsyncTaskContinuation.TaskContinuationResume.ResumeTaskContinuation(Continuation cont, Byte& result)
   at System.Net.Http.HttpConnectionPool.SendWithVersionDetectionAndRetryAsync(HttpRequestMessage request, Boolean async, Boolean doRequestAuth, CancellationToken cancellationToken)
   at System.Runtime.CompilerServices.RuntimeAsyncTaskContinuation.GetResult[T](Task task, Byte& result)
   at System.Runtime.CompilerServices.RuntimeAsyncTaskContinuation.TaskContinuationResume.ResumeTaskContinuation(Continuation cont, Byte& result)
   at System.Net.Http.DiagnosticsHandler.SendAsyncCore(HttpRequestMessage request, Boolean async, CancellationToken cancellationToken)
   at System.Net.Http.RedirectHandler.SendAsync(HttpRequestMessage request, Boolean async, CancellationToken cancellationToken)
   at System.Runtime.CompilerServices.RuntimeAsyncTaskContinuation.GetResult[T](Task task, Byte& result)
   at System.Runtime.CompilerServices.RuntimeAsyncTaskContinuation.TaskContinuationResume.ResumeTaskContinuation(Continuation cont, Byte& result)
   at System.Net.Http.SocketsHttpHandler.<SendAsync>g__CreateHandlerAndSendAsync|116_0(HttpRequestMessage request, CancellationToken cancellationToken)
   at Microsoft.Extensions.Http.Logging.LoggingHttpMessageHandler.<SendCoreAsync>g__Core|4_0(HttpRequestMessage request, Boolean useAsync, CancellationToken cancellationToken)
   at Microsoft.Extensions.Http.Logging.LoggingScopeHttpMessageHandler.<SendCoreAsync>g__Core|4_0(HttpRequestMessage request, Boolean useAsync, CancellationToken cancellationToken)
   at System.Runtime.CompilerServices.RuntimeAsyncTaskContinuation.GetResult[T](Task task, Byte& result)
   at System.Runtime.CompilerServices.RuntimeAsyncTaskContinuation.TaskContinuationResume.ResumeTaskContinuation(Continuation cont, Byte& result)
   at System.Net.Http.HttpClient.<SendAsync>g__Core|83_0(HttpRequestMessage request, HttpCompletionOption completionOption, CancellationTokenSource cts, Boolean disposeCts, CancellationTokenSource pendingRequestsCts, CancellationToken originalCancellationToken)
   at FishLink.API.Controllers.AgentGatewayController.GetPricePrediction(String species) in C:\Users\Kaveesha\Desktop\fish\FishLink.API\Controllers\AgentGatewayController.cs:line 147
2026-09-23 11:10:11.621 +05:30 [INF] Serilog.AspNetCore.RequestLoggingMiddleware HTTP GET /api/AgentGateway/prices/Skipjack/predict responded 200 in 4578.181 ms
2026-09-23 11:10:11.624 +05:30 [INF] System.Net.Http.HttpClient.Default.LogicalHandler Start processing HTTP request GET http://localhost:8001/api/prices/Mackerel/predict
2026-09-23 11:10:11.624 +05:30 [INF] System.Net.Http.HttpClient.Default.ClientHandler Sending HTTP request GET http://localhost:8001/api/prices/Mackerel/predict
2026-09-23 11:10:11.625 +05:30 [INF] System.Net.Http.HttpClient.Default.LogicalHandler Start processing HTTP request GET http://localhost:8001/api/prices/Trevally%20%28Paraw%29/predict
2026-09-23 11:10:11.626 +05:30 [INF] System.Net.Http.HttpClient.Default.ClientHandler Sending HTTP request GET http://localhost:8001/api/prices/Trevally%20%28Paraw%29/predict
2026-09-23 11:10:11.630 +05:30 [INF] System.Net.Http.HttpClient.Default.LogicalHandler Start processing HTTP request GET http://localhost:8001/api/prices/Skipjack/predict
2026-09-23 11:10:11.630 +05:30 [INF] System.Net.Http.HttpClient.Default.ClientHandler Sending HTTP request GET http://localhost:8001/api/prices/Skipjack/predict
2026-09-23 11:10:11.689 +05:30 [INF] System.Net.Http.HttpClient.Default.ClientHandler HTTP request failed after 4544.0041ms
System.Net.Http.HttpRequestException: No connection could be made because the target machine actively refused it. (localhost:8001)
 ---> System.Net.Sockets.SocketException (10061): No connection could be made because the target machine actively refused it.
   at System.Net.Sockets.Socket.AwaitableSocketAsyncEventArgs.ThrowException(SocketError error, CancellationToken cancellationToken)
   at System.Net.Sockets.Socket.AwaitableSocketAsyncEventArgs.System.Threading.Tasks.Sources.IValueTaskSource.GetResult(Int16 token)
   at System.Runtime.CompilerServices.AsyncHelpers.ValueTaskSourceContinuation.GetResult(Object source, Int16 token, Byte& result)
   at System.Runtime.CompilerServices.AsyncHelpers.ValueTaskSourceContinuation.ValueTaskSourceContinuationResume.ResumeValueTaskSourceContinuation(Continuation cont, Byte& result)
   at System.Net.Http.HttpConnectionPool.ConnectToTcpHostAsync(String host, Int32 port, HttpRequestMessage initialRequest, Boolean async, CancellationToken cancellationToken)
   --- End of inner exception stack trace ---
   at System.Net.Http.HttpConnectionPool.ConnectToTcpHostAsync(String host, Int32 port, HttpRequestMessage initialRequest, Boolean async, CancellationToken cancellationToken)
   at System.Net.Http.HttpConnectionPool.ConnectAsync(HttpRequestMessage request, Boolean async, Boolean isForHttp2, CancellationToken cancellationToken)
   at System.Net.Http.HttpConnectionPool.CreateHttp11ConnectionAsync(HttpRequestMessage request, Boolean async, CancellationToken cancellationToken)
   at System.Net.Http.HttpConnectionPool.InjectNewHttp11ConnectionAsync(QueueItem queueItem)
   at System.Runtime.CompilerServices.RuntimeAsyncTaskContinuation.GetResult[T](Task task, Byte& result)
   at System.Runtime.CompilerServices.RuntimeAsyncTaskContinuation.TaskContinuationResume.ResumeTaskContinuation(Continuation cont, Byte& result)
   at System.Threading.Tasks.TaskCompletionSourceWithCancellation`1.WaitWithCancellationAsync(CancellationToken cancellationToken)
   at System.Runtime.CompilerServices.RuntimeAsyncTaskContinuation.GetResult[T](Task task, Byte& result)
   at System.Runtime.CompilerServices.RuntimeAsyncTaskContinuation.TaskContinuationResume.ResumeTaskContinuation(Continuation cont, Byte& result)
   at System.Net.Http.HttpConnectionPool.SendWithVersionDetectionAndRetryAsync(HttpRequestMessage request, Boolean async, Boolean doRequestAuth, CancellationToken cancellationToken)
   at System.Runtime.CompilerServices.RuntimeAsyncTaskContinuation.GetResult[T](Task task, Byte& result)
   at System.Runtime.CompilerServices.RuntimeAsyncTaskContinuation.TaskContinuationResume.ResumeTaskContinuation(Continuation cont, Byte& result)
   at System.Net.Http.DiagnosticsHandler.SendAsyncCore(HttpRequestMessage request, Boolean async, CancellationToken cancellationToken)
   at System.Net.Http.RedirectHandler.SendAsync(HttpRequestMessage request, Boolean async, CancellationToken cancellationToken)
   at System.Runtime.CompilerServices.RuntimeAsyncTaskContinuation.GetResult[T](Task task, Byte& result)
   at System.Runtime.CompilerServices.RuntimeAsyncTaskContinuation.TaskContinuationResume.ResumeTaskContinuation(Continuation cont, Byte& result)
   at System.Net.Http.SocketsHttpHandler.<SendAsync>g__CreateHandlerAndSendAsync|116_0(HttpRequestMessage request, CancellationToken cancellationToken)
   at Microsoft.Extensions.Http.Logging.LoggingHttpMessageHandler.<SendCoreAsync>g__Core|4_0(HttpRequestMessage request, Boolean useAsync, CancellationToken cancellationToken)
2026-09-23 11:10:11.690 +05:30 [INF] System.Net.Http.HttpClient.Default.LogicalHandler HTTP request failed after 4620.2224ms
System.Net.Http.HttpRequestException: No connection could be made because the target machine actively refused it. (localhost:8001)
 ---> System.Net.Sockets.SocketException (10061): No connection could be made because the target machine actively refused it.
   at System.Net.Sockets.Socket.AwaitableSocketAsyncEventArgs.ThrowException(SocketError error, CancellationToken cancellationToken)
   at System.Net.Sockets.Socket.AwaitableSocketAsyncEventArgs.System.Threading.Tasks.Sources.IValueTaskSource.GetResult(Int16 token)
   at System.Runtime.CompilerServices.AsyncHelpers.ValueTaskSourceContinuation.GetResult(Object source, Int16 token, Byte& result)
   at System.Runtime.CompilerServices.AsyncHelpers.ValueTaskSourceContinuation.ValueTaskSourceContinuationResume.ResumeValueTaskSourceContinuation(Continuation cont, Byte& result)
   at System.Net.Http.HttpConnectionPool.ConnectToTcpHostAsync(String host, Int32 port, HttpRequestMessage initialRequest, Boolean async, CancellationToken cancellationToken)
   --- End of inner exception stack trace ---
   at System.Net.Http.HttpConnectionPool.ConnectToTcpHostAsync(String host, Int32 port, HttpRequestMessage initialRequest, Boolean async, CancellationToken cancellationToken)
   at System.Net.Http.HttpConnectionPool.ConnectAsync(HttpRequestMessage request, Boolean async, Boolean isForHttp2, CancellationToken cancellationToken)
   at System.Net.Http.HttpConnectionPool.CreateHttp11ConnectionAsync(HttpRequestMessage request, Boolean async, CancellationToken cancellationToken)
   at System.Net.Http.HttpConnectionPool.InjectNewHttp11ConnectionAsync(QueueItem queueItem)
   at System.Runtime.CompilerServices.RuntimeAsyncTaskContinuation.GetResult[T](Task task, Byte& result)
   at System.Runtime.CompilerServices.RuntimeAsyncTaskContinuation.TaskContinuationResume.ResumeTaskContinuation(Continuation cont, Byte& result)
   at System.Threading.Tasks.TaskCompletionSourceWithCancellation`1.WaitWithCancellationAsync(CancellationToken cancellationToken)
   at System.Runtime.CompilerServices.RuntimeAsyncTaskContinuation.GetResult[T](Task task, Byte& result)
   at System.Runtime.CompilerServices.RuntimeAsyncTaskContinuation.TaskContinuationResume.ResumeTaskContinuation(Continuation cont, Byte& result)
   at System.Net.Http.HttpConnectionPool.SendWithVersionDetectionAndRetryAsync(HttpRequestMessage request, Boolean async, Boolean doRequestAuth, CancellationToken cancellationToken)
   at System.Runtime.CompilerServices.RuntimeAsyncTaskContinuation.GetResult[T](Task task, Byte& result)
   at System.Runtime.CompilerServices.RuntimeAsyncTaskContinuation.TaskContinuationResume.ResumeTaskContinuation(Continuation cont, Byte& result)
   at System.Net.Http.DiagnosticsHandler.SendAsyncCore(HttpRequestMessage request, Boolean async, CancellationToken cancellationToken)
   at System.Net.Http.RedirectHandler.SendAsync(HttpRequestMessage request, Boolean async, CancellationToken cancellationToken)
   at System.Runtime.CompilerServices.RuntimeAsyncTaskContinuation.GetResult[T](Task task, Byte& result)
   at System.Runtime.CompilerServices.RuntimeAsyncTaskContinuation.TaskContinuationResume.ResumeTaskContinuation(Continuation cont, Byte& result)
   at System.Net.Http.SocketsHttpHandler.<SendAsync>g__CreateHandlerAndSendAsync|116_0(HttpRequestMessage request, CancellationToken cancellationToken)
   at Microsoft.Extensions.Http.Logging.LoggingHttpMessageHandler.<SendCoreAsync>g__Core|4_0(HttpRequestMessage request, Boolean useAsync, CancellationToken cancellationToken)
   at Microsoft.Extensions.Http.Logging.LoggingScopeHttpMessageHandler.<SendCoreAsync>g__Core|4_0(HttpRequestMessage request, Boolean useAsync, CancellationToken cancellationToken)
2026-09-23 11:10:11.693 +05:30 [WRN] FishLink.API.Controllers.AgentGatewayController Price API unreachable for species Tuna (Yellowfin)
System.Net.Http.HttpRequestException: No connection could be made because the target machine actively refused it. (localhost:8001)
 ---> System.Net.Sockets.SocketException (10061): No connection could be made because the target machine actively refused it.
   at System.Net.Sockets.Socket.AwaitableSocketAsyncEventArgs.ThrowException(SocketError error, CancellationToken cancellationToken)
   at System.Net.Sockets.Socket.AwaitableSocketAsyncEventArgs.System.Threading.Tasks.Sources.IValueTaskSource.GetResult(Int16 token)
   at System.Runtime.CompilerServices.AsyncHelpers.ValueTaskSourceContinuation.GetResult(Object source, Int16 token, Byte& result)
   at System.Runtime.CompilerServices.AsyncHelpers.ValueTaskSourceContinuation.ValueTaskSourceContinuationResume.ResumeValueTaskSourceContinuation(Continuation cont, Byte& result)
   at System.Net.Http.HttpConnectionPool.ConnectToTcpHostAsync(String host, Int32 port, HttpRequestMessage initialRequest, Boolean async, CancellationToken cancellationToken)
   --- End of inner exception stack trace ---
   at System.Net.Http.HttpConnectionPool.ConnectToTcpHostAsync(String host, Int32 port, HttpRequestMessage initialRequest, Boolean async, CancellationToken cancellationToken)
   at System.Net.Http.HttpConnectionPool.ConnectAsync(HttpRequestMessage request, Boolean async, Boolean isForHttp2, CancellationToken cancellationToken)
   at System.Net.Http.HttpConnectionPool.CreateHttp11ConnectionAsync(HttpRequestMessage request, Boolean async, CancellationToken cancellationToken)
   at System.Net.Http.HttpConnectionPool.InjectNewHttp11ConnectionAsync(QueueItem queueItem)
   at System.Runtime.CompilerServices.RuntimeAsyncTaskContinuation.GetResult[T](Task task, Byte& result)
   at System.Runtime.CompilerServices.RuntimeAsyncTaskContinuation.TaskContinuationResume.ResumeTaskContinuation(Continuation cont, Byte& result)
   at System.Threading.Tasks.TaskCompletionSourceWithCancellation`1.WaitWithCancellationAsync(CancellationToken cancellationToken)
   at System.Runtime.CompilerServices.RuntimeAsyncTaskContinuation.GetResult[T](Task task, Byte& result)
   at System.Runtime.CompilerServices.RuntimeAsyncTaskContinuation.TaskContinuationResume.ResumeTaskContinuation(Continuation cont, Byte& result)
   at System.Net.Http.HttpConnectionPool.SendWithVersionDetectionAndRetryAsync(HttpRequestMessage request, Boolean async, Boolean doRequestAuth, CancellationToken cancellationToken)
   at System.Runtime.CompilerServices.RuntimeAsyncTaskContinuation.GetResult[T](Task task, Byte& result)
   at System.Runtime.CompilerServices.RuntimeAsyncTaskContinuation.TaskContinuationResume.ResumeTaskContinuation(Continuation cont, Byte& result)
   at System.Net.Http.DiagnosticsHandler.SendAsyncCore(HttpRequestMessage request, Boolean async, CancellationToken cancellationToken)
   at System.Net.Http.RedirectHandler.SendAsync(HttpRequestMessage request, Boolean async, CancellationToken cancellationToken)
   at System.Runtime.CompilerServices.RuntimeAsyncTaskContinuation.GetResult[T](Task task, Byte& result)
   at System.Runtime.CompilerServices.RuntimeAsyncTaskContinuation.TaskContinuationResume.ResumeTaskContinuation(Continuation cont, Byte& result)
   at System.Net.Http.SocketsHttpHandler.<SendAsync>g__CreateHandlerAndSendAsync|116_0(HttpRequestMessage request, CancellationToken cancellationToken)
   at Microsoft.Extensions.Http.Logging.LoggingHttpMessageHandler.<SendCoreAsync>g__Core|4_0(HttpRequestMessage request, Boolean useAsync, CancellationToken cancellationToken)
   at Microsoft.Extensions.Http.Logging.LoggingScopeHttpMessageHandler.<SendCoreAsync>g__Core|4_0(HttpRequestMessage request, Boolean useAsync, CancellationToken cancellationToken)
   at System.Runtime.CompilerServices.RuntimeAsyncTaskContinuation.GetResult[T](Task task, Byte& result)
   at System.Runtime.CompilerServices.RuntimeAsyncTaskContinuation.TaskContinuationResume.ResumeTaskContinuation(Continuation cont, Byte& result)
   at System.Net.Http.HttpClient.<SendAsync>g__Core|83_0(HttpRequestMessage request, HttpCompletionOption completionOption, CancellationTokenSource cts, Boolean disposeCts, CancellationTokenSource pendingRequestsCts, CancellationToken originalCancellationToken)
   at FishLink.API.Controllers.AgentGatewayController.GetPricePrediction(String species) in C:\Users\Kaveesha\Desktop\fish\FishLink.API\Controllers\AgentGatewayController.cs:line 147
2026-09-23 11:10:11.698 +05:30 [INF] Serilog.AspNetCore.RequestLoggingMiddleware HTTP GET /api/AgentGateway/prices/Tuna (Yellowfin)/predict responded 200 in 4655.381 ms
2026-09-23 11:10:11.707 +05:30 [INF] System.Net.Http.HttpClient.Default.LogicalHandler Start processing HTTP request GET http://localhost:8001/api/prices/Tuna%20%28Yellowfin%29/predict
2026-09-23 11:10:11.710 +05:30 [INF] System.Net.Http.HttpClient.Default.ClientHandler Sending HTTP request GET http://localhost:8001/api/prices/Tuna%20%28Yellowfin%29/predict
2026-09-23 11:10:15.539 +05:30 [INF] Serilog.AspNetCore.RequestLoggingMiddleware HTTP OPTIONS /api/AgentGateway/prices/Tuna (Yellowfin)/predict responded 204 in 0.721 ms
2026-09-23 11:10:15.540 +05:30 [INF] Serilog.AspNetCore.RequestLoggingMiddleware HTTP OPTIONS /api/AgentGateway/prices/Skipjack/predict responded 204 in 0.151 ms
2026-09-23 11:10:15.545 +05:30 [INF] Serilog.AspNetCore.RequestLoggingMiddleware HTTP OPTIONS /api/AgentGateway/prices/Trevally (Paraw)/predict responded 204 in 0.394 ms
2026-09-23 11:10:15.550 +05:30 [INF] Serilog.AspNetCore.RequestLoggingMiddleware HTTP OPTIONS /api/AgentGateway/prices/Mackerel/predict responded 204 in 2.702 ms
2026-09-23 11:10:15.552 +05:30 [INF] Serilog.AspNetCore.RequestLoggingMiddleware HTTP OPTIONS /api/Catches/market-stats responded 204 in 0.346 ms
2026-09-23 11:10:15.598 +05:30 [INF] Serilog.AspNetCore.RequestLoggingMiddleware HTTP GET /api/Catches/market-stats responded 200 in 37.928 ms
2026-09-23 11:10:15.691 +05:30 [INF] System.Net.Http.HttpClient.Default.ClientHandler HTTP request failed after 4066.2622ms
System.Net.Http.HttpRequestException: No connection could be made because the target machine actively refused it. (localhost:8001)
 ---> System.Net.Sockets.SocketException (10061): No connection could be made because the target machine actively refused it.
   at System.Net.Sockets.Socket.AwaitableSocketAsyncEventArgs.ThrowException(SocketError error, CancellationToken cancellationToken)
   at System.Net.Sockets.Socket.AwaitableSocketAsyncEventArgs.System.Threading.Tasks.Sources.IValueTaskSource.GetResult(Int16 token)
   at System.Runtime.CompilerServices.AsyncHelpers.ValueTaskSourceContinuation.GetResult(Object source, Int16 token, Byte& result)
   at System.Runtime.CompilerServices.AsyncHelpers.ValueTaskSourceContinuation.ValueTaskSourceContinuationResume.ResumeValueTaskSourceContinuation(Continuation cont, Byte& result)
   at System.Net.Http.HttpConnectionPool.ConnectToTcpHostAsync(String host, Int32 port, HttpRequestMessage initialRequest, Boolean async, CancellationToken cancellationToken)
   --- End of inner exception stack trace ---
   at System.Net.Http.HttpConnectionPool.ConnectToTcpHostAsync(String host, Int32 port, HttpRequestMessage initialRequest, Boolean async, CancellationToken cancellationToken)
   at System.Net.Http.HttpConnectionPool.ConnectAsync(HttpRequestMessage request, Boolean async, Boolean isForHttp2, CancellationToken cancellationToken)
   at System.Net.Http.HttpConnectionPool.CreateHttp11ConnectionAsync(HttpRequestMessage request, Boolean async, CancellationToken cancellationToken)
   at System.Net.Http.HttpConnectionPool.InjectNewHttp11ConnectionAsync(QueueItem queueItem)
   at System.Runtime.CompilerServices.RuntimeAsyncTaskContinuation.GetResult[T](Task task, Byte& result)
   at System.Runtime.CompilerServices.RuntimeAsyncTaskContinuation.TaskContinuationResume.ResumeTaskContinuation(Continuation cont, Byte& result)
   at System.Threading.Tasks.TaskCompletionSourceWithCancellation`1.WaitWithCancellationAsync(CancellationToken cancellationToken)
   at System.Runtime.CompilerServices.RuntimeAsyncTaskContinuation.GetResult[T](Task task, Byte& result)
   at System.Runtime.CompilerServices.RuntimeAsyncTaskContinuation.TaskContinuationResume.ResumeTaskContinuation(Continuation cont, Byte& result)
   at System.Net.Http.HttpConnectionPool.SendWithVersionDetectionAndRetryAsync(HttpRequestMessage request, Boolean async, Boolean doRequestAuth, CancellationToken cancellationToken)
   at System.Runtime.CompilerServices.RuntimeAsyncTaskContinuation.GetResult[T](Task task, Byte& result)
   at System.Runtime.CompilerServices.RuntimeAsyncTaskContinuation.TaskContinuationResume.ResumeTaskContinuation(Continuation cont, Byte& result)
   at System.Net.Http.DiagnosticsHandler.SendAsyncCore(HttpRequestMessage request, Boolean async, CancellationToken cancellationToken)
   at System.Net.Http.RedirectHandler.SendAsync(HttpRequestMessage request, Boolean async, CancellationToken cancellationToken)
   at Microsoft.Extensions.Http.Logging.LoggingHttpMessageHandler.<SendCoreAsync>g__Core|4_0(HttpRequestMessage request, Boolean useAsync, CancellationToken cancellationToken)
2026-09-23 11:10:15.692 +05:30 [INF] System.Net.Http.HttpClient.Default.LogicalHandler HTTP request failed after 4068.5816ms
System.Net.Http.HttpRequestException: No connection could be made because the target machine actively refused it. (localhost:8001)
 ---> System.Net.Sockets.SocketException (10061): No connection could be made because the target machine actively refused it.
   at System.Net.Sockets.Socket.AwaitableSocketAsyncEventArgs.ThrowException(SocketError error, CancellationToken cancellationToken)
   at System.Net.Sockets.Socket.AwaitableSocketAsyncEventArgs.System.Threading.Tasks.Sources.IValueTaskSource.GetResult(Int16 token)
   at System.Runtime.CompilerServices.AsyncHelpers.ValueTaskSourceContinuation.GetResult(Object source, Int16 token, Byte& result)
   at System.Runtime.CompilerServices.AsyncHelpers.ValueTaskSourceContinuation.ValueTaskSourceContinuationResume.ResumeValueTaskSourceContinuation(Continuation cont, Byte& result)
   at System.Net.Http.HttpConnectionPool.ConnectToTcpHostAsync(String host, Int32 port, HttpRequestMessage initialRequest, Boolean async, CancellationToken cancellationToken)
   --- End of inner exception stack trace ---
   at System.Net.Http.HttpConnectionPool.ConnectToTcpHostAsync(String host, Int32 port, HttpRequestMessage initialRequest, Boolean async, CancellationToken cancellationToken)
   at System.Net.Http.HttpConnectionPool.ConnectAsync(HttpRequestMessage request, Boolean async, Boolean isForHttp2, CancellationToken cancellationToken)
   at System.Net.Http.HttpConnectionPool.CreateHttp11ConnectionAsync(HttpRequestMessage request, Boolean async, CancellationToken cancellationToken)
   at System.Net.Http.HttpConnectionPool.InjectNewHttp11ConnectionAsync(QueueItem queueItem)
   at System.Runtime.CompilerServices.RuntimeAsyncTaskContinuation.GetResult[T](Task task, Byte& result)
   at System.Runtime.CompilerServices.RuntimeAsyncTaskContinuation.TaskContinuationResume.ResumeTaskContinuation(Continuation cont, Byte& result)
   at System.Threading.Tasks.TaskCompletionSourceWithCancellation`1.WaitWithCancellationAsync(CancellationToken cancellationToken)
   at System.Runtime.CompilerServices.RuntimeAsyncTaskContinuation.GetResult[T](Task task, Byte& result)
   at System.Runtime.CompilerServices.RuntimeAsyncTaskContinuation.TaskContinuationResume.ResumeTaskContinuation(Continuation cont, Byte& result)
   at System.Net.Http.HttpConnectionPool.SendWithVersionDetectionAndRetryAsync(HttpRequestMessage request, Boolean async, Boolean doRequestAuth, CancellationToken cancellationToken)
   at System.Runtime.CompilerServices.RuntimeAsyncTaskContinuation.GetResult[T](Task task, Byte& result)
   at System.Runtime.CompilerServices.RuntimeAsyncTaskContinuation.TaskContinuationResume.ResumeTaskContinuation(Continuation cont, Byte& result)
   at System.Net.Http.DiagnosticsHandler.SendAsyncCore(HttpRequestMessage request, Boolean async, CancellationToken cancellationToken)
   at System.Net.Http.RedirectHandler.SendAsync(HttpRequestMessage request, Boolean async, CancellationToken cancellationToken)
   at Microsoft.Extensions.Http.Logging.LoggingHttpMessageHandler.<SendCoreAsync>g__Core|4_0(HttpRequestMessage request, Boolean useAsync, CancellationToken cancellationToken)
   at Microsoft.Extensions.Http.Logging.LoggingScopeHttpMessageHandler.<SendCoreAsync>g__Core|4_0(HttpRequestMessage request, Boolean useAsync, CancellationToken cancellationToken)
2026-09-23 11:10:15.695 +05:30 [WRN] FishLink.API.Controllers.AgentGatewayController Price API unreachable for species Mackerel
System.Net.Http.HttpRequestException: No connection could be made because the target machine actively refused it. (localhost:8001)
 ---> System.Net.Sockets.SocketException (10061): No connection could be made because the target machine actively refused it.
   at System.Net.Sockets.Socket.AwaitableSocketAsyncEventArgs.ThrowException(SocketError error, CancellationToken cancellationToken)
   at System.Net.Sockets.Socket.AwaitableSocketAsyncEventArgs.System.Threading.Tasks.Sources.IValueTaskSource.GetResult(Int16 token)
   at System.Runtime.CompilerServices.AsyncHelpers.ValueTaskSourceContinuation.GetResult(Object source, Int16 token, Byte& result)
   at System.Runtime.CompilerServices.AsyncHelpers.ValueTaskSourceContinuation.ValueTaskSourceContinuationResume.ResumeValueTaskSourceContinuation(Continuation cont, Byte& result)
   at System.Net.Http.HttpConnectionPool.ConnectToTcpHostAsync(String host, Int32 port, HttpRequestMessage initialRequest, Boolean async, CancellationToken cancellationToken)
   --- End of inner exception stack trace ---
   at System.Net.Http.HttpConnectionPool.ConnectToTcpHostAsync(String host, Int32 port, HttpRequestMessage initialRequest, Boolean async, CancellationToken cancellationToken)
   at System.Net.Http.HttpConnectionPool.ConnectAsync(HttpRequestMessage request, Boolean async, Boolean isForHttp2, CancellationToken cancellationToken)
   at System.Net.Http.HttpConnectionPool.CreateHttp11ConnectionAsync(HttpRequestMessage request, Boolean async, CancellationToken cancellationToken)
   at System.Net.Http.HttpConnectionPool.InjectNewHttp11ConnectionAsync(QueueItem queueItem)
   at System.Runtime.CompilerServices.RuntimeAsyncTaskContinuation.GetResult[T](Task task, Byte& result)
   at System.Runtime.CompilerServices.RuntimeAsyncTaskContinuation.TaskContinuationResume.ResumeTaskContinuation(Continuation cont, Byte& result)
   at System.Threading.Tasks.TaskCompletionSourceWithCancellation`1.WaitWithCancellationAsync(CancellationToken cancellationToken)
   at System.Runtime.CompilerServices.RuntimeAsyncTaskContinuation.GetResult[T](Task task, Byte& result)
   at System.Runtime.CompilerServices.RuntimeAsyncTaskContinuation.TaskContinuationResume.ResumeTaskContinuation(Continuation cont, Byte& result)
   at System.Net.Http.HttpConnectionPool.SendWithVersionDetectionAndRetryAsync(HttpRequestMessage request, Boolean async, Boolean doRequestAuth, CancellationToken cancellationToken)
   at System.Runtime.CompilerServices.RuntimeAsyncTaskContinuation.GetResult[T](Task task, Byte& result)
   at System.Runtime.CompilerServices.RuntimeAsyncTaskContinuation.TaskContinuationResume.ResumeTaskContinuation(Continuation cont, Byte& result)
   at System.Net.Http.DiagnosticsHandler.SendAsyncCore(HttpRequestMessage request, Boolean async, CancellationToken cancellationToken)
   at System.Net.Http.RedirectHandler.SendAsync(HttpRequestMessage request, Boolean async, CancellationToken cancellationToken)
   at Microsoft.Extensions.Http.Logging.LoggingHttpMessageHandler.<SendCoreAsync>g__Core|4_0(HttpRequestMessage request, Boolean useAsync, CancellationToken cancellationToken)
   at Microsoft.Extensions.Http.Logging.LoggingScopeHttpMessageHandler.<SendCoreAsync>g__Core|4_0(HttpRequestMessage request, Boolean useAsync, CancellationToken cancellationToken)
   at System.Runtime.CompilerServices.RuntimeAsyncTaskContinuation.GetResult[T](Task task, Byte& result)
   at System.Runtime.CompilerServices.RuntimeAsyncTaskContinuation.TaskContinuationResume.ResumeTaskContinuation(Continuation cont, Byte& result)
   at System.Net.Http.HttpClient.<SendAsync>g__Core|83_0(HttpRequestMessage request, HttpCompletionOption completionOption, CancellationTokenSource cts, Boolean disposeCts, CancellationTokenSource pendingRequestsCts, CancellationToken originalCancellationToken)
   at FishLink.API.Controllers.AgentGatewayController.GetPricePrediction(String species) in C:\Users\Kaveesha\Desktop\fish\FishLink.API\Controllers\AgentGatewayController.cs:line 147
2026-09-23 11:10:15.697 +05:30 [INF] Serilog.AspNetCore.RequestLoggingMiddleware HTTP GET /api/AgentGateway/prices/Mackerel/predict responded 200 in 4075.066 ms
2026-09-23 11:10:15.703 +05:30 [INF] System.Net.Http.HttpClient.Default.ClientHandler HTTP request failed after 4072.1236ms
System.Net.Http.HttpRequestException: No connection could be made because the target machine actively refused it. (localhost:8001)
 ---> System.Net.Sockets.SocketException (10061): No connection could be made because the target machine actively refused it.
   at System.Net.Sockets.Socket.AwaitableSocketAsyncEventArgs.ThrowException(SocketError error, CancellationToken cancellationToken)
   at System.Net.Sockets.Socket.AwaitableSocketAsyncEventArgs.System.Threading.Tasks.Sources.IValueTaskSource.GetResult(Int16 token)
   at System.Runtime.CompilerServices.AsyncHelpers.ValueTaskSourceContinuation.GetResult(Object source, Int16 token, Byte& result)
   at System.Runtime.CompilerServices.AsyncHelpers.ValueTaskSourceContinuation.ValueTaskSourceContinuationResume.ResumeValueTaskSourceContinuation(Continuation cont, Byte& result)
   at System.Net.Http.HttpConnectionPool.ConnectToTcpHostAsync(String host, Int32 port, HttpRequestMessage initialRequest, Boolean async, CancellationToken cancellationToken)
   --- End of inner exception stack trace ---
   at System.Net.Http.HttpConnectionPool.ConnectToTcpHostAsync(String host, Int32 port, HttpRequestMessage initialRequest, Boolean async, CancellationToken cancellationToken)
   at System.Net.Http.HttpConnectionPool.ConnectAsync(HttpRequestMessage request, Boolean async, Boolean isForHttp2, CancellationToken cancellationToken)
   at System.Net.Http.HttpConnectionPool.CreateHttp11ConnectionAsync(HttpRequestMessage request, Boolean async, CancellationToken cancellationToken)
   at System.Net.Http.HttpConnectionPool.InjectNewHttp11ConnectionAsync(QueueItem queueItem)
   at System.Runtime.CompilerServices.RuntimeAsyncTaskContinuation.GetResult[T](Task task, Byte& result)
   at System.Runtime.CompilerServices.RuntimeAsyncTaskContinuation.TaskContinuationResume.ResumeTaskContinuation(Continuation cont, Byte& result)
   at System.Threading.Tasks.TaskCompletionSourceWithCancellation`1.WaitWithCancellationAsync(CancellationToken cancellationToken)
   at System.Runtime.CompilerServices.RuntimeAsyncTaskContinuation.GetResult[T](Task task, Byte& result)
   at System.Runtime.CompilerServices.RuntimeAsyncTaskContinuation.TaskContinuationResume.ResumeTaskContinuation(Continuation cont, Byte& result)
   at System.Net.Http.HttpConnectionPool.SendWithVersionDetectionAndRetryAsync(HttpRequestMessage request, Boolean async, Boolean doRequestAuth, CancellationToken cancellationToken)
   at System.Runtime.CompilerServices.RuntimeAsyncTaskContinuation.GetResult[T](Task task, Byte& result)
   at System.Runtime.CompilerServices.RuntimeAsyncTaskContinuation.TaskContinuationResume.ResumeTaskContinuation(Continuation cont, Byte& result)
   at System.Net.Http.DiagnosticsHandler.SendAsyncCore(HttpRequestMessage request, Boolean async, CancellationToken cancellationToken)
   at System.Net.Http.RedirectHandler.SendAsync(HttpRequestMessage request, Boolean async, CancellationToken cancellationToken)
   at Microsoft.Extensions.Http.Logging.LoggingHttpMessageHandler.<SendCoreAsync>g__Core|4_0(HttpRequestMessage request, Boolean useAsync, CancellationToken cancellationToken)
2026-09-23 11:10:15.703 +05:30 [INF] System.Net.Http.HttpClient.Default.LogicalHandler Start processing HTTP request GET http://localhost:8001/api/prices/Mackerel/predict
2026-09-23 11:10:15.703 +05:30 [INF] System.Net.Http.HttpClient.Default.LogicalHandler HTTP request failed after 4073.131ms
System.Net.Http.HttpRequestException: No connection could be made because the target machine actively refused it. (localhost:8001)
 ---> System.Net.Sockets.SocketException (10061): No connection could be made because the target machine actively refused it.
   at System.Net.Sockets.Socket.AwaitableSocketAsyncEventArgs.ThrowException(SocketError error, CancellationToken cancellationToken)
   at System.Net.Sockets.Socket.AwaitableSocketAsyncEventArgs.System.Threading.Tasks.Sources.IValueTaskSource.GetResult(Int16 token)
   at System.Runtime.CompilerServices.AsyncHelpers.ValueTaskSourceContinuation.GetResult(Object source, Int16 token, Byte& result)
   at System.Runtime.CompilerServices.AsyncHelpers.ValueTaskSourceContinuation.ValueTaskSourceContinuationResume.ResumeValueTaskSourceContinuation(Continuation cont, Byte& result)
   at System.Net.Http.HttpConnectionPool.ConnectToTcpHostAsync(String host, Int32 port, HttpRequestMessage initialRequest, Boolean async, CancellationToken cancellationToken)
   --- End of inner exception stack trace ---
   at System.Net.Http.HttpConnectionPool.ConnectToTcpHostAsync(String host, Int32 port, HttpRequestMessage initialRequest, Boolean async, CancellationToken cancellationToken)
   at System.Net.Http.HttpConnectionPool.ConnectAsync(HttpRequestMessage request, Boolean async, Boolean isForHttp2, CancellationToken cancellationToken)
   at System.Net.Http.HttpConnectionPool.CreateHttp11ConnectionAsync(HttpRequestMessage request, Boolean async, CancellationToken cancellationToken)
   at System.Net.Http.HttpConnectionPool.InjectNewHttp11ConnectionAsync(QueueItem queueItem)
   at System.Runtime.CompilerServices.RuntimeAsyncTaskContinuation.GetResult[T](Task task, Byte& result)
   at System.Runtime.CompilerServices.RuntimeAsyncTaskContinuation.TaskContinuationResume.ResumeTaskContinuation(Continuation cont, Byte& result)
   at System.Threading.Tasks.TaskCompletionSourceWithCancellation`1.WaitWithCancellationAsync(CancellationToken cancellationToken)
   at System.Runtime.CompilerServices.RuntimeAsyncTaskContinuation.GetResult[T](Task task, Byte& result)
   at System.Runtime.CompilerServices.RuntimeAsyncTaskContinuation.TaskContinuationResume.ResumeTaskContinuation(Continuation cont, Byte& result)
   at System.Net.Http.HttpConnectionPool.SendWithVersionDetectionAndRetryAsync(HttpRequestMessage request, Boolean async, Boolean doRequestAuth, CancellationToken cancellationToken)
   at System.Runtime.CompilerServices.RuntimeAsyncTaskContinuation.GetResult[T](Task task, Byte& result)
   at System.Runtime.CompilerServices.RuntimeAsyncTaskContinuation.TaskContinuationResume.ResumeTaskContinuation(Continuation cont, Byte& result)
   at System.Net.Http.DiagnosticsHandler.SendAsyncCore(HttpRequestMessage request, Boolean async, CancellationToken cancellationToken)
   at System.Net.Http.RedirectHandler.SendAsync(HttpRequestMessage request, Boolean async, CancellationToken cancellationToken)
   at Microsoft.Extensions.Http.Logging.LoggingHttpMessageHandler.<SendCoreAsync>g__Core|4_0(HttpRequestMessage request, Boolean useAsync, CancellationToken cancellationToken)
   at Microsoft.Extensions.Http.Logging.LoggingScopeHttpMessageHandler.<SendCoreAsync>g__Core|4_0(HttpRequestMessage request, Boolean useAsync, CancellationToken cancellationToken)
2026-09-23 11:10:15.704 +05:30 [INF] System.Net.Http.HttpClient.Default.ClientHandler Sending HTTP request GET http://localhost:8001/api/prices/Mackerel/predict
2026-09-23 11:10:15.706 +05:30 [WRN] FishLink.API.Controllers.AgentGatewayController Price API unreachable for species Skipjack
System.Net.Http.HttpRequestException: No connection could be made because the target machine actively refused it. (localhost:8001)
 ---> System.Net.Sockets.SocketException (10061): No connection could be made because the target machine actively refused it.
   at System.Net.Sockets.Socket.AwaitableSocketAsyncEventArgs.ThrowException(SocketError error, CancellationToken cancellationToken)
   at System.Net.Sockets.Socket.AwaitableSocketAsyncEventArgs.System.Threading.Tasks.Sources.IValueTaskSource.GetResult(Int16 token)
   at System.Runtime.CompilerServices.AsyncHelpers.ValueTaskSourceContinuation.GetResult(Object source, Int16 token, Byte& result)
   at System.Runtime.CompilerServices.AsyncHelpers.ValueTaskSourceContinuation.ValueTaskSourceContinuationResume.ResumeValueTaskSourceContinuation(Continuation cont, Byte& result)
   at System.Net.Http.HttpConnectionPool.ConnectToTcpHostAsync(String host, Int32 port, HttpRequestMessage initialRequest, Boolean async, CancellationToken cancellationToken)
   --- End of inner exception stack trace ---
   at System.Net.Http.HttpConnectionPool.ConnectToTcpHostAsync(String host, Int32 port, HttpRequestMessage initialRequest, Boolean async, CancellationToken cancellationToken)
   at System.Net.Http.HttpConnectionPool.ConnectAsync(HttpRequestMessage request, Boolean async, Boolean isForHttp2, CancellationToken cancellationToken)
   at System.Net.Http.HttpConnectionPool.CreateHttp11ConnectionAsync(HttpRequestMessage request, Boolean async, CancellationToken cancellationToken)
   at System.Net.Http.HttpConnectionPool.InjectNewHttp11ConnectionAsync(QueueItem queueItem)
   at System.Runtime.CompilerServices.RuntimeAsyncTaskContinuation.GetResult[T](Task task, Byte& result)
   at System.Runtime.CompilerServices.RuntimeAsyncTaskContinuation.TaskContinuationResume.ResumeTaskContinuation(Continuation cont, Byte& result)
   at System.Threading.Tasks.TaskCompletionSourceWithCancellation`1.WaitWithCancellationAsync(CancellationToken cancellationToken)
   at System.Runtime.CompilerServices.RuntimeAsyncTaskContinuation.GetResult[T](Task task, Byte& result)
   at System.Runtime.CompilerServices.RuntimeAsyncTaskContinuation.TaskContinuationResume.ResumeTaskContinuation(Continuation cont, Byte& result)
   at System.Net.Http.HttpConnectionPool.SendWithVersionDetectionAndRetryAsync(HttpRequestMessage request, Boolean async, Boolean doRequestAuth, CancellationToken cancellationToken)
   at System.Runtime.CompilerServices.RuntimeAsyncTaskContinuation.GetResult[T](Task task, Byte& result)
   at System.Runtime.CompilerServices.RuntimeAsyncTaskContinuation.TaskContinuationResume.ResumeTaskContinuation(Continuation cont, Byte& result)
   at System.Net.Http.DiagnosticsHandler.SendAsyncCore(HttpRequestMessage request, Boolean async, CancellationToken cancellationToken)
   at System.Net.Http.RedirectHandler.SendAsync(HttpRequestMessage request, Boolean async, CancellationToken cancellationToken)
   at Microsoft.Extensions.Http.Logging.LoggingHttpMessageHandler.<SendCoreAsync>g__Core|4_0(HttpRequestMessage request, Boolean useAsync, CancellationToken cancellationToken)
   at Microsoft.Extensions.Http.Logging.LoggingScopeHttpMessageHandler.<SendCoreAsync>g__Core|4_0(HttpRequestMessage request, Boolean useAsync, CancellationToken cancellationToken)
   at System.Runtime.CompilerServices.RuntimeAsyncTaskContinuation.GetResult[T](Task task, Byte& result)
   at System.Runtime.CompilerServices.RuntimeAsyncTaskContinuation.TaskContinuationResume.ResumeTaskContinuation(Continuation cont, Byte& result)
   at System.Net.Http.HttpClient.<SendAsync>g__Core|83_0(HttpRequestMessage request, HttpCompletionOption completionOption, CancellationTokenSource cts, Boolean disposeCts, CancellationTokenSource pendingRequestsCts, CancellationToken originalCancellationToken)
   at FishLink.API.Controllers.AgentGatewayController.GetPricePrediction(String species) in C:\Users\Kaveesha\Desktop\fish\FishLink.API\Controllers\AgentGatewayController.cs:line 147
2026-09-23 11:10:15.708 +05:30 [INF] Serilog.AspNetCore.RequestLoggingMiddleware HTTP GET /api/AgentGateway/prices/Skipjack/predict responded 200 in 4080.451 ms
2026-09-23 11:10:15.712 +05:30 [INF] System.Net.Http.HttpClient.Default.LogicalHandler Start processing HTTP request GET http://localhost:8001/api/prices/Skipjack/predict
2026-09-23 11:10:15.713 +05:30 [INF] System.Net.Http.HttpClient.Default.ClientHandler Sending HTTP request GET http://localhost:8001/api/prices/Skipjack/predict
2026-09-23 11:10:15.719 +05:30 [INF] System.Net.Http.HttpClient.Default.ClientHandler HTTP request failed after 4093.1346ms
System.Net.Http.HttpRequestException: No connection could be made because the target machine actively refused it. (localhost:8001)
 ---> System.Net.Sockets.SocketException (10061): No connection could be made because the target machine actively refused it.
   at System.Net.Sockets.Socket.AwaitableSocketAsyncEventArgs.ThrowException(SocketError error, CancellationToken cancellationToken)
   at System.Net.Sockets.Socket.AwaitableSocketAsyncEventArgs.System.Threading.Tasks.Sources.IValueTaskSource.GetResult(Int16 token)
   at System.Runtime.CompilerServices.AsyncHelpers.ValueTaskSourceContinuation.GetResult(Object source, Int16 token, Byte& result)
   at System.Runtime.CompilerServices.AsyncHelpers.ValueTaskSourceContinuation.ValueTaskSourceContinuationResume.ResumeValueTaskSourceContinuation(Continuation cont, Byte& result)
   at System.Net.Http.HttpConnectionPool.ConnectToTcpHostAsync(String host, Int32 port, HttpRequestMessage initialRequest, Boolean async, CancellationToken cancellationToken)
   --- End of inner exception stack trace ---
   at System.Net.Http.HttpConnectionPool.ConnectToTcpHostAsync(String host, Int32 port, HttpRequestMessage initialRequest, Boolean async, CancellationToken cancellationToken)
   at System.Net.Http.HttpConnectionPool.ConnectAsync(HttpRequestMessage request, Boolean async, Boolean isForHttp2, CancellationToken cancellationToken)
   at System.Net.Http.HttpConnectionPool.CreateHttp11ConnectionAsync(HttpRequestMessage request, Boolean async, CancellationToken cancellationToken)
   at System.Net.Http.HttpConnectionPool.InjectNewHttp11ConnectionAsync(QueueItem queueItem)
   at System.Runtime.CompilerServices.RuntimeAsyncTaskContinuation.GetResult[T](Task task, Byte& result)
   at System.Runtime.CompilerServices.RuntimeAsyncTaskContinuation.TaskContinuationResume.ResumeTaskContinuation(Continuation cont, Byte& result)
   at System.Threading.Tasks.TaskCompletionSourceWithCancellation`1.WaitWithCancellationAsync(CancellationToken cancellationToken)
   at System.Runtime.CompilerServices.RuntimeAsyncTaskContinuation.GetResult[T](Task task, Byte& result)
   at System.Runtime.CompilerServices.RuntimeAsyncTaskContinuation.TaskContinuationResume.ResumeTaskContinuation(Continuation cont, Byte& result)
   at System.Net.Http.HttpConnectionPool.SendWithVersionDetectionAndRetryAsync(HttpRequestMessage request, Boolean async, Boolean doRequestAuth, CancellationToken cancellationToken)
   at System.Runtime.CompilerServices.RuntimeAsyncTaskContinuation.GetResult[T](Task task, Byte& result)
   at System.Runtime.CompilerServices.RuntimeAsyncTaskContinuation.TaskContinuationResume.ResumeTaskContinuation(Continuation cont, Byte& result)
   at System.Net.Http.DiagnosticsHandler.SendAsyncCore(HttpRequestMessage request, Boolean async, CancellationToken cancellationToken)
   at System.Net.Http.RedirectHandler.SendAsync(HttpRequestMessage request, Boolean async, CancellationToken cancellationToken)
   at Microsoft.Extensions.Http.Logging.LoggingHttpMessageHandler.<SendCoreAsync>g__Core|4_0(HttpRequestMessage request, Boolean useAsync, CancellationToken cancellationToken)
2026-09-23 11:10:15.720 +05:30 [INF] System.Net.Http.HttpClient.Default.LogicalHandler HTTP request failed after 4094.9461ms
System.Net.Http.HttpRequestException: No connection could be made because the target machine actively refused it. (localhost:8001)
 ---> System.Net.Sockets.SocketException (10061): No connection could be made because the target machine actively refused it.
   at System.Net.Sockets.Socket.AwaitableSocketAsyncEventArgs.ThrowException(SocketError error, CancellationToken cancellationToken)
   at System.Net.Sockets.Socket.AwaitableSocketAsyncEventArgs.System.Threading.Tasks.Sources.IValueTaskSource.GetResult(Int16 token)
   at System.Runtime.CompilerServices.AsyncHelpers.ValueTaskSourceContinuation.GetResult(Object source, Int16 token, Byte& result)
   at System.Runtime.CompilerServices.AsyncHelpers.ValueTaskSourceContinuation.ValueTaskSourceContinuationResume.ResumeValueTaskSourceContinuation(Continuation cont, Byte& result)
   at System.Net.Http.HttpConnectionPool.ConnectToTcpHostAsync(String host, Int32 port, HttpRequestMessage initialRequest, Boolean async, CancellationToken cancellationToken)
   --- End of inner exception stack trace ---
   at System.Net.Http.HttpConnectionPool.ConnectToTcpHostAsync(String host, Int32 port, HttpRequestMessage initialRequest, Boolean async, CancellationToken cancellationToken)
   at System.Net.Http.HttpConnectionPool.ConnectAsync(HttpRequestMessage request, Boolean async, Boolean isForHttp2, CancellationToken cancellationToken)
   at System.Net.Http.HttpConnectionPool.CreateHttp11ConnectionAsync(HttpRequestMessage request, Boolean async, CancellationToken cancellationToken)
   at System.Net.Http.HttpConnectionPool.InjectNewHttp11ConnectionAsync(QueueItem queueItem)
   at System.Runtime.CompilerServices.RuntimeAsyncTaskContinuation.GetResult[T](Task task, Byte& result)
   at System.Runtime.CompilerServices.RuntimeAsyncTaskContinuation.TaskContinuationResume.ResumeTaskContinuation(Continuation cont, Byte& result)
   at System.Threading.Tasks.TaskCompletionSourceWithCancellation`1.WaitWithCancellationAsync(CancellationToken cancellationToken)
   at System.Runtime.CompilerServices.RuntimeAsyncTaskContinuation.GetResult[T](Task task, Byte& result)
   at System.Runtime.CompilerServices.RuntimeAsyncTaskContinuation.TaskContinuationResume.ResumeTaskContinuation(Continuation cont, Byte& result)
   at System.Net.Http.HttpConnectionPool.SendWithVersionDetectionAndRetryAsync(HttpRequestMessage request, Boolean async, Boolean doRequestAuth, CancellationToken cancellationToken)
   at System.Runtime.CompilerServices.RuntimeAsyncTaskContinuation.GetResult[T](Task task, Byte& result)
   at System.Runtime.CompilerServices.RuntimeAsyncTaskContinuation.TaskContinuationResume.ResumeTaskContinuation(Continuation cont, Byte& result)
   at System.Net.Http.DiagnosticsHandler.SendAsyncCore(HttpRequestMessage request, Boolean async, CancellationToken cancellationToken)
   at System.Net.Http.RedirectHandler.SendAsync(HttpRequestMessage request, Boolean async, CancellationToken cancellationToken)
   at Microsoft.Extensions.Http.Logging.LoggingHttpMessageHandler.<SendCoreAsync>g__Core|4_0(HttpRequestMessage request, Boolean useAsync, CancellationToken cancellationToken)
   at Microsoft.Extensions.Http.Logging.LoggingScopeHttpMessageHandler.<SendCoreAsync>g__Core|4_0(HttpRequestMessage request, Boolean useAsync, CancellationToken cancellationToken)
2026-09-23 11:10:15.735 +05:30 [WRN] FishLink.API.Controllers.AgentGatewayController Price API unreachable for species Trevally (Paraw)
System.Net.Http.HttpRequestException: No connection could be made because the target machine actively refused it. (localhost:8001)
 ---> System.Net.Sockets.SocketException (10061): No connection could be made because the target machine actively refused it.
   at System.Net.Sockets.Socket.AwaitableSocketAsyncEventArgs.ThrowException(SocketError error, CancellationToken cancellationToken)
   at System.Net.Sockets.Socket.AwaitableSocketAsyncEventArgs.System.Threading.Tasks.Sources.IValueTaskSource.GetResult(Int16 token)
   at System.Runtime.CompilerServices.AsyncHelpers.ValueTaskSourceContinuation.GetResult(Object source, Int16 token, Byte& result)
   at System.Runtime.CompilerServices.AsyncHelpers.ValueTaskSourceContinuation.ValueTaskSourceContinuationResume.ResumeValueTaskSourceContinuation(Continuation cont, Byte& result)
   at System.Net.Http.HttpConnectionPool.ConnectToTcpHostAsync(String host, Int32 port, HttpRequestMessage initialRequest, Boolean async, CancellationToken cancellationToken)
   --- End of inner exception stack trace ---
   at System.Net.Http.HttpConnectionPool.ConnectToTcpHostAsync(String host, Int32 port, HttpRequestMessage initialRequest, Boolean async, CancellationToken cancellationToken)
   at System.Net.Http.HttpConnectionPool.ConnectAsync(HttpRequestMessage request, Boolean async, Boolean isForHttp2, CancellationToken cancellationToken)
   at System.Net.Http.HttpConnectionPool.CreateHttp11ConnectionAsync(HttpRequestMessage request, Boolean async, CancellationToken cancellationToken)
   at System.Net.Http.HttpConnectionPool.InjectNewHttp11ConnectionAsync(QueueItem queueItem)
   at System.Runtime.CompilerServices.RuntimeAsyncTaskContinuation.GetResult[T](Task task, Byte& result)
   at System.Runtime.CompilerServices.RuntimeAsyncTaskContinuation.TaskContinuationResume.ResumeTaskContinuation(Continuation cont, Byte& result)
   at System.Threading.Tasks.TaskCompletionSourceWithCancellation`1.WaitWithCancellationAsync(CancellationToken cancellationToken)
   at System.Runtime.CompilerServices.RuntimeAsyncTaskContinuation.GetResult[T](Task task, Byte& result)
   at System.Runtime.CompilerServices.RuntimeAsyncTaskContinuation.TaskContinuationResume.ResumeTaskContinuation(Continuation cont, Byte& result)
   at System.Net.Http.HttpConnectionPool.SendWithVersionDetectionAndRetryAsync(HttpRequestMessage request, Boolean async, Boolean doRequestAuth, CancellationToken cancellationToken)
   at System.Runtime.CompilerServices.RuntimeAsyncTaskContinuation.GetResult[T](Task task, Byte& result)
   at System.Runtime.CompilerServices.RuntimeAsyncTaskContinuation.TaskContinuationResume.ResumeTaskContinuation(Continuation cont, Byte& result)
   at System.Net.Http.DiagnosticsHandler.SendAsyncCore(HttpRequestMessage request, Boolean async, CancellationToken cancellationToken)
   at System.Net.Http.RedirectHandler.SendAsync(HttpRequestMessage request, Boolean async, CancellationToken cancellationToken)
   at Microsoft.Extensions.Http.Logging.LoggingHttpMessageHandler.<SendCoreAsync>g__Core|4_0(HttpRequestMessage request, Boolean useAsync, CancellationToken cancellationToken)
   at Microsoft.Extensions.Http.Logging.LoggingScopeHttpMessageHandler.<SendCoreAsync>g__Core|4_0(HttpRequestMessage request, Boolean useAsync, CancellationToken cancellationToken)
   at System.Runtime.CompilerServices.RuntimeAsyncTaskContinuation.GetResult[T](Task task, Byte& result)
   at System.Runtime.CompilerServices.RuntimeAsyncTaskContinuation.TaskContinuationResume.ResumeTaskContinuation(Continuation cont, Byte& result)
   at System.Net.Http.HttpClient.<SendAsync>g__Core|83_0(HttpRequestMessage request, HttpCompletionOption completionOption, CancellationTokenSource cts, Boolean disposeCts, CancellationTokenSource pendingRequestsCts, CancellationToken originalCancellationToken)
   at FishLink.API.Controllers.AgentGatewayController.GetPricePrediction(String species) in C:\Users\Kaveesha\Desktop\fish\FishLink.API\Controllers\AgentGatewayController.cs:line 147
2026-09-23 11:10:15.741 +05:30 [INF] Serilog.AspNetCore.RequestLoggingMiddleware HTTP GET /api/AgentGateway/prices/Trevally (Paraw)/predict responded 200 in 4117.928 ms
2026-09-23 11:10:15.745 +05:30 [INF] System.Net.Http.HttpClient.Default.LogicalHandler Start processing HTTP request GET http://localhost:8001/api/prices/Trevally%20%28Paraw%29/predict
2026-09-23 11:10:15.745 +05:30 [INF] System.Net.Http.HttpClient.Default.ClientHandler Sending HTTP request GET http://localhost:8001/api/prices/Trevally%20%28Paraw%29/predict
2026-09-23 11:10:15.780 +05:30 [INF] System.Net.Http.HttpClient.Default.ClientHandler HTTP request failed after 4070.2329ms
System.Net.Http.HttpRequestException: No connection could be made because the target machine actively refused it. (localhost:8001)
 ---> System.Net.Sockets.SocketException (10061): No connection could be made because the target machine actively refused it.
   at System.Net.Sockets.Socket.AwaitableSocketAsyncEventArgs.ThrowException(SocketError error, CancellationToken cancellationToken)
   at System.Net.Sockets.Socket.AwaitableSocketAsyncEventArgs.System.Threading.Tasks.Sources.IValueTaskSource.GetResult(Int16 token)
   at System.Runtime.CompilerServices.AsyncHelpers.ValueTaskSourceContinuation.GetResult(Object source, Int16 token, Byte& result)
   at System.Runtime.CompilerServices.AsyncHelpers.ValueTaskSourceContinuation.ValueTaskSourceContinuationResume.ResumeValueTaskSourceContinuation(Continuation cont, Byte& result)
   at System.Net.Http.HttpConnectionPool.ConnectToTcpHostAsync(String host, Int32 port, HttpRequestMessage initialRequest, Boolean async, CancellationToken cancellationToken)
   --- End of inner exception stack trace ---
   at System.Net.Http.HttpConnectionPool.ConnectToTcpHostAsync(String host, Int32 port, HttpRequestMessage initialRequest, Boolean async, CancellationToken cancellationToken)
   at System.Net.Http.HttpConnectionPool.ConnectAsync(HttpRequestMessage request, Boolean async, Boolean isForHttp2, CancellationToken cancellationToken)
   at System.Net.Http.HttpConnectionPool.CreateHttp11ConnectionAsync(HttpRequestMessage request, Boolean async, CancellationToken cancellationToken)
   at System.Net.Http.HttpConnectionPool.InjectNewHttp11ConnectionAsync(QueueItem queueItem)
   at System.Runtime.CompilerServices.RuntimeAsyncTaskContinuation.GetResult[T](Task task, Byte& result)
   at System.Runtime.CompilerServices.RuntimeAsyncTaskContinuation.TaskContinuationResume.ResumeTaskContinuation(Continuation cont, Byte& result)
   at System.Threading.Tasks.TaskCompletionSourceWithCancellation`1.WaitWithCancellationAsync(CancellationToken cancellationToken)
   at System.Runtime.CompilerServices.RuntimeAsyncTaskContinuation.GetResult[T](Task task, Byte& result)
   at System.Runtime.CompilerServices.RuntimeAsyncTaskContinuation.TaskContinuationResume.ResumeTaskContinuation(Continuation cont, Byte& result)
   at System.Net.Http.HttpConnectionPool.SendWithVersionDetectionAndRetryAsync(HttpRequestMessage request, Boolean async, Boolean doRequestAuth, CancellationToken cancellationToken)
   at System.Runtime.CompilerServices.RuntimeAsyncTaskContinuation.GetResult[T](Task task, Byte& result)
   at System.Runtime.CompilerServices.RuntimeAsyncTaskContinuation.TaskContinuationResume.ResumeTaskContinuation(Continuation cont, Byte& result)
   at System.Net.Http.DiagnosticsHandler.SendAsyncCore(HttpRequestMessage request, Boolean async, CancellationToken cancellationToken)
   at System.Net.Http.RedirectHandler.SendAsync(HttpRequestMessage request, Boolean async, CancellationToken cancellationToken)
   at Microsoft.Extensions.Http.Logging.LoggingHttpMessageHandler.<SendCoreAsync>g__Core|4_0(HttpRequestMessage request, Boolean useAsync, CancellationToken cancellationToken)
2026-09-23 11:10:15.781 +05:30 [INF] System.Net.Http.HttpClient.Default.LogicalHandler HTTP request failed after 4074.0671ms
System.Net.Http.HttpRequestException: No connection could be made because the target machine actively refused it. (localhost:8001)
 ---> System.Net.Sockets.SocketException (10061): No connection could be made because the target machine actively refused it.
   at System.Net.Sockets.Socket.AwaitableSocketAsyncEventArgs.ThrowException(SocketError error, CancellationToken cancellationToken)
   at System.Net.Sockets.Socket.AwaitableSocketAsyncEventArgs.System.Threading.Tasks.Sources.IValueTaskSource.GetResult(Int16 token)
   at System.Runtime.CompilerServices.AsyncHelpers.ValueTaskSourceContinuation.GetResult(Object source, Int16 token, Byte& result)
   at System.Runtime.CompilerServices.AsyncHelpers.ValueTaskSourceContinuation.ValueTaskSourceContinuationResume.ResumeValueTaskSourceContinuation(Continuation cont, Byte& result)
   at System.Net.Http.HttpConnectionPool.ConnectToTcpHostAsync(String host, Int32 port, HttpRequestMessage initialRequest, Boolean async, CancellationToken cancellationToken)
   --- End of inner exception stack trace ---
   at System.Net.Http.HttpConnectionPool.ConnectToTcpHostAsync(String host, Int32 port, HttpRequestMessage initialRequest, Boolean async, CancellationToken cancellationToken)
   at System.Net.Http.HttpConnectionPool.ConnectAsync(HttpRequestMessage request, Boolean async, Boolean isForHttp2, CancellationToken cancellationToken)
   at System.Net.Http.HttpConnectionPool.CreateHttp11ConnectionAsync(HttpRequestMessage request, Boolean async, CancellationToken cancellationToken)
   at System.Net.Http.HttpConnectionPool.InjectNewHttp11ConnectionAsync(QueueItem queueItem)
   at System.Runtime.CompilerServices.RuntimeAsyncTaskContinuation.GetResult[T](Task task, Byte& result)
   at System.Runtime.CompilerServices.RuntimeAsyncTaskContinuation.TaskContinuationResume.ResumeTaskContinuation(Continuation cont, Byte& result)
   at System.Threading.Tasks.TaskCompletionSourceWithCancellation`1.WaitWithCancellationAsync(CancellationToken cancellationToken)
   at System.Runtime.CompilerServices.RuntimeAsyncTaskContinuation.GetResult[T](Task task, Byte& result)
   at System.Runtime.CompilerServices.RuntimeAsyncTaskContinuation.TaskContinuationResume.ResumeTaskContinuation(Continuation cont, Byte& result)
   at System.Net.Http.HttpConnectionPool.SendWithVersionDetectionAndRetryAsync(HttpRequestMessage request, Boolean async, Boolean doRequestAuth, CancellationToken cancellationToken)
   at System.Runtime.CompilerServices.RuntimeAsyncTaskContinuation.GetResult[T](Task task, Byte& result)
   at System.Runtime.CompilerServices.RuntimeAsyncTaskContinuation.TaskContinuationResume.ResumeTaskContinuation(Continuation cont, Byte& result)
   at System.Net.Http.DiagnosticsHandler.SendAsyncCore(HttpRequestMessage request, Boolean async, CancellationToken cancellationToken)
   at System.Net.Http.RedirectHandler.SendAsync(HttpRequestMessage request, Boolean async, CancellationToken cancellationToken)
   at Microsoft.Extensions.Http.Logging.LoggingHttpMessageHandler.<SendCoreAsync>g__Core|4_0(HttpRequestMessage request, Boolean useAsync, CancellationToken cancellationToken)
   at Microsoft.Extensions.Http.Logging.LoggingScopeHttpMessageHandler.<SendCoreAsync>g__Core|4_0(HttpRequestMessage request, Boolean useAsync, CancellationToken cancellationToken)
2026-09-23 11:10:15.785 +05:30 [WRN] FishLink.API.Controllers.AgentGatewayController Price API unreachable for species Tuna (Yellowfin)
System.Net.Http.HttpRequestException: No connection could be made because the target machine actively refused it. (localhost:8001)
 ---> System.Net.Sockets.SocketException (10061): No connection could be made because the target machine actively refused it.
   at System.Net.Sockets.Socket.AwaitableSocketAsyncEventArgs.ThrowException(SocketError error, CancellationToken cancellationToken)
   at System.Net.Sockets.Socket.AwaitableSocketAsyncEventArgs.System.Threading.Tasks.Sources.IValueTaskSource.GetResult(Int16 token)
   at System.Runtime.CompilerServices.AsyncHelpers.ValueTaskSourceContinuation.GetResult(Object source, Int16 token, Byte& result)
   at System.Runtime.CompilerServices.AsyncHelpers.ValueTaskSourceContinuation.ValueTaskSourceContinuationResume.ResumeValueTaskSourceContinuation(Continuation cont, Byte& result)
   at System.Net.Http.HttpConnectionPool.ConnectToTcpHostAsync(String host, Int32 port, HttpRequestMessage initialRequest, Boolean async, CancellationToken cancellationToken)
   --- End of inner exception stack trace ---
   at System.Net.Http.HttpConnectionPool.ConnectToTcpHostAsync(String host, Int32 port, HttpRequestMessage initialRequest, Boolean async, CancellationToken cancellationToken)
   at System.Net.Http.HttpConnectionPool.ConnectAsync(HttpRequestMessage request, Boolean async, Boolean isForHttp2, CancellationToken cancellationToken)
   at System.Net.Http.HttpConnectionPool.CreateHttp11ConnectionAsync(HttpRequestMessage request, Boolean async, CancellationToken cancellationToken)
   at System.Net.Http.HttpConnectionPool.InjectNewHttp11ConnectionAsync(QueueItem queueItem)
   at System.Runtime.CompilerServices.RuntimeAsyncTaskContinuation.GetResult[T](Task task, Byte& result)
   at System.Runtime.CompilerServices.RuntimeAsyncTaskContinuation.TaskContinuationResume.ResumeTaskContinuation(Continuation cont, Byte& result)
   at System.Threading.Tasks.TaskCompletionSourceWithCancellation`1.WaitWithCancellationAsync(CancellationToken cancellationToken)
   at System.Runtime.CompilerServices.RuntimeAsyncTaskContinuation.GetResult[T](Task task, Byte& result)
   at System.Runtime.CompilerServices.RuntimeAsyncTaskContinuation.TaskContinuationResume.ResumeTaskContinuation(Continuation cont, Byte& result)
   at System.Net.Http.HttpConnectionPool.SendWithVersionDetectionAndRetryAsync(HttpRequestMessage request, Boolean async, Boolean doRequestAuth, CancellationToken cancellationToken)
   at System.Runtime.CompilerServices.RuntimeAsyncTaskContinuation.GetResult[T](Task task, Byte& result)
   at System.Runtime.CompilerServices.RuntimeAsyncTaskContinuation.TaskContinuationResume.ResumeTaskContinuation(Continuation cont, Byte& result)
   at System.Net.Http.DiagnosticsHandler.SendAsyncCore(HttpRequestMessage request, Boolean async, CancellationToken cancellationToken)
   at System.Net.Http.RedirectHandler.SendAsync(HttpRequestMessage request, Boolean async, CancellationToken cancellationToken)
   at Microsoft.Extensions.Http.Logging.LoggingHttpMessageHandler.<SendCoreAsync>g__Core|4_0(HttpRequestMessage request, Boolean useAsync, CancellationToken cancellationToken)
   at Microsoft.Extensions.Http.Logging.LoggingScopeHttpMessageHandler.<SendCoreAsync>g__Core|4_0(HttpRequestMessage request, Boolean useAsync, CancellationToken cancellationToken)
   at System.Runtime.CompilerServices.RuntimeAsyncTaskContinuation.GetResult[T](Task task, Byte& result)
   at System.Runtime.CompilerServices.RuntimeAsyncTaskContinuation.TaskContinuationResume.ResumeTaskContinuation(Continuation cont, Byte& result)
   at System.Net.Http.HttpClient.<SendAsync>g__Core|83_0(HttpRequestMessage request, HttpCompletionOption completionOption, CancellationTokenSource cts, Boolean disposeCts, CancellationTokenSource pendingRequestsCts, CancellationToken originalCancellationToken)
   at FishLink.API.Controllers.AgentGatewayController.GetPricePrediction(String species) in C:\Users\Kaveesha\Desktop\fish\FishLink.API\Controllers\AgentGatewayController.cs:line 147
2026-09-23 11:10:15.788 +05:30 [INF] Serilog.AspNetCore.RequestLoggingMiddleware HTTP GET /api/AgentGateway/prices/Tuna (Yellowfin)/predict responded 200 in 4083.580 ms
2026-09-23 11:10:15.794 +05:30 [INF] System.Net.Http.HttpClient.Default.LogicalHandler Start processing HTTP request GET http://localhost:8001/api/prices/Tuna%20%28Yellowfin%29/predict
2026-09-23 11:10:15.794 +05:30 [INF] System.Net.Http.HttpClient.Default.ClientHandler Sending HTTP request GET http://localhost:8001/api/prices/Tuna%20%28Yellowfin%29/predict
2026-09-23 11:10:19.827 +05:30 [INF] System.Net.Http.HttpClient.Default.ClientHandler HTTP request failed after 4120.6453ms
System.Net.Http.HttpRequestException: No connection could be made because the target machine actively refused it. (localhost:8001)
 ---> System.Net.Sockets.SocketException (10061): No connection could be made because the target machine actively refused it.
   at System.Net.Sockets.Socket.AwaitableSocketAsyncEventArgs.ThrowException(SocketError error, CancellationToken cancellationToken)
   at System.Net.Sockets.Socket.AwaitableSocketAsyncEventArgs.System.Threading.Tasks.Sources.IValueTaskSource.GetResult(Int16 token)
   at System.Runtime.CompilerServices.AsyncHelpers.ValueTaskSourceContinuation.GetResult(Object source, Int16 token, Byte& result)
   at System.Runtime.CompilerServices.AsyncHelpers.ValueTaskSourceContinuation.ValueTaskSourceContinuationResume.ResumeValueTaskSourceContinuation(Continuation cont, Byte& result)
   at System.Net.Http.HttpConnectionPool.ConnectToTcpHostAsync(String host, Int32 port, HttpRequestMessage initialRequest, Boolean async, CancellationToken cancellationToken)
   --- End of inner exception stack trace ---
   at System.Net.Http.HttpConnectionPool.ConnectToTcpHostAsync(String host, Int32 port, HttpRequestMessage initialRequest, Boolean async, CancellationToken cancellationToken)
   at System.Net.Http.HttpConnectionPool.ConnectAsync(HttpRequestMessage request, Boolean async, Boolean isForHttp2, CancellationToken cancellationToken)
   at System.Net.Http.HttpConnectionPool.CreateHttp11ConnectionAsync(HttpRequestMessage request, Boolean async, CancellationToken cancellationToken)
   at System.Net.Http.HttpConnectionPool.InjectNewHttp11ConnectionAsync(QueueItem queueItem)
   at System.Runtime.CompilerServices.RuntimeAsyncTaskContinuation.GetResult[T](Task task, Byte& result)
   at System.Runtime.CompilerServices.RuntimeAsyncTaskContinuation.TaskContinuationResume.ResumeTaskContinuation(Continuation cont, Byte& result)
   at System.Threading.Tasks.TaskCompletionSourceWithCancellation`1.WaitWithCancellationAsync(CancellationToken cancellationToken)
   at System.Runtime.CompilerServices.RuntimeAsyncTaskContinuation.GetResult[T](Task task, Byte& result)
   at System.Runtime.CompilerServices.RuntimeAsyncTaskContinuation.TaskContinuationResume.ResumeTaskContinuation(Continuation cont, Byte& result)
   at System.Net.Http.HttpConnectionPool.SendWithVersionDetectionAndRetryAsync(HttpRequestMessage request, Boolean async, Boolean doRequestAuth, CancellationToken cancellationToken)
   at System.Runtime.CompilerServices.RuntimeAsyncTaskContinuation.GetResult[T](Task task, Byte& result)
   at System.Runtime.CompilerServices.RuntimeAsyncTaskContinuation.TaskContinuationResume.ResumeTaskContinuation(Continuation cont, Byte& result)
   at System.Net.Http.DiagnosticsHandler.SendAsyncCore(HttpRequestMessage request, Boolean async, CancellationToken cancellationToken)
   at System.Net.Http.RedirectHandler.SendAsync(HttpRequestMessage request, Boolean async, CancellationToken cancellationToken)
   at Microsoft.Extensions.Http.Logging.LoggingHttpMessageHandler.<SendCoreAsync>g__Core|4_0(HttpRequestMessage request, Boolean useAsync, CancellationToken cancellationToken)
2026-09-23 11:10:19.828 +05:30 [INF] System.Net.Http.HttpClient.Default.LogicalHandler HTTP request failed after 4125.121ms
System.Net.Http.HttpRequestException: No connection could be made because the target machine actively refused it. (localhost:8001)
 ---> System.Net.Sockets.SocketException (10061): No connection could be made because the target machine actively refused it.
   at System.Net.Sockets.Socket.AwaitableSocketAsyncEventArgs.ThrowException(SocketError error, CancellationToken cancellationToken)
   at System.Net.Sockets.Socket.AwaitableSocketAsyncEventArgs.System.Threading.Tasks.Sources.IValueTaskSource.GetResult(Int16 token)
   at System.Runtime.CompilerServices.AsyncHelpers.ValueTaskSourceContinuation.GetResult(Object source, Int16 token, Byte& result)
   at System.Runtime.CompilerServices.AsyncHelpers.ValueTaskSourceContinuation.ValueTaskSourceContinuationResume.ResumeValueTaskSourceContinuation(Continuation cont, Byte& result)
   at System.Net.Http.HttpConnectionPool.ConnectToTcpHostAsync(String host, Int32 port, HttpRequestMessage initialRequest, Boolean async, CancellationToken cancellationToken)
   --- End of inner exception stack trace ---
   at System.Net.Http.HttpConnectionPool.ConnectToTcpHostAsync(String host, Int32 port, HttpRequestMessage initialRequest, Boolean async, CancellationToken cancellationToken)
   at System.Net.Http.HttpConnectionPool.ConnectAsync(HttpRequestMessage request, Boolean async, Boolean isForHttp2, CancellationToken cancellationToken)
   at System.Net.Http.HttpConnectionPool.CreateHttp11ConnectionAsync(HttpRequestMessage request, Boolean async, CancellationToken cancellationToken)
   at System.Net.Http.HttpConnectionPool.InjectNewHttp11ConnectionAsync(QueueItem queueItem)
   at System.Runtime.CompilerServices.RuntimeAsyncTaskContinuation.GetResult[T](Task task, Byte& result)
   at System.Runtime.CompilerServices.RuntimeAsyncTaskContinuation.TaskContinuationResume.ResumeTaskContinuation(Continuation cont, Byte& result)
   at System.Threading.Tasks.TaskCompletionSourceWithCancellation`1.WaitWithCancellationAsync(CancellationToken cancellationToken)
   at System.Runtime.CompilerServices.RuntimeAsyncTaskContinuation.GetResult[T](Task task, Byte& result)
   at System.Runtime.CompilerServices.RuntimeAsyncTaskContinuation.TaskContinuationResume.ResumeTaskContinuation(Continuation cont, Byte& result)
   at System.Net.Http.HttpConnectionPool.SendWithVersionDetectionAndRetryAsync(HttpRequestMessage request, Boolean async, Boolean doRequestAuth, CancellationToken cancellationToken)
   at System.Runtime.CompilerServices.RuntimeAsyncTaskContinuation.GetResult[T](Task task, Byte& result)
   at System.Runtime.CompilerServices.RuntimeAsyncTaskContinuation.TaskContinuationResume.ResumeTaskContinuation(Continuation cont, Byte& result)
   at System.Net.Http.DiagnosticsHandler.SendAsyncCore(HttpRequestMessage request, Boolean async, CancellationToken cancellationToken)
   at System.Net.Http.RedirectHandler.SendAsync(HttpRequestMessage request, Boolean async, CancellationToken cancellationToken)
   at Microsoft.Extensions.Http.Logging.LoggingHttpMessageHandler.<SendCoreAsync>g__Core|4_0(HttpRequestMessage request, Boolean useAsync, CancellationToken cancellationToken)
   at Microsoft.Extensions.Http.Logging.LoggingScopeHttpMessageHandler.<SendCoreAsync>g__Core|4_0(HttpRequestMessage request, Boolean useAsync, CancellationToken cancellationToken)
2026-09-23 11:10:19.827 +05:30 [INF] System.Net.Http.HttpClient.Default.ClientHandler HTTP request failed after 4114.1043ms
System.Net.Http.HttpRequestException: No connection could be made because the target machine actively refused it. (localhost:8001)
 ---> System.Net.Sockets.SocketException (10061): No connection could be made because the target machine actively refused it.
   at System.Net.Sockets.Socket.AwaitableSocketAsyncEventArgs.ThrowException(SocketError error, CancellationToken cancellationToken)
   at System.Net.Sockets.Socket.AwaitableSocketAsyncEventArgs.System.Threading.Tasks.Sources.IValueTaskSource.GetResult(Int16 token)
   at System.Runtime.CompilerServices.AsyncHelpers.ValueTaskSourceContinuation.GetResult(Object source, Int16 token, Byte& result)
   at System.Runtime.CompilerServices.AsyncHelpers.ValueTaskSourceContinuation.ValueTaskSourceContinuationResume.ResumeValueTaskSourceContinuation(Continuation cont, Byte& result)
   at System.Net.Http.HttpConnectionPool.ConnectToTcpHostAsync(String host, Int32 port, HttpRequestMessage initialRequest, Boolean async, CancellationToken cancellationToken)
   --- End of inner exception stack trace ---
   at System.Net.Http.HttpConnectionPool.ConnectToTcpHostAsync(String host, Int32 port, HttpRequestMessage initialRequest, Boolean async, CancellationToken cancellationToken)
   at System.Net.Http.HttpConnectionPool.ConnectAsync(HttpRequestMessage request, Boolean async, Boolean isForHttp2, CancellationToken cancellationToken)
   at System.Net.Http.HttpConnectionPool.CreateHttp11ConnectionAsync(HttpRequestMessage request, Boolean async, CancellationToken cancellationToken)
   at System.Net.Http.HttpConnectionPool.InjectNewHttp11ConnectionAsync(QueueItem queueItem)
   at System.Runtime.CompilerServices.RuntimeAsyncTaskContinuation.GetResult[T](Task task, Byte& result)
   at System.Runtime.CompilerServices.RuntimeAsyncTaskContinuation.TaskContinuationResume.ResumeTaskContinuation(Continuation cont, Byte& result)
   at System.Threading.Tasks.TaskCompletionSourceWithCancellation`1.WaitWithCancellationAsync(CancellationToken cancellationToken)
   at System.Runtime.CompilerServices.RuntimeAsyncTaskContinuation.GetResult[T](Task task, Byte& result)
   at System.Runtime.CompilerServices.RuntimeAsyncTaskContinuation.TaskContinuationResume.ResumeTaskContinuation(Continuation cont, Byte& result)
   at System.Net.Http.HttpConnectionPool.SendWithVersionDetectionAndRetryAsync(HttpRequestMessage request, Boolean async, Boolean doRequestAuth, CancellationToken cancellationToken)
   at System.Runtime.CompilerServices.RuntimeAsyncTaskContinuation.GetResult[T](Task task, Byte& result)
   at System.Runtime.CompilerServices.RuntimeAsyncTaskContinuation.TaskContinuationResume.ResumeTaskContinuation(Continuation cont, Byte& result)
   at System.Net.Http.DiagnosticsHandler.SendAsyncCore(HttpRequestMessage request, Boolean async, CancellationToken cancellationToken)
   at System.Net.Http.RedirectHandler.SendAsync(HttpRequestMessage request, Boolean async, CancellationToken cancellationToken)
   at Microsoft.Extensions.Http.Logging.LoggingHttpMessageHandler.<SendCoreAsync>g__Core|4_0(HttpRequestMessage request, Boolean useAsync, CancellationToken cancellationToken)
2026-09-23 11:10:19.831 +05:30 [WRN] FishLink.API.Controllers.AgentGatewayController Price API unreachable for species Mackerel
System.Net.Http.HttpRequestException: No connection could be made because the target machine actively refused it. (localhost:8001)
 ---> System.Net.Sockets.SocketException (10061): No connection could be made because the target machine actively refused it.
   at System.Net.Sockets.Socket.AwaitableSocketAsyncEventArgs.ThrowException(SocketError error, CancellationToken cancellationToken)
   at System.Net.Sockets.Socket.AwaitableSocketAsyncEventArgs.System.Threading.Tasks.Sources.IValueTaskSource.GetResult(Int16 token)
   at System.Runtime.CompilerServices.AsyncHelpers.ValueTaskSourceContinuation.GetResult(Object source, Int16 token, Byte& result)
   at System.Runtime.CompilerServices.AsyncHelpers.ValueTaskSourceContinuation.ValueTaskSourceContinuationResume.ResumeValueTaskSourceContinuation(Continuation cont, Byte& result)
   at System.Net.Http.HttpConnectionPool.ConnectToTcpHostAsync(String host, Int32 port, HttpRequestMessage initialRequest, Boolean async, CancellationToken cancellationToken)
   --- End of inner exception stack trace ---
   at System.Net.Http.HttpConnectionPool.ConnectToTcpHostAsync(String host, Int32 port, HttpRequestMessage initialRequest, Boolean async, CancellationToken cancellationToken)
   at System.Net.Http.HttpConnectionPool.ConnectAsync(HttpRequestMessage request, Boolean async, Boolean isForHttp2, CancellationToken cancellationToken)
   at System.Net.Http.HttpConnectionPool.CreateHttp11ConnectionAsync(HttpRequestMessage request, Boolean async, CancellationToken cancellationToken)
   at System.Net.Http.HttpConnectionPool.InjectNewHttp11ConnectionAsync(QueueItem queueItem)
   at System.Runtime.CompilerServices.RuntimeAsyncTaskContinuation.GetResult[T](Task task, Byte& result)
   at System.Runtime.CompilerServices.RuntimeAsyncTaskContinuation.TaskContinuationResume.ResumeTaskContinuation(Continuation cont, Byte& result)
   at System.Threading.Tasks.TaskCompletionSourceWithCancellation`1.WaitWithCancellationAsync(CancellationToken cancellationToken)
   at System.Runtime.CompilerServices.RuntimeAsyncTaskContinuation.GetResult[T](Task task, Byte& result)
   at System.Runtime.CompilerServices.RuntimeAsyncTaskContinuation.TaskContinuationResume.ResumeTaskContinuation(Continuation cont, Byte& result)
   at System.Net.Http.HttpConnectionPool.SendWithVersionDetectionAndRetryAsync(HttpRequestMessage request, Boolean async, Boolean doRequestAuth, CancellationToken cancellationToken)
   at System.Runtime.CompilerServices.RuntimeAsyncTaskContinuation.GetResult[T](Task task, Byte& result)
   at System.Runtime.CompilerServices.RuntimeAsyncTaskContinuation.TaskContinuationResume.ResumeTaskContinuation(Continuation cont, Byte& result)
   at System.Net.Http.DiagnosticsHandler.SendAsyncCore(HttpRequestMessage request, Boolean async, CancellationToken cancellationToken)
   at System.Net.Http.RedirectHandler.SendAsync(HttpRequestMessage request, Boolean async, CancellationToken cancellationToken)
   at Microsoft.Extensions.Http.Logging.LoggingHttpMessageHandler.<SendCoreAsync>g__Core|4_0(HttpRequestMessage request, Boolean useAsync, CancellationToken cancellationToken)
   at Microsoft.Extensions.Http.Logging.LoggingScopeHttpMessageHandler.<SendCoreAsync>g__Core|4_0(HttpRequestMessage request, Boolean useAsync, CancellationToken cancellationToken)
   at System.Runtime.CompilerServices.RuntimeAsyncTaskContinuation.GetResult[T](Task task, Byte& result)
   at System.Runtime.CompilerServices.RuntimeAsyncTaskContinuation.TaskContinuationResume.ResumeTaskContinuation(Continuation cont, Byte& result)
   at System.Net.Http.HttpClient.<SendAsync>g__Core|83_0(HttpRequestMessage request, HttpCompletionOption completionOption, CancellationTokenSource cts, Boolean disposeCts, CancellationTokenSource pendingRequestsCts, CancellationToken originalCancellationToken)
   at FishLink.API.Controllers.AgentGatewayController.GetPricePrediction(String species) in C:\Users\Kaveesha\Desktop\fish\FishLink.API\Controllers\AgentGatewayController.cs:line 147
2026-09-23 11:10:19.832 +05:30 [INF] System.Net.Http.HttpClient.Default.LogicalHandler HTTP request failed after 4120.0709ms
System.Net.Http.HttpRequestException: No connection could be made because the target machine actively refused it. (localhost:8001)
 ---> System.Net.Sockets.SocketException (10061): No connection could be made because the target machine actively refused it.
   at System.Net.Sockets.Socket.AwaitableSocketAsyncEventArgs.ThrowException(SocketError error, CancellationToken cancellationToken)
   at System.Net.Sockets.Socket.AwaitableSocketAsyncEventArgs.System.Threading.Tasks.Sources.IValueTaskSource.GetResult(Int16 token)
   at System.Runtime.CompilerServices.AsyncHelpers.ValueTaskSourceContinuation.GetResult(Object source, Int16 token, Byte& result)
   at System.Runtime.CompilerServices.AsyncHelpers.ValueTaskSourceContinuation.ValueTaskSourceContinuationResume.ResumeValueTaskSourceContinuation(Continuation cont, Byte& result)
   at System.Net.Http.HttpConnectionPool.ConnectToTcpHostAsync(String host, Int32 port, HttpRequestMessage initialRequest, Boolean async, CancellationToken cancellationToken)
   --- End of inner exception stack trace ---
   at System.Net.Http.HttpConnectionPool.ConnectToTcpHostAsync(String host, Int32 port, HttpRequestMessage initialRequest, Boolean async, CancellationToken cancellationToken)
   at System.Net.Http.HttpConnectionPool.ConnectAsync(HttpRequestMessage request, Boolean async, Boolean isForHttp2, CancellationToken cancellationToken)
   at System.Net.Http.HttpConnectionPool.CreateHttp11ConnectionAsync(HttpRequestMessage request, Boolean async, CancellationToken cancellationToken)
   at System.Net.Http.HttpConnectionPool.InjectNewHttp11ConnectionAsync(QueueItem queueItem)
   at System.Runtime.CompilerServices.RuntimeAsyncTaskContinuation.GetResult[T](Task task, Byte& result)
   at System.Runtime.CompilerServices.RuntimeAsyncTaskContinuation.TaskContinuationResume.ResumeTaskContinuation(Continuation cont, Byte& result)
   at System.Threading.Tasks.TaskCompletionSourceWithCancellation`1.WaitWithCancellationAsync(CancellationToken cancellationToken)
   at System.Runtime.CompilerServices.RuntimeAsyncTaskContinuation.GetResult[T](Task task, Byte& result)
   at System.Runtime.CompilerServices.RuntimeAsyncTaskContinuation.TaskContinuationResume.ResumeTaskContinuation(Continuation cont, Byte& result)
   at System.Net.Http.HttpConnectionPool.SendWithVersionDetectionAndRetryAsync(HttpRequestMessage request, Boolean async, Boolean doRequestAuth, CancellationToken cancellationToken)
   at System.Runtime.CompilerServices.RuntimeAsyncTaskContinuation.GetResult[T](Task task, Byte& result)
   at System.Runtime.CompilerServices.RuntimeAsyncTaskContinuation.TaskContinuationResume.ResumeTaskContinuation(Continuation cont, Byte& result)
   at System.Net.Http.DiagnosticsHandler.SendAsyncCore(HttpRequestMessage request, Boolean async, CancellationToken cancellationToken)
   at System.Net.Http.RedirectHandler.SendAsync(HttpRequestMessage request, Boolean async, CancellationToken cancellationToken)
   at Microsoft.Extensions.Http.Logging.LoggingHttpMessageHandler.<SendCoreAsync>g__Core|4_0(HttpRequestMessage request, Boolean useAsync, CancellationToken cancellationToken)
   at Microsoft.Extensions.Http.Logging.LoggingScopeHttpMessageHandler.<SendCoreAsync>g__Core|4_0(HttpRequestMessage request, Boolean useAsync, CancellationToken cancellationToken)
2026-09-23 11:10:19.836 +05:30 [WRN] FishLink.API.Controllers.AgentGatewayController Price API unreachable for species Skipjack
System.Net.Http.HttpRequestException: No connection could be made because the target machine actively refused it. (localhost:8001)
 ---> System.Net.Sockets.SocketException (10061): No connection could be made because the target machine actively refused it.
   at System.Net.Sockets.Socket.AwaitableSocketAsyncEventArgs.ThrowException(SocketError error, CancellationToken cancellationToken)
   at System.Net.Sockets.Socket.AwaitableSocketAsyncEventArgs.System.Threading.Tasks.Sources.IValueTaskSource.GetResult(Int16 token)
   at System.Runtime.CompilerServices.AsyncHelpers.ValueTaskSourceContinuation.GetResult(Object source, Int16 token, Byte& result)
   at System.Runtime.CompilerServices.AsyncHelpers.ValueTaskSourceContinuation.ValueTaskSourceContinuationResume.ResumeValueTaskSourceContinuation(Continuation cont, Byte& result)
   at System.Net.Http.HttpConnectionPool.ConnectToTcpHostAsync(String host, Int32 port, HttpRequestMessage initialRequest, Boolean async, CancellationToken cancellationToken)
   --- End of inner exception stack trace ---
   at System.Net.Http.HttpConnectionPool.ConnectToTcpHostAsync(String host, Int32 port, HttpRequestMessage initialRequest, Boolean async, CancellationToken cancellationToken)
   at System.Net.Http.HttpConnectionPool.ConnectAsync(HttpRequestMessage request, Boolean async, Boolean isForHttp2, CancellationToken cancellationToken)
   at System.Net.Http.HttpConnectionPool.CreateHttp11ConnectionAsync(HttpRequestMessage request, Boolean async, CancellationToken cancellationToken)
   at System.Net.Http.HttpConnectionPool.InjectNewHttp11ConnectionAsync(QueueItem queueItem)
   at System.Runtime.CompilerServices.RuntimeAsyncTaskContinuation.GetResult[T](Task task, Byte& result)
   at System.Runtime.CompilerServices.RuntimeAsyncTaskContinuation.TaskContinuationResume.ResumeTaskContinuation(Continuation cont, Byte& result)
   at System.Threading.Tasks.TaskCompletionSourceWithCancellation`1.WaitWithCancellationAsync(CancellationToken cancellationToken)
   at System.Runtime.CompilerServices.RuntimeAsyncTaskContinuation.GetResult[T](Task task, Byte& result)
   at System.Runtime.CompilerServices.RuntimeAsyncTaskContinuation.TaskContinuationResume.ResumeTaskContinuation(Continuation cont, Byte& result)
   at System.Net.Http.HttpConnectionPool.SendWithVersionDetectionAndRetryAsync(HttpRequestMessage request, Boolean async, Boolean doRequestAuth, CancellationToken cancellationToken)
   at System.Runtime.CompilerServices.RuntimeAsyncTaskContinuation.GetResult[T](Task task, Byte& result)
   at System.Runtime.CompilerServices.RuntimeAsyncTaskContinuation.TaskContinuationResume.ResumeTaskContinuation(Continuation cont, Byte& result)
   at System.Net.Http.DiagnosticsHandler.SendAsyncCore(HttpRequestMessage request, Boolean async, CancellationToken cancellationToken)
   at System.Net.Http.RedirectHandler.SendAsync(HttpRequestMessage request, Boolean async, CancellationToken cancellationToken)
   at Microsoft.Extensions.Http.Logging.LoggingHttpMessageHandler.<SendCoreAsync>g__Core|4_0(HttpRequestMessage request, Boolean useAsync, CancellationToken cancellationToken)
   at Microsoft.Extensions.Http.Logging.LoggingScopeHttpMessageHandler.<SendCoreAsync>g__Core|4_0(HttpRequestMessage request, Boolean useAsync, CancellationToken cancellationToken)
   at System.Runtime.CompilerServices.RuntimeAsyncTaskContinuation.GetResult[T](Task task, Byte& result)
   at System.Runtime.CompilerServices.RuntimeAsyncTaskContinuation.TaskContinuationResume.ResumeTaskContinuation(Continuation cont, Byte& result)
   at System.Net.Http.HttpClient.<SendAsync>g__Core|83_0(HttpRequestMessage request, HttpCompletionOption completionOption, CancellationTokenSource cts, Boolean disposeCts, CancellationTokenSource pendingRequestsCts, CancellationToken originalCancellationToken)
   at FishLink.API.Controllers.AgentGatewayController.GetPricePrediction(String species) in C:\Users\Kaveesha\Desktop\fish\FishLink.API\Controllers\AgentGatewayController.cs:line 147
2026-09-23 11:10:19.838 +05:30 [INF] Serilog.AspNetCore.RequestLoggingMiddleware HTTP GET /api/AgentGateway/prices/Skipjack/predict responded 200 in 4127.522 ms
2026-09-23 11:10:19.835 +05:30 [INF] Serilog.AspNetCore.RequestLoggingMiddleware HTTP GET /api/AgentGateway/prices/Mackerel/predict responded 200 in 4133.158 ms
2026-09-23 11:10:19.859 +05:30 [INF] System.Net.Http.HttpClient.Default.ClientHandler HTTP request failed after 4113.2267ms
System.Net.Http.HttpRequestException: No connection could be made because the target machine actively refused it. (localhost:8001)
 ---> System.Net.Sockets.SocketException (10061): No connection could be made because the target machine actively refused it.
   at System.Net.Sockets.Socket.AwaitableSocketAsyncEventArgs.ThrowException(SocketError error, CancellationToken cancellationToken)
   at System.Net.Sockets.Socket.AwaitableSocketAsyncEventArgs.System.Threading.Tasks.Sources.IValueTaskSource.GetResult(Int16 token)
   at System.Runtime.CompilerServices.AsyncHelpers.ValueTaskSourceContinuation.GetResult(Object source, Int16 token, Byte& result)
   at System.Runtime.CompilerServices.AsyncHelpers.ValueTaskSourceContinuation.ValueTaskSourceContinuationResume.ResumeValueTaskSourceContinuation(Continuation cont, Byte& result)
   at System.Net.Http.HttpConnectionPool.ConnectToTcpHostAsync(String host, Int32 port, HttpRequestMessage initialRequest, Boolean async, CancellationToken cancellationToken)
   --- End of inner exception stack trace ---
   at System.Net.Http.HttpConnectionPool.ConnectToTcpHostAsync(String host, Int32 port, HttpRequestMessage initialRequest, Boolean async, CancellationToken cancellationToken)
   at System.Net.Http.HttpConnectionPool.ConnectAsync(HttpRequestMessage request, Boolean async, Boolean isForHttp2, CancellationToken cancellationToken)
   at System.Net.Http.HttpConnectionPool.CreateHttp11ConnectionAsync(HttpRequestMessage request, Boolean async, CancellationToken cancellationToken)
   at System.Net.Http.HttpConnectionPool.InjectNewHttp11ConnectionAsync(QueueItem queueItem)
   at System.Runtime.CompilerServices.RuntimeAsyncTaskContinuation.GetResult[T](Task task, Byte& result)
   at System.Runtime.CompilerServices.RuntimeAsyncTaskContinuation.TaskContinuationResume.ResumeTaskContinuation(Continuation cont, Byte& result)
   at System.Threading.Tasks.TaskCompletionSourceWithCancellation`1.WaitWithCancellationAsync(CancellationToken cancellationToken)
   at System.Runtime.CompilerServices.RuntimeAsyncTaskContinuation.GetResult[T](Task task, Byte& result)
   at System.Runtime.CompilerServices.RuntimeAsyncTaskContinuation.TaskContinuationResume.ResumeTaskContinuation(Continuation cont, Byte& result)
   at System.Net.Http.HttpConnectionPool.SendWithVersionDetectionAndRetryAsync(HttpRequestMessage request, Boolean async, Boolean doRequestAuth, CancellationToken cancellationToken)
   at System.Runtime.CompilerServices.RuntimeAsyncTaskContinuation.GetResult[T](Task task, Byte& result)
   at System.Runtime.CompilerServices.RuntimeAsyncTaskContinuation.TaskContinuationResume.ResumeTaskContinuation(Continuation cont, Byte& result)
   at System.Net.Http.DiagnosticsHandler.SendAsyncCore(HttpRequestMessage request, Boolean async, CancellationToken cancellationToken)
   at System.Net.Http.RedirectHandler.SendAsync(HttpRequestMessage request, Boolean async, CancellationToken cancellationToken)
   at Microsoft.Extensions.Http.Logging.LoggingHttpMessageHandler.<SendCoreAsync>g__Core|4_0(HttpRequestMessage request, Boolean useAsync, CancellationToken cancellationToken)
2026-09-23 11:10:19.860 +05:30 [INF] System.Net.Http.HttpClient.Default.LogicalHandler HTTP request failed after 4114.6978ms
System.Net.Http.HttpRequestException: No connection could be made because the target machine actively refused it. (localhost:8001)
 ---> System.Net.Sockets.SocketException (10061): No connection could be made because the target machine actively refused it.
   at System.Net.Sockets.Socket.AwaitableSocketAsyncEventArgs.ThrowException(SocketError error, CancellationToken cancellationToken)
   at System.Net.Sockets.Socket.AwaitableSocketAsyncEventArgs.System.Threading.Tasks.Sources.IValueTaskSource.GetResult(Int16 token)
   at System.Runtime.CompilerServices.AsyncHelpers.ValueTaskSourceContinuation.GetResult(Object source, Int16 token, Byte& result)
   at System.Runtime.CompilerServices.AsyncHelpers.ValueTaskSourceContinuation.ValueTaskSourceContinuationResume.ResumeValueTaskSourceContinuation(Continuation cont, Byte& result)
   at System.Net.Http.HttpConnectionPool.ConnectToTcpHostAsync(String host, Int32 port, HttpRequestMessage initialRequest, Boolean async, CancellationToken cancellationToken)
   --- End of inner exception stack trace ---
   at System.Net.Http.HttpConnectionPool.ConnectToTcpHostAsync(String host, Int32 port, HttpRequestMessage initialRequest, Boolean async, CancellationToken cancellationToken)
   at System.Net.Http.HttpConnectionPool.ConnectAsync(HttpRequestMessage request, Boolean async, Boolean isForHttp2, CancellationToken cancellationToken)
   at System.Net.Http.HttpConnectionPool.CreateHttp11ConnectionAsync(HttpRequestMessage request, Boolean async, CancellationToken cancellationToken)
   at System.Net.Http.HttpConnectionPool.InjectNewHttp11ConnectionAsync(QueueItem queueItem)
   at System.Runtime.CompilerServices.RuntimeAsyncTaskContinuation.GetResult[T](Task task, Byte& result)
   at System.Runtime.CompilerServices.RuntimeAsyncTaskContinuation.TaskContinuationResume.ResumeTaskContinuation(Continuation cont, Byte& result)
   at System.Threading.Tasks.TaskCompletionSourceWithCancellation`1.WaitWithCancellationAsync(CancellationToken cancellationToken)
   at System.Runtime.CompilerServices.RuntimeAsyncTaskContinuation.GetResult[T](Task task, Byte& result)
   at System.Runtime.CompilerServices.RuntimeAsyncTaskContinuation.TaskContinuationResume.ResumeTaskContinuation(Continuation cont, Byte& result)
   at System.Net.Http.HttpConnectionPool.SendWithVersionDetectionAndRetryAsync(HttpRequestMessage request, Boolean async, Boolean doRequestAuth, CancellationToken cancellationToken)
   at System.Runtime.CompilerServices.RuntimeAsyncTaskContinuation.GetResult[T](Task task, Byte& result)
   at System.Runtime.CompilerServices.RuntimeAsyncTaskContinuation.TaskContinuationResume.ResumeTaskContinuation(Continuation cont, Byte& result)
   at System.Net.Http.DiagnosticsHandler.SendAsyncCore(HttpRequestMessage request, Boolean async, CancellationToken cancellationToken)
   at System.Net.Http.RedirectHandler.SendAsync(HttpRequestMessage request, Boolean async, CancellationToken cancellationToken)
   at Microsoft.Extensions.Http.Logging.LoggingHttpMessageHandler.<SendCoreAsync>g__Core|4_0(HttpRequestMessage request, Boolean useAsync, CancellationToken cancellationToken)
   at Microsoft.Extensions.Http.Logging.LoggingScopeHttpMessageHandler.<SendCoreAsync>g__Core|4_0(HttpRequestMessage request, Boolean useAsync, CancellationToken cancellationToken)
2026-09-23 11:10:19.862 +05:30 [WRN] FishLink.API.Controllers.AgentGatewayController Price API unreachable for species Trevally (Paraw)
System.Net.Http.HttpRequestException: No connection could be made because the target machine actively refused it. (localhost:8001)
 ---> System.Net.Sockets.SocketException (10061): No connection could be made because the target machine actively refused it.
   at System.Net.Sockets.Socket.AwaitableSocketAsyncEventArgs.ThrowException(SocketError error, CancellationToken cancellationToken)
   at System.Net.Sockets.Socket.AwaitableSocketAsyncEventArgs.System.Threading.Tasks.Sources.IValueTaskSource.GetResult(Int16 token)
   at System.Runtime.CompilerServices.AsyncHelpers.ValueTaskSourceContinuation.GetResult(Object source, Int16 token, Byte& result)
   at System.Runtime.CompilerServices.AsyncHelpers.ValueTaskSourceContinuation.ValueTaskSourceContinuationResume.ResumeValueTaskSourceContinuation(Continuation cont, Byte& result)
   at System.Net.Http.HttpConnectionPool.ConnectToTcpHostAsync(String host, Int32 port, HttpRequestMessage initialRequest, Boolean async, CancellationToken cancellationToken)
   --- End of inner exception stack trace ---
   at System.Net.Http.HttpConnectionPool.ConnectToTcpHostAsync(String host, Int32 port, HttpRequestMessage initialRequest, Boolean async, CancellationToken cancellationToken)
   at System.Net.Http.HttpConnectionPool.ConnectAsync(HttpRequestMessage request, Boolean async, Boolean isForHttp2, CancellationToken cancellationToken)
   at System.Net.Http.HttpConnectionPool.CreateHttp11ConnectionAsync(HttpRequestMessage request, Boolean async, CancellationToken cancellationToken)
   at System.Net.Http.HttpConnectionPool.InjectNewHttp11ConnectionAsync(QueueItem queueItem)
   at System.Runtime.CompilerServices.RuntimeAsyncTaskContinuation.GetResult[T](Task task, Byte& result)
   at System.Runtime.CompilerServices.RuntimeAsyncTaskContinuation.TaskContinuationResume.ResumeTaskContinuation(Continuation cont, Byte& result)
   at System.Threading.Tasks.TaskCompletionSourceWithCancellation`1.WaitWithCancellationAsync(CancellationToken cancellationToken)
   at System.Runtime.CompilerServices.RuntimeAsyncTaskContinuation.GetResult[T](Task task, Byte& result)
   at System.Runtime.CompilerServices.RuntimeAsyncTaskContinuation.TaskContinuationResume.ResumeTaskContinuation(Continuation cont, Byte& result)
   at System.Net.Http.HttpConnectionPool.SendWithVersionDetectionAndRetryAsync(HttpRequestMessage request, Boolean async, Boolean doRequestAuth, CancellationToken cancellationToken)
   at System.Runtime.CompilerServices.RuntimeAsyncTaskContinuation.GetResult[T](Task task, Byte& result)
   at System.Runtime.CompilerServices.RuntimeAsyncTaskContinuation.TaskContinuationResume.ResumeTaskContinuation(Continuation cont, Byte& result)
   at System.Net.Http.DiagnosticsHandler.SendAsyncCore(HttpRequestMessage request, Boolean async, CancellationToken cancellationToken)
   at System.Net.Http.RedirectHandler.SendAsync(HttpRequestMessage request, Boolean async, CancellationToken cancellationToken)
   at Microsoft.Extensions.Http.Logging.LoggingHttpMessageHandler.<SendCoreAsync>g__Core|4_0(HttpRequestMessage request, Boolean useAsync, CancellationToken cancellationToken)
   at Microsoft.Extensions.Http.Logging.LoggingScopeHttpMessageHandler.<SendCoreAsync>g__Core|4_0(HttpRequestMessage request, Boolean useAsync, CancellationToken cancellationToken)
   at System.Runtime.CompilerServices.RuntimeAsyncTaskContinuation.GetResult[T](Task task, Byte& result)
   at System.Runtime.CompilerServices.RuntimeAsyncTaskContinuation.TaskContinuationResume.ResumeTaskContinuation(Continuation cont, Byte& result)
   at System.Net.Http.HttpClient.<SendAsync>g__Core|83_0(HttpRequestMessage request, HttpCompletionOption completionOption, CancellationTokenSource cts, Boolean disposeCts, CancellationTokenSource pendingRequestsCts, CancellationToken originalCancellationToken)
   at FishLink.API.Controllers.AgentGatewayController.GetPricePrediction(String species) in C:\Users\Kaveesha\Desktop\fish\FishLink.API\Controllers\AgentGatewayController.cs:line 147
2026-09-23 11:10:19.864 +05:30 [INF] Serilog.AspNetCore.RequestLoggingMiddleware HTTP GET /api/AgentGateway/prices/Trevally (Paraw)/predict responded 200 in 4120.407 ms
2026-09-23 11:10:19.890 +05:30 [INF] System.Net.Http.HttpClient.Default.ClientHandler HTTP request failed after 4095.823ms
System.Net.Http.HttpRequestException: No connection could be made because the target machine actively refused it. (localhost:8001)
 ---> System.Net.Sockets.SocketException (10061): No connection could be made because the target machine actively refused it.
   at System.Net.Sockets.Socket.AwaitableSocketAsyncEventArgs.ThrowException(SocketError error, CancellationToken cancellationToken)
   at System.Net.Sockets.Socket.AwaitableSocketAsyncEventArgs.System.Threading.Tasks.Sources.IValueTaskSource.GetResult(Int16 token)
   at System.Runtime.CompilerServices.AsyncHelpers.ValueTaskSourceContinuation.GetResult(Object source, Int16 token, Byte& result)
   at System.Runtime.CompilerServices.AsyncHelpers.ValueTaskSourceContinuation.ValueTaskSourceContinuationResume.ResumeValueTaskSourceContinuation(Continuation cont, Byte& result)
   at System.Net.Http.HttpConnectionPool.ConnectToTcpHostAsync(String host, Int32 port, HttpRequestMessage initialRequest, Boolean async, CancellationToken cancellationToken)
   --- End of inner exception stack trace ---
   at System.Net.Http.HttpConnectionPool.ConnectToTcpHostAsync(String host, Int32 port, HttpRequestMessage initialRequest, Boolean async, CancellationToken cancellationToken)
   at System.Net.Http.HttpConnectionPool.ConnectAsync(HttpRequestMessage request, Boolean async, Boolean isForHttp2, CancellationToken cancellationToken)
   at System.Net.Http.HttpConnectionPool.CreateHttp11ConnectionAsync(HttpRequestMessage request, Boolean async, CancellationToken cancellationToken)
   at System.Net.Http.HttpConnectionPool.InjectNewHttp11ConnectionAsync(QueueItem queueItem)
   at System.Runtime.CompilerServices.RuntimeAsyncTaskContinuation.GetResult[T](Task task, Byte& result)
   at System.Runtime.CompilerServices.RuntimeAsyncTaskContinuation.TaskContinuationResume.ResumeTaskContinuation(Continuation cont, Byte& result)
   at System.Threading.Tasks.TaskCompletionSourceWithCancellation`1.WaitWithCancellationAsync(CancellationToken cancellationToken)
   at System.Runtime.CompilerServices.RuntimeAsyncTaskContinuation.GetResult[T](Task task, Byte& result)
   at System.Runtime.CompilerServices.RuntimeAsyncTaskContinuation.TaskContinuationResume.ResumeTaskContinuation(Continuation cont, Byte& result)
   at System.Net.Http.HttpConnectionPool.SendWithVersionDetectionAndRetryAsync(HttpRequestMessage request, Boolean async, Boolean doRequestAuth, CancellationToken cancellationToken)
   at System.Runtime.CompilerServices.RuntimeAsyncTaskContinuation.GetResult[T](Task task, Byte& result)
   at System.Runtime.CompilerServices.RuntimeAsyncTaskContinuation.TaskContinuationResume.ResumeTaskContinuation(Continuation cont, Byte& result)
   at System.Net.Http.DiagnosticsHandler.SendAsyncCore(HttpRequestMessage request, Boolean async, CancellationToken cancellationToken)
   at System.Net.Http.RedirectHandler.SendAsync(HttpRequestMessage request, Boolean async, CancellationToken cancellationToken)
   at Microsoft.Extensions.Http.Logging.LoggingHttpMessageHandler.<SendCoreAsync>g__Core|4_0(HttpRequestMessage request, Boolean useAsync, CancellationToken cancellationToken)
2026-09-23 11:10:19.891 +05:30 [INF] System.Net.Http.HttpClient.Default.LogicalHandler HTTP request failed after 4096.6813ms
System.Net.Http.HttpRequestException: No connection could be made because the target machine actively refused it. (localhost:8001)
 ---> System.Net.Sockets.SocketException (10061): No connection could be made because the target machine actively refused it.
   at System.Net.Sockets.Socket.AwaitableSocketAsyncEventArgs.ThrowException(SocketError error, CancellationToken cancellationToken)
   at System.Net.Sockets.Socket.AwaitableSocketAsyncEventArgs.System.Threading.Tasks.Sources.IValueTaskSource.GetResult(Int16 token)
   at System.Runtime.CompilerServices.AsyncHelpers.ValueTaskSourceContinuation.GetResult(Object source, Int16 token, Byte& result)
   at System.Runtime.CompilerServices.AsyncHelpers.ValueTaskSourceContinuation.ValueTaskSourceContinuationResume.ResumeValueTaskSourceContinuation(Continuation cont, Byte& result)
   at System.Net.Http.HttpConnectionPool.ConnectToTcpHostAsync(String host, Int32 port, HttpRequestMessage initialRequest, Boolean async, CancellationToken cancellationToken)
   --- End of inner exception stack trace ---
   at System.Net.Http.HttpConnectionPool.ConnectToTcpHostAsync(String host, Int32 port, HttpRequestMessage initialRequest, Boolean async, CancellationToken cancellationToken)
   at System.Net.Http.HttpConnectionPool.ConnectAsync(HttpRequestMessage request, Boolean async, Boolean isForHttp2, CancellationToken cancellationToken)
   at System.Net.Http.HttpConnectionPool.CreateHttp11ConnectionAsync(HttpRequestMessage request, Boolean async, CancellationToken cancellationToken)
   at System.Net.Http.HttpConnectionPool.InjectNewHttp11ConnectionAsync(QueueItem queueItem)
   at System.Runtime.CompilerServices.RuntimeAsyncTaskContinuation.GetResult[T](Task task, Byte& result)
   at System.Runtime.CompilerServices.RuntimeAsyncTaskContinuation.TaskContinuationResume.ResumeTaskContinuation(Continuation cont, Byte& result)
   at System.Threading.Tasks.TaskCompletionSourceWithCancellation`1.WaitWithCancellationAsync(CancellationToken cancellationToken)
   at System.Runtime.CompilerServices.RuntimeAsyncTaskContinuation.GetResult[T](Task task, Byte& result)
   at System.Runtime.CompilerServices.RuntimeAsyncTaskContinuation.TaskContinuationResume.ResumeTaskContinuation(Continuation cont, Byte& result)
   at System.Net.Http.HttpConnectionPool.SendWithVersionDetectionAndRetryAsync(HttpRequestMessage request, Boolean async, Boolean doRequestAuth, CancellationToken cancellationToken)
   at System.Runtime.CompilerServices.RuntimeAsyncTaskContinuation.GetResult[T](Task task, Byte& result)
   at System.Runtime.CompilerServices.RuntimeAsyncTaskContinuation.TaskContinuationResume.ResumeTaskContinuation(Continuation cont, Byte& result)
   at System.Net.Http.DiagnosticsHandler.SendAsyncCore(HttpRequestMessage request, Boolean async, CancellationToken cancellationToken)
   at System.Net.Http.RedirectHandler.SendAsync(HttpRequestMessage request, Boolean async, CancellationToken cancellationToken)
   at Microsoft.Extensions.Http.Logging.LoggingHttpMessageHandler.<SendCoreAsync>g__Core|4_0(HttpRequestMessage request, Boolean useAsync, CancellationToken cancellationToken)
   at Microsoft.Extensions.Http.Logging.LoggingScopeHttpMessageHandler.<SendCoreAsync>g__Core|4_0(HttpRequestMessage request, Boolean useAsync, CancellationToken cancellationToken)
2026-09-23 11:10:19.892 +05:30 [WRN] FishLink.API.Controllers.AgentGatewayController Price API unreachable for species Tuna (Yellowfin)
System.Net.Http.HttpRequestException: No connection could be made because the target machine actively refused it. (localhost:8001)
 ---> System.Net.Sockets.SocketException (10061): No connection could be made because the target machine actively refused it.
   at System.Net.Sockets.Socket.AwaitableSocketAsyncEventArgs.ThrowException(SocketError error, CancellationToken cancellationToken)
   at System.Net.Sockets.Socket.AwaitableSocketAsyncEventArgs.System.Threading.Tasks.Sources.IValueTaskSource.GetResult(Int16 token)
   at System.Runtime.CompilerServices.AsyncHelpers.ValueTaskSourceContinuation.GetResult(Object source, Int16 token, Byte& result)
   at System.Runtime.CompilerServices.AsyncHelpers.ValueTaskSourceContinuation.ValueTaskSourceContinuationResume.ResumeValueTaskSourceContinuation(Continuation cont, Byte& result)
   at System.Net.Http.HttpConnectionPool.ConnectToTcpHostAsync(String host, Int32 port, HttpRequestMessage initialRequest, Boolean async, CancellationToken cancellationToken)
   --- End of inner exception stack trace ---
   at System.Net.Http.HttpConnectionPool.ConnectToTcpHostAsync(String host, Int32 port, HttpRequestMessage initialRequest, Boolean async, CancellationToken cancellationToken)
   at System.Net.Http.HttpConnectionPool.ConnectAsync(HttpRequestMessage request, Boolean async, Boolean isForHttp2, CancellationToken cancellationToken)
   at System.Net.Http.HttpConnectionPool.CreateHttp11ConnectionAsync(HttpRequestMessage request, Boolean async, CancellationToken cancellationToken)
   at System.Net.Http.HttpConnectionPool.InjectNewHttp11ConnectionAsync(QueueItem queueItem)
   at System.Runtime.CompilerServices.RuntimeAsyncTaskContinuation.GetResult[T](Task task, Byte& result)
   at System.Runtime.CompilerServices.RuntimeAsyncTaskContinuation.TaskContinuationResume.ResumeTaskContinuation(Continuation cont, Byte& result)
   at System.Threading.Tasks.TaskCompletionSourceWithCancellation`1.WaitWithCancellationAsync(CancellationToken cancellationToken)
   at System.Runtime.CompilerServices.RuntimeAsyncTaskContinuation.GetResult[T](Task task, Byte& result)
   at System.Runtime.CompilerServices.RuntimeAsyncTaskContinuation.TaskContinuationResume.ResumeTaskContinuation(Continuation cont, Byte& result)
   at System.Net.Http.HttpConnectionPool.SendWithVersionDetectionAndRetryAsync(HttpRequestMessage request, Boolean async, Boolean doRequestAuth, CancellationToken cancellationToken)
   at System.Runtime.CompilerServices.RuntimeAsyncTaskContinuation.GetResult[T](Task task, Byte& result)
   at System.Runtime.CompilerServices.RuntimeAsyncTaskContinuation.TaskContinuationResume.ResumeTaskContinuation(Continuation cont, Byte& result)
   at System.Net.Http.DiagnosticsHandler.SendAsyncCore(HttpRequestMessage request, Boolean async, CancellationToken cancellationToken)
   at System.Net.Http.RedirectHandler.SendAsync(HttpRequestMessage request, Boolean async, CancellationToken cancellationToken)
   at Microsoft.Extensions.Http.Logging.LoggingHttpMessageHandler.<SendCoreAsync>g__Core|4_0(HttpRequestMessage request, Boolean useAsync, CancellationToken cancellationToken)
   at Microsoft.Extensions.Http.Logging.LoggingScopeHttpMessageHandler.<SendCoreAsync>g__Core|4_0(HttpRequestMessage request, Boolean useAsync, CancellationToken cancellationToken)
   at System.Runtime.CompilerServices.RuntimeAsyncTaskContinuation.GetResult[T](Task task, Byte& result)
   at System.Runtime.CompilerServices.RuntimeAsyncTaskContinuation.TaskContinuationResume.ResumeTaskContinuation(Continuation cont, Byte& result)
   at System.Net.Http.HttpClient.<SendAsync>g__Core|83_0(HttpRequestMessage request, HttpCompletionOption completionOption, CancellationTokenSource cts, Boolean disposeCts, CancellationTokenSource pendingRequestsCts, CancellationToken originalCancellationToken)
   at FishLink.API.Controllers.AgentGatewayController.GetPricePrediction(String species) in C:\Users\Kaveesha\Desktop\fish\FishLink.API\Controllers\AgentGatewayController.cs:line 147
2026-09-23 11:10:19.898 +05:30 [INF] Serilog.AspNetCore.RequestLoggingMiddleware HTTP GET /api/AgentGateway/prices/Tuna (Yellowfin)/predict responded 200 in 4104.534 ms
2026-09-23 11:10:49.277 +05:30 [INF] Serilog.AspNetCore.RequestLoggingMiddleware HTTP OPTIONS /api/Catches responded 204 in 0.178 ms
2026-09-23 11:10:49.277 +05:30 [INF] Serilog.AspNetCore.RequestLoggingMiddleware HTTP OPTIONS /api/Catches responded 204 in 0.319 ms
2026-09-23 11:10:49.288 +05:30 [INF] FishLink.API.Services.CatchService GetCatches: 19 results, page 1/2
2026-09-23 11:10:49.306 +05:30 [INF] Serilog.AspNetCore.RequestLoggingMiddleware HTTP GET /api/Catches responded 200 in 27.264 ms
2026-09-23 11:10:49.317 +05:30 [INF] FishLink.API.Services.CatchService GetCatches: 19 results, page 1/2
2026-09-23 11:10:49.324 +05:30 [INF] Serilog.AspNetCore.RequestLoggingMiddleware HTTP GET /api/Catches responded 200 in 17.115 ms
2026-09-23 11:10:59.650 +05:30 [INF] Serilog.AspNetCore.RequestLoggingMiddleware HTTP OPTIONS /api/AgentGateway/prices/Skipjack/predict responded 204 in 3.614 ms
2026-09-23 11:10:59.651 +05:30 [INF] Serilog.AspNetCore.RequestLoggingMiddleware HTTP OPTIONS /api/AgentGateway/prices/Mackerel/predict responded 204 in 0.188 ms
2026-09-23 11:10:59.650 +05:30 [INF] Serilog.AspNetCore.RequestLoggingMiddleware HTTP OPTIONS /api/AgentGateway/prices/Tuna (Yellowfin)/predict responded 204 in 0.496 ms
2026-09-23 11:10:59.655 +05:30 [INF] Serilog.AspNetCore.RequestLoggingMiddleware HTTP OPTIONS /api/AgentGateway/prices/Trevally (Paraw)/predict responded 204 in 4.394 ms
2026-09-23 11:10:59.656 +05:30 [INF] Serilog.AspNetCore.RequestLoggingMiddleware HTTP OPTIONS /api/Catches/market-stats responded 204 in 0.211 ms
2026-09-23 11:10:59.656 +05:30 [INF] Serilog.AspNetCore.RequestLoggingMiddleware HTTP OPTIONS /api/AgentGateway/prices/Tuna (Yellowfin)/predict responded 204 in 0.170 ms
2026-09-23 11:10:59.679 +05:30 [INF] System.Net.Http.HttpClient.Default.LogicalHandler Start processing HTTP request GET http://localhost:8001/api/prices/Skipjack/predict
2026-09-23 11:10:59.679 +05:30 [INF] System.Net.Http.HttpClient.Default.ClientHandler Sending HTTP request GET http://localhost:8001/api/prices/Skipjack/predict
2026-09-23 11:10:59.679 +05:30 [INF] System.Net.Http.HttpClient.Default.LogicalHandler Start processing HTTP request GET http://localhost:8001/api/prices/Mackerel/predict
2026-09-23 11:10:59.682 +05:30 [INF] System.Net.Http.HttpClient.Default.ClientHandler Sending HTTP request GET http://localhost:8001/api/prices/Mackerel/predict
2026-09-23 11:10:59.688 +05:30 [INF] System.Net.Http.HttpClient.Default.LogicalHandler Start processing HTTP request GET http://localhost:8001/api/prices/Trevally%20%28Paraw%29/predict
2026-09-23 11:10:59.688 +05:30 [INF] System.Net.Http.HttpClient.Default.ClientHandler Sending HTTP request GET http://localhost:8001/api/prices/Trevally%20%28Paraw%29/predict
2026-09-23 11:10:59.689 +05:30 [INF] System.Net.Http.HttpClient.Default.LogicalHandler Start processing HTTP request GET http://localhost:8001/api/prices/Tuna%20%28Yellowfin%29/predict
2026-09-23 11:10:59.689 +05:30 [INF] System.Net.Http.HttpClient.Default.ClientHandler Sending HTTP request GET http://localhost:8001/api/prices/Tuna%20%28Yellowfin%29/predict
2026-09-23 11:10:59.781 +05:30 [INF] Serilog.AspNetCore.RequestLoggingMiddleware HTTP GET /api/Catches/market-stats responded 200 in 94.131 ms
2026-09-23 11:10:59.809 +05:30 [INF] Serilog.AspNetCore.RequestLoggingMiddleware HTTP GET /api/Catches/market-stats responded 200 in 18.672 ms
2026-09-23 11:11:03.809 +05:30 [INF] System.Net.Http.HttpClient.Default.ClientHandler HTTP request failed after 4126.8813ms
System.Net.Http.HttpRequestException: No connection could be made because the target machine actively refused it. (localhost:8001)
 ---> System.Net.Sockets.SocketException (10061): No connection could be made because the target machine actively refused it.
   at System.Net.Sockets.Socket.AwaitableSocketAsyncEventArgs.ThrowException(SocketError error, CancellationToken cancellationToken)
   at System.Net.Sockets.Socket.AwaitableSocketAsyncEventArgs.System.Threading.Tasks.Sources.IValueTaskSource.GetResult(Int16 token)
   at System.Runtime.CompilerServices.AsyncHelpers.ValueTaskSourceContinuation.GetResult(Object source, Int16 token, Byte& result)
   at System.Runtime.CompilerServices.AsyncHelpers.ValueTaskSourceContinuation.ValueTaskSourceContinuationResume.ResumeValueTaskSourceContinuation(Continuation cont, Byte& result)
   at System.Net.Http.HttpConnectionPool.ConnectToTcpHostAsync(String host, Int32 port, HttpRequestMessage initialRequest, Boolean async, CancellationToken cancellationToken)
   --- End of inner exception stack trace ---
   at System.Net.Http.HttpConnectionPool.ConnectToTcpHostAsync(String host, Int32 port, HttpRequestMessage initialRequest, Boolean async, CancellationToken cancellationToken)
   at System.Net.Http.HttpConnectionPool.ConnectAsync(HttpRequestMessage request, Boolean async, Boolean isForHttp2, CancellationToken cancellationToken)
   at System.Net.Http.HttpConnectionPool.CreateHttp11ConnectionAsync(HttpRequestMessage request, Boolean async, CancellationToken cancellationToken)
   at System.Net.Http.HttpConnectionPool.InjectNewHttp11ConnectionAsync(QueueItem queueItem)
   at System.Runtime.CompilerServices.RuntimeAsyncTaskContinuation.GetResult[T](Task task, Byte& result)
   at System.Runtime.CompilerServices.RuntimeAsyncTaskContinuation.TaskContinuationResume.ResumeTaskContinuation(Continuation cont, Byte& result)
   at System.Threading.Tasks.TaskCompletionSourceWithCancellation`1.WaitWithCancellationAsync(CancellationToken cancellationToken)
   at System.Runtime.CompilerServices.RuntimeAsyncTaskContinuation.GetResult[T](Task task, Byte& result)
   at System.Runtime.CompilerServices.RuntimeAsyncTaskContinuation.TaskContinuationResume.ResumeTaskContinuation(Continuation cont, Byte& result)
   at System.Net.Http.HttpConnectionPool.SendWithVersionDetectionAndRetryAsync(HttpRequestMessage request, Boolean async, Boolean doRequestAuth, CancellationToken cancellationToken)
   at System.Runtime.CompilerServices.RuntimeAsyncTaskContinuation.GetResult[T](Task task, Byte& result)
   at System.Runtime.CompilerServices.RuntimeAsyncTaskContinuation.TaskContinuationResume.ResumeTaskContinuation(Continuation cont, Byte& result)
   at System.Net.Http.DiagnosticsHandler.SendAsyncCore(HttpRequestMessage request, Boolean async, CancellationToken cancellationToken)
   at System.Net.Http.RedirectHandler.SendAsync(HttpRequestMessage request, Boolean async, CancellationToken cancellationToken)
   at Microsoft.Extensions.Http.Logging.LoggingHttpMessageHandler.<SendCoreAsync>g__Core|4_0(HttpRequestMessage request, Boolean useAsync, CancellationToken cancellationToken)
2026-09-23 11:11:03.812 +05:30 [INF] System.Net.Http.HttpClient.Default.LogicalHandler HTTP request failed after 4133.4302ms
System.Net.Http.HttpRequestException: No connection could be made because the target machine actively refused it. (localhost:8001)
 ---> System.Net.Sockets.SocketException (10061): No connection could be made because the target machine actively refused it.
   at System.Net.Sockets.Socket.AwaitableSocketAsyncEventArgs.ThrowException(SocketError error, CancellationToken cancellationToken)
   at System.Net.Sockets.Socket.AwaitableSocketAsyncEventArgs.System.Threading.Tasks.Sources.IValueTaskSource.GetResult(Int16 token)
   at System.Runtime.CompilerServices.AsyncHelpers.ValueTaskSourceContinuation.GetResult(Object source, Int16 token, Byte& result)
   at System.Runtime.CompilerServices.AsyncHelpers.ValueTaskSourceContinuation.ValueTaskSourceContinuationResume.ResumeValueTaskSourceContinuation(Continuation cont, Byte& result)
   at System.Net.Http.HttpConnectionPool.ConnectToTcpHostAsync(String host, Int32 port, HttpRequestMessage initialRequest, Boolean async, CancellationToken cancellationToken)
   --- End of inner exception stack trace ---
   at System.Net.Http.HttpConnectionPool.ConnectToTcpHostAsync(String host, Int32 port, HttpRequestMessage initialRequest, Boolean async, CancellationToken cancellationToken)
   at System.Net.Http.HttpConnectionPool.ConnectAsync(HttpRequestMessage request, Boolean async, Boolean isForHttp2, CancellationToken cancellationToken)
   at System.Net.Http.HttpConnectionPool.CreateHttp11ConnectionAsync(HttpRequestMessage request, Boolean async, CancellationToken cancellationToken)
   at System.Net.Http.HttpConnectionPool.InjectNewHttp11ConnectionAsync(QueueItem queueItem)
   at System.Runtime.CompilerServices.RuntimeAsyncTaskContinuation.GetResult[T](Task task, Byte& result)
   at System.Runtime.CompilerServices.RuntimeAsyncTaskContinuation.TaskContinuationResume.ResumeTaskContinuation(Continuation cont, Byte& result)
   at System.Threading.Tasks.TaskCompletionSourceWithCancellation`1.WaitWithCancellationAsync(CancellationToken cancellationToken)
   at System.Runtime.CompilerServices.RuntimeAsyncTaskContinuation.GetResult[T](Task task, Byte& result)
   at System.Runtime.CompilerServices.RuntimeAsyncTaskContinuation.TaskContinuationResume.ResumeTaskContinuation(Continuation cont, Byte& result)
   at System.Net.Http.HttpConnectionPool.SendWithVersionDetectionAndRetryAsync(HttpRequestMessage request, Boolean async, Boolean doRequestAuth, CancellationToken cancellationToken)
   at System.Runtime.CompilerServices.RuntimeAsyncTaskContinuation.GetResult[T](Task task, Byte& result)
   at System.Runtime.CompilerServices.RuntimeAsyncTaskContinuation.TaskContinuationResume.ResumeTaskContinuation(Continuation cont, Byte& result)
   at System.Net.Http.DiagnosticsHandler.SendAsyncCore(HttpRequestMessage request, Boolean async, CancellationToken cancellationToken)
   at System.Net.Http.RedirectHandler.SendAsync(HttpRequestMessage request, Boolean async, CancellationToken cancellationToken)
   at Microsoft.Extensions.Http.Logging.LoggingHttpMessageHandler.<SendCoreAsync>g__Core|4_0(HttpRequestMessage request, Boolean useAsync, CancellationToken cancellationToken)
   at Microsoft.Extensions.Http.Logging.LoggingScopeHttpMessageHandler.<SendCoreAsync>g__Core|4_0(HttpRequestMessage request, Boolean useAsync, CancellationToken cancellationToken)
2026-09-23 11:11:03.822 +05:30 [WRN] FishLink.API.Controllers.AgentGatewayController Price API unreachable for species Mackerel
System.Net.Http.HttpRequestException: No connection could be made because the target machine actively refused it. (localhost:8001)
 ---> System.Net.Sockets.SocketException (10061): No connection could be made because the target machine actively refused it.
   at System.Net.Sockets.Socket.AwaitableSocketAsyncEventArgs.ThrowException(SocketError error, CancellationToken cancellationToken)
   at System.Net.Sockets.Socket.AwaitableSocketAsyncEventArgs.System.Threading.Tasks.Sources.IValueTaskSource.GetResult(Int16 token)
   at System.Runtime.CompilerServices.AsyncHelpers.ValueTaskSourceContinuation.GetResult(Object source, Int16 token, Byte& result)
   at System.Runtime.CompilerServices.AsyncHelpers.ValueTaskSourceContinuation.ValueTaskSourceContinuationResume.ResumeValueTaskSourceContinuation(Continuation cont, Byte& result)
   at System.Net.Http.HttpConnectionPool.ConnectToTcpHostAsync(String host, Int32 port, HttpRequestMessage initialRequest, Boolean async, CancellationToken cancellationToken)
   --- End of inner exception stack trace ---
   at System.Net.Http.HttpConnectionPool.ConnectToTcpHostAsync(String host, Int32 port, HttpRequestMessage initialRequest, Boolean async, CancellationToken cancellationToken)
   at System.Net.Http.HttpConnectionPool.ConnectAsync(HttpRequestMessage request, Boolean async, Boolean isForHttp2, CancellationToken cancellationToken)
   at System.Net.Http.HttpConnectionPool.CreateHttp11ConnectionAsync(HttpRequestMessage request, Boolean async, CancellationToken cancellationToken)
   at System.Net.Http.HttpConnectionPool.InjectNewHttp11ConnectionAsync(QueueItem queueItem)
   at System.Runtime.CompilerServices.RuntimeAsyncTaskContinuation.GetResult[T](Task task, Byte& result)
   at System.Runtime.CompilerServices.RuntimeAsyncTaskContinuation.TaskContinuationResume.ResumeTaskContinuation(Continuation cont, Byte& result)
   at System.Threading.Tasks.TaskCompletionSourceWithCancellation`1.WaitWithCancellationAsync(CancellationToken cancellationToken)
   at System.Runtime.CompilerServices.RuntimeAsyncTaskContinuation.GetResult[T](Task task, Byte& result)
   at System.Runtime.CompilerServices.RuntimeAsyncTaskContinuation.TaskContinuationResume.ResumeTaskContinuation(Continuation cont, Byte& result)
   at System.Net.Http.HttpConnectionPool.SendWithVersionDetectionAndRetryAsync(HttpRequestMessage request, Boolean async, Boolean doRequestAuth, CancellationToken cancellationToken)
   at System.Runtime.CompilerServices.RuntimeAsyncTaskContinuation.GetResult[T](Task task, Byte& result)
   at System.Runtime.CompilerServices.RuntimeAsyncTaskContinuation.TaskContinuationResume.ResumeTaskContinuation(Continuation cont, Byte& result)
   at System.Net.Http.DiagnosticsHandler.SendAsyncCore(HttpRequestMessage request, Boolean async, CancellationToken cancellationToken)
   at System.Net.Http.RedirectHandler.SendAsync(HttpRequestMessage request, Boolean async, CancellationToken cancellationToken)
   at Microsoft.Extensions.Http.Logging.LoggingHttpMessageHandler.<SendCoreAsync>g__Core|4_0(HttpRequestMessage request, Boolean useAsync, CancellationToken cancellationToken)
   at Microsoft.Extensions.Http.Logging.LoggingScopeHttpMessageHandler.<SendCoreAsync>g__Core|4_0(HttpRequestMessage request, Boolean useAsync, CancellationToken cancellationToken)
   at System.Runtime.CompilerServices.RuntimeAsyncTaskContinuation.GetResult[T](Task task, Byte& result)
   at System.Runtime.CompilerServices.RuntimeAsyncTaskContinuation.TaskContinuationResume.ResumeTaskContinuation(Continuation cont, Byte& result)
   at System.Net.Http.HttpClient.<SendAsync>g__Core|83_0(HttpRequestMessage request, HttpCompletionOption completionOption, CancellationTokenSource cts, Boolean disposeCts, CancellationTokenSource pendingRequestsCts, CancellationToken originalCancellationToken)
   at FishLink.API.Controllers.AgentGatewayController.GetPricePrediction(String species) in C:\Users\Kaveesha\Desktop\fish\FishLink.API\Controllers\AgentGatewayController.cs:line 147
2026-09-23 11:11:03.824 +05:30 [INF] Serilog.AspNetCore.RequestLoggingMiddleware HTTP GET /api/AgentGateway/prices/Mackerel/predict responded 200 in 4150.853 ms
2026-09-23 11:11:03.834 +05:30 [INF] System.Net.Http.HttpClient.Default.LogicalHandler Start processing HTTP request GET http://localhost:8001/api/prices/Mackerel/predict
2026-09-23 11:11:03.836 +05:30 [INF] System.Net.Http.HttpClient.Default.ClientHandler Sending HTTP request GET http://localhost:8001/api/prices/Mackerel/predict
2026-09-23 11:11:03.838 +05:30 [INF] System.Net.Http.HttpClient.Default.ClientHandler HTTP request failed after 4157.1599ms
System.Net.Http.HttpRequestException: No connection could be made because the target machine actively refused it. (localhost:8001)
 ---> System.Net.Sockets.SocketException (10061): No connection could be made because the target machine actively refused it.
   at System.Net.Sockets.Socket.AwaitableSocketAsyncEventArgs.ThrowException(SocketError error, CancellationToken cancellationToken)
   at System.Net.Sockets.Socket.AwaitableSocketAsyncEventArgs.System.Threading.Tasks.Sources.IValueTaskSource.GetResult(Int16 token)
   at System.Runtime.CompilerServices.AsyncHelpers.ValueTaskSourceContinuation.GetResult(Object source, Int16 token, Byte& result)
   at System.Runtime.CompilerServices.AsyncHelpers.ValueTaskSourceContinuation.ValueTaskSourceContinuationResume.ResumeValueTaskSourceContinuation(Continuation cont, Byte& result)
   at System.Net.Http.HttpConnectionPool.ConnectToTcpHostAsync(String host, Int32 port, HttpRequestMessage initialRequest, Boolean async, CancellationToken cancellationToken)
   --- End of inner exception stack trace ---
   at System.Net.Http.HttpConnectionPool.ConnectToTcpHostAsync(String host, Int32 port, HttpRequestMessage initialRequest, Boolean async, CancellationToken cancellationToken)
   at System.Net.Http.HttpConnectionPool.ConnectAsync(HttpRequestMessage request, Boolean async, Boolean isForHttp2, CancellationToken cancellationToken)
   at System.Net.Http.HttpConnectionPool.CreateHttp11ConnectionAsync(HttpRequestMessage request, Boolean async, CancellationToken cancellationToken)
   at System.Net.Http.HttpConnectionPool.InjectNewHttp11ConnectionAsync(QueueItem queueItem)
   at System.Runtime.CompilerServices.RuntimeAsyncTaskContinuation.GetResult[T](Task task, Byte& result)
   at System.Runtime.CompilerServices.RuntimeAsyncTaskContinuation.TaskContinuationResume.ResumeTaskContinuation(Continuation cont, Byte& result)
   at System.Threading.Tasks.TaskCompletionSourceWithCancellation`1.WaitWithCancellationAsync(CancellationToken cancellationToken)
   at System.Runtime.CompilerServices.RuntimeAsyncTaskContinuation.GetResult[T](Task task, Byte& result)
   at System.Runtime.CompilerServices.RuntimeAsyncTaskContinuation.TaskContinuationResume.ResumeTaskContinuation(Continuation cont, Byte& result)
   at System.Net.Http.HttpConnectionPool.SendWithVersionDetectionAndRetryAsync(HttpRequestMessage request, Boolean async, Boolean doRequestAuth, CancellationToken cancellationToken)
   at System.Runtime.CompilerServices.RuntimeAsyncTaskContinuation.GetResult[T](Task task, Byte& result)
   at System.Runtime.CompilerServices.RuntimeAsyncTaskContinuation.TaskContinuationResume.ResumeTaskContinuation(Continuation cont, Byte& result)
   at System.Net.Http.DiagnosticsHandler.SendAsyncCore(HttpRequestMessage request, Boolean async, CancellationToken cancellationToken)
   at System.Net.Http.RedirectHandler.SendAsync(HttpRequestMessage request, Boolean async, CancellationToken cancellationToken)
   at Microsoft.Extensions.Http.Logging.LoggingHttpMessageHandler.<SendCoreAsync>g__Core|4_0(HttpRequestMessage request, Boolean useAsync, CancellationToken cancellationToken)
2026-09-23 11:11:03.839 +05:30 [INF] System.Net.Http.HttpClient.Default.LogicalHandler HTTP request failed after 4160.0926ms
System.Net.Http.HttpRequestException: No connection could be made because the target machine actively refused it. (localhost:8001)
 ---> System.Net.Sockets.SocketException (10061): No connection could be made because the target machine actively refused it.
   at System.Net.Sockets.Socket.AwaitableSocketAsyncEventArgs.ThrowException(SocketError error, CancellationToken cancellationToken)
   at System.Net.Sockets.Socket.AwaitableSocketAsyncEventArgs.System.Threading.Tasks.Sources.IValueTaskSource.GetResult(Int16 token)
   at System.Runtime.CompilerServices.AsyncHelpers.ValueTaskSourceContinuation.GetResult(Object source, Int16 token, Byte& result)
   at System.Runtime.CompilerServices.AsyncHelpers.ValueTaskSourceContinuation.ValueTaskSourceContinuationResume.ResumeValueTaskSourceContinuation(Continuation cont, Byte& result)
   at System.Net.Http.HttpConnectionPool.ConnectToTcpHostAsync(String host, Int32 port, HttpRequestMessage initialRequest, Boolean async, CancellationToken cancellationToken)
   --- End of inner exception stack trace ---
   at System.Net.Http.HttpConnectionPool.ConnectToTcpHostAsync(String host, Int32 port, HttpRequestMessage initialRequest, Boolean async, CancellationToken cancellationToken)
   at System.Net.Http.HttpConnectionPool.ConnectAsync(HttpRequestMessage request, Boolean async, Boolean isForHttp2, CancellationToken cancellationToken)
   at System.Net.Http.HttpConnectionPool.CreateHttp11ConnectionAsync(HttpRequestMessage request, Boolean async, CancellationToken cancellationToken)
   at System.Net.Http.HttpConnectionPool.InjectNewHttp11ConnectionAsync(QueueItem queueItem)
   at System.Runtime.CompilerServices.RuntimeAsyncTaskContinuation.GetResult[T](Task task, Byte& result)
   at System.Runtime.CompilerServices.RuntimeAsyncTaskContinuation.TaskContinuationResume.ResumeTaskContinuation(Continuation cont, Byte& result)
   at System.Threading.Tasks.TaskCompletionSourceWithCancellation`1.WaitWithCancellationAsync(CancellationToken cancellationToken)
   at System.Runtime.CompilerServices.RuntimeAsyncTaskContinuation.GetResult[T](Task task, Byte& result)
   at System.Runtime.CompilerServices.RuntimeAsyncTaskContinuation.TaskContinuationResume.ResumeTaskContinuation(Continuation cont, Byte& result)
   at System.Net.Http.HttpConnectionPool.SendWithVersionDetectionAndRetryAsync(HttpRequestMessage request, Boolean async, Boolean doRequestAuth, CancellationToken cancellationToken)
   at System.Runtime.CompilerServices.RuntimeAsyncTaskContinuation.GetResult[T](Task task, Byte& result)
   at System.Runtime.CompilerServices.RuntimeAsyncTaskContinuation.TaskContinuationResume.ResumeTaskContinuation(Continuation cont, Byte& result)
   at System.Net.Http.DiagnosticsHandler.SendAsyncCore(HttpRequestMessage request, Boolean async, CancellationToken cancellationToken)
   at System.Net.Http.RedirectHandler.SendAsync(HttpRequestMessage request, Boolean async, CancellationToken cancellationToken)
   at Microsoft.Extensions.Http.Logging.LoggingHttpMessageHandler.<SendCoreAsync>g__Core|4_0(HttpRequestMessage request, Boolean useAsync, CancellationToken cancellationToken)
   at Microsoft.Extensions.Http.Logging.LoggingScopeHttpMessageHandler.<SendCoreAsync>g__Core|4_0(HttpRequestMessage request, Boolean useAsync, CancellationToken cancellationToken)
2026-09-23 11:11:03.840 +05:30 [INF] System.Net.Http.HttpClient.Default.ClientHandler HTTP request failed after 4150.2287ms
System.Net.Http.HttpRequestException: No connection could be made because the target machine actively refused it. (localhost:8001)
 ---> System.Net.Sockets.SocketException (10061): No connection could be made because the target machine actively refused it.
   at System.Net.Sockets.Socket.AwaitableSocketAsyncEventArgs.ThrowException(SocketError error, CancellationToken cancellationToken)
   at System.Net.Sockets.Socket.AwaitableSocketAsyncEventArgs.System.Threading.Tasks.Sources.IValueTaskSource.GetResult(Int16 token)
   at System.Runtime.CompilerServices.AsyncHelpers.ValueTaskSourceContinuation.GetResult(Object source, Int16 token, Byte& result)
   at System.Runtime.CompilerServices.AsyncHelpers.ValueTaskSourceContinuation.ValueTaskSourceContinuationResume.ResumeValueTaskSourceContinuation(Continuation cont, Byte& result)
   at System.Net.Http.HttpConnectionPool.ConnectToTcpHostAsync(String host, Int32 port, HttpRequestMessage initialRequest, Boolean async, CancellationToken cancellationToken)
   --- End of inner exception stack trace ---
   at System.Net.Http.HttpConnectionPool.ConnectToTcpHostAsync(String host, Int32 port, HttpRequestMessage initialRequest, Boolean async, CancellationToken cancellationToken)
   at System.Net.Http.HttpConnectionPool.ConnectAsync(HttpRequestMessage request, Boolean async, Boolean isForHttp2, CancellationToken cancellationToken)
   at System.Net.Http.HttpConnectionPool.CreateHttp11ConnectionAsync(HttpRequestMessage request, Boolean async, CancellationToken cancellationToken)
   at System.Net.Http.HttpConnectionPool.InjectNewHttp11ConnectionAsync(QueueItem queueItem)
   at System.Runtime.CompilerServices.RuntimeAsyncTaskContinuation.GetResult[T](Task task, Byte& result)
   at System.Runtime.CompilerServices.RuntimeAsyncTaskContinuation.TaskContinuationResume.ResumeTaskContinuation(Continuation cont, Byte& result)
   at System.Threading.Tasks.TaskCompletionSourceWithCancellation`1.WaitWithCancellationAsync(CancellationToken cancellationToken)
   at System.Runtime.CompilerServices.RuntimeAsyncTaskContinuation.GetResult[T](Task task, Byte& result)
   at System.Runtime.CompilerServices.RuntimeAsyncTaskContinuation.TaskContinuationResume.ResumeTaskContinuation(Continuation cont, Byte& result)
   at System.Net.Http.HttpConnectionPool.SendWithVersionDetectionAndRetryAsync(HttpRequestMessage request, Boolean async, Boolean doRequestAuth, CancellationToken cancellationToken)
   at System.Runtime.CompilerServices.RuntimeAsyncTaskContinuation.GetResult[T](Task task, Byte& result)
   at System.Runtime.CompilerServices.RuntimeAsyncTaskContinuation.TaskContinuationResume.ResumeTaskContinuation(Continuation cont, Byte& result)
   at System.Net.Http.DiagnosticsHandler.SendAsyncCore(HttpRequestMessage request, Boolean async, CancellationToken cancellationToken)
   at System.Net.Http.RedirectHandler.SendAsync(HttpRequestMessage request, Boolean async, CancellationToken cancellationToken)
   at Microsoft.Extensions.Http.Logging.LoggingHttpMessageHandler.<SendCoreAsync>g__Core|4_0(HttpRequestMessage request, Boolean useAsync, CancellationToken cancellationToken)
2026-09-23 11:11:03.846 +05:30 [INF] System.Net.Http.HttpClient.Default.LogicalHandler HTTP request failed after 4157.471ms
System.Net.Http.HttpRequestException: No connection could be made because the target machine actively refused it. (localhost:8001)
 ---> System.Net.Sockets.SocketException (10061): No connection could be made because the target machine actively refused it.
   at System.Net.Sockets.Socket.AwaitableSocketAsyncEventArgs.ThrowException(SocketError error, CancellationToken cancellationToken)
   at System.Net.Sockets.Socket.AwaitableSocketAsyncEventArgs.System.Threading.Tasks.Sources.IValueTaskSource.GetResult(Int16 token)
   at System.Runtime.CompilerServices.AsyncHelpers.ValueTaskSourceContinuation.GetResult(Object source, Int16 token, Byte& result)
   at System.Runtime.CompilerServices.AsyncHelpers.ValueTaskSourceContinuation.ValueTaskSourceContinuationResume.ResumeValueTaskSourceContinuation(Continuation cont, Byte& result)
   at System.Net.Http.HttpConnectionPool.ConnectToTcpHostAsync(String host, Int32 port, HttpRequestMessage initialRequest, Boolean async, CancellationToken cancellationToken)
   --- End of inner exception stack trace ---
   at System.Net.Http.HttpConnectionPool.ConnectToTcpHostAsync(String host, Int32 port, HttpRequestMessage initialRequest, Boolean async, CancellationToken cancellationToken)
   at System.Net.Http.HttpConnectionPool.ConnectAsync(HttpRequestMessage request, Boolean async, Boolean isForHttp2, CancellationToken cancellationToken)
   at System.Net.Http.HttpConnectionPool.CreateHttp11ConnectionAsync(HttpRequestMessage request, Boolean async, CancellationToken cancellationToken)
   at System.Net.Http.HttpConnectionPool.InjectNewHttp11ConnectionAsync(QueueItem queueItem)
   at System.Runtime.CompilerServices.RuntimeAsyncTaskContinuation.GetResult[T](Task task, Byte& result)
   at System.Runtime.CompilerServices.RuntimeAsyncTaskContinuation.TaskContinuationResume.ResumeTaskContinuation(Continuation cont, Byte& result)
   at System.Threading.Tasks.TaskCompletionSourceWithCancellation`1.WaitWithCancellationAsync(CancellationToken cancellationToken)
   at System.Runtime.CompilerServices.RuntimeAsyncTaskContinuation.GetResult[T](Task task, Byte& result)
   at System.Runtime.CompilerServices.RuntimeAsyncTaskContinuation.TaskContinuationResume.ResumeTaskContinuation(Continuation cont, Byte& result)
   at System.Net.Http.HttpConnectionPool.SendWithVersionDetectionAndRetryAsync(HttpRequestMessage request, Boolean async, Boolean doRequestAuth, CancellationToken cancellationToken)
   at System.Runtime.CompilerServices.RuntimeAsyncTaskContinuation.GetResult[T](Task task, Byte& result)
   at System.Runtime.CompilerServices.RuntimeAsyncTaskContinuation.TaskContinuationResume.ResumeTaskContinuation(Continuation cont, Byte& result)
   at System.Net.Http.DiagnosticsHandler.SendAsyncCore(HttpRequestMessage request, Boolean async, CancellationToken cancellationToken)
   at System.Net.Http.RedirectHandler.SendAsync(HttpRequestMessage request, Boolean async, CancellationToken cancellationToken)
   at Microsoft.Extensions.Http.Logging.LoggingHttpMessageHandler.<SendCoreAsync>g__Core|4_0(HttpRequestMessage request, Boolean useAsync, CancellationToken cancellationToken)
   at Microsoft.Extensions.Http.Logging.LoggingScopeHttpMessageHandler.<SendCoreAsync>g__Core|4_0(HttpRequestMessage request, Boolean useAsync, CancellationToken cancellationToken)
2026-09-23 11:11:03.850 +05:30 [WRN] FishLink.API.Controllers.AgentGatewayController Price API unreachable for species Tuna (Yellowfin)
System.Net.Http.HttpRequestException: No connection could be made because the target machine actively refused it. (localhost:8001)
 ---> System.Net.Sockets.SocketException (10061): No connection could be made because the target machine actively refused it.
   at System.Net.Sockets.Socket.AwaitableSocketAsyncEventArgs.ThrowException(SocketError error, CancellationToken cancellationToken)
   at System.Net.Sockets.Socket.AwaitableSocketAsyncEventArgs.System.Threading.Tasks.Sources.IValueTaskSource.GetResult(Int16 token)
   at System.Runtime.CompilerServices.AsyncHelpers.ValueTaskSourceContinuation.GetResult(Object source, Int16 token, Byte& result)
   at System.Runtime.CompilerServices.AsyncHelpers.ValueTaskSourceContinuation.ValueTaskSourceContinuationResume.ResumeValueTaskSourceContinuation(Continuation cont, Byte& result)
   at System.Net.Http.HttpConnectionPool.ConnectToTcpHostAsync(String host, Int32 port, HttpRequestMessage initialRequest, Boolean async, CancellationToken cancellationToken)
   --- End of inner exception stack trace ---
   at System.Net.Http.HttpConnectionPool.ConnectToTcpHostAsync(String host, Int32 port, HttpRequestMessage initialRequest, Boolean async, CancellationToken cancellationToken)
   at System.Net.Http.HttpConnectionPool.ConnectAsync(HttpRequestMessage request, Boolean async, Boolean isForHttp2, CancellationToken cancellationToken)
   at System.Net.Http.HttpConnectionPool.CreateHttp11ConnectionAsync(HttpRequestMessage request, Boolean async, CancellationToken cancellationToken)
   at System.Net.Http.HttpConnectionPool.InjectNewHttp11ConnectionAsync(QueueItem queueItem)
   at System.Runtime.CompilerServices.RuntimeAsyncTaskContinuation.GetResult[T](Task task, Byte& result)
   at System.Runtime.CompilerServices.RuntimeAsyncTaskContinuation.TaskContinuationResume.ResumeTaskContinuation(Continuation cont, Byte& result)
   at System.Threading.Tasks.TaskCompletionSourceWithCancellation`1.WaitWithCancellationAsync(CancellationToken cancellationToken)
   at System.Runtime.CompilerServices.RuntimeAsyncTaskContinuation.GetResult[T](Task task, Byte& result)
   at System.Runtime.CompilerServices.RuntimeAsyncTaskContinuation.TaskContinuationResume.ResumeTaskContinuation(Continuation cont, Byte& result)
   at System.Net.Http.HttpConnectionPool.SendWithVersionDetectionAndRetryAsync(HttpRequestMessage request, Boolean async, Boolean doRequestAuth, CancellationToken cancellationToken)
   at System.Runtime.CompilerServices.RuntimeAsyncTaskContinuation.GetResult[T](Task task, Byte& result)
   at System.Runtime.CompilerServices.RuntimeAsyncTaskContinuation.TaskContinuationResume.ResumeTaskContinuation(Continuation cont, Byte& result)
   at System.Net.Http.DiagnosticsHandler.SendAsyncCore(HttpRequestMessage request, Boolean async, CancellationToken cancellationToken)
   at System.Net.Http.RedirectHandler.SendAsync(HttpRequestMessage request, Boolean async, CancellationToken cancellationToken)
   at Microsoft.Extensions.Http.Logging.LoggingHttpMessageHandler.<SendCoreAsync>g__Core|4_0(HttpRequestMessage request, Boolean useAsync, CancellationToken cancellationToken)
   at Microsoft.Extensions.Http.Logging.LoggingScopeHttpMessageHandler.<SendCoreAsync>g__Core|4_0(HttpRequestMessage request, Boolean useAsync, CancellationToken cancellationToken)
   at System.Runtime.CompilerServices.RuntimeAsyncTaskContinuation.GetResult[T](Task task, Byte& result)
   at System.Runtime.CompilerServices.RuntimeAsyncTaskContinuation.TaskContinuationResume.ResumeTaskContinuation(Continuation cont, Byte& result)
   at System.Net.Http.HttpClient.<SendAsync>g__Core|83_0(HttpRequestMessage request, HttpCompletionOption completionOption, CancellationTokenSource cts, Boolean disposeCts, CancellationTokenSource pendingRequestsCts, CancellationToken originalCancellationToken)
   at FishLink.API.Controllers.AgentGatewayController.GetPricePrediction(String species) in C:\Users\Kaveesha\Desktop\fish\FishLink.API\Controllers\AgentGatewayController.cs:line 147
2026-09-23 11:11:03.864 +05:30 [INF] Serilog.AspNetCore.RequestLoggingMiddleware HTTP GET /api/AgentGateway/prices/Tuna (Yellowfin)/predict responded 200 in 4180.102 ms
2026-09-23 11:11:03.844 +05:30 [WRN] FishLink.API.Controllers.AgentGatewayController Price API unreachable for species Skipjack
System.Net.Http.HttpRequestException: No connection could be made because the target machine actively refused it. (localhost:8001)
 ---> System.Net.Sockets.SocketException (10061): No connection could be made because the target machine actively refused it.
   at System.Net.Sockets.Socket.AwaitableSocketAsyncEventArgs.ThrowException(SocketError error, CancellationToken cancellationToken)
   at System.Net.Sockets.Socket.AwaitableSocketAsyncEventArgs.System.Threading.Tasks.Sources.IValueTaskSource.GetResult(Int16 token)
   at System.Runtime.CompilerServices.AsyncHelpers.ValueTaskSourceContinuation.GetResult(Object source, Int16 token, Byte& result)
   at System.Runtime.CompilerServices.AsyncHelpers.ValueTaskSourceContinuation.ValueTaskSourceContinuationResume.ResumeValueTaskSourceContinuation(Continuation cont, Byte& result)
   at System.Net.Http.HttpConnectionPool.ConnectToTcpHostAsync(String host, Int32 port, HttpRequestMessage initialRequest, Boolean async, CancellationToken cancellationToken)
   --- End of inner exception stack trace ---
   at System.Net.Http.HttpConnectionPool.ConnectToTcpHostAsync(String host, Int32 port, HttpRequestMessage initialRequest, Boolean async, CancellationToken cancellationToken)
   at System.Net.Http.HttpConnectionPool.ConnectAsync(HttpRequestMessage request, Boolean async, Boolean isForHttp2, CancellationToken cancellationToken)
   at System.Net.Http.HttpConnectionPool.CreateHttp11ConnectionAsync(HttpRequestMessage request, Boolean async, CancellationToken cancellationToken)
   at System.Net.Http.HttpConnectionPool.InjectNewHttp11ConnectionAsync(QueueItem queueItem)
   at System.Runtime.CompilerServices.RuntimeAsyncTaskContinuation.GetResult[T](Task task, Byte& result)
   at System.Runtime.CompilerServices.RuntimeAsyncTaskContinuation.TaskContinuationResume.ResumeTaskContinuation(Continuation cont, Byte& result)
   at System.Threading.Tasks.TaskCompletionSourceWithCancellation`1.WaitWithCancellationAsync(CancellationToken cancellationToken)
   at System.Runtime.CompilerServices.RuntimeAsyncTaskContinuation.GetResult[T](Task task, Byte& result)
   at System.Runtime.CompilerServices.RuntimeAsyncTaskContinuation.TaskContinuationResume.ResumeTaskContinuation(Continuation cont, Byte& result)
   at System.Net.Http.HttpConnectionPool.SendWithVersionDetectionAndRetryAsync(HttpRequestMessage request, Boolean async, Boolean doRequestAuth, CancellationToken cancellationToken)
   at System.Runtime.CompilerServices.RuntimeAsyncTaskContinuation.GetResult[T](Task task, Byte& result)
   at System.Runtime.CompilerServices.RuntimeAsyncTaskContinuation.TaskContinuationResume.ResumeTaskContinuation(Continuation cont, Byte& result)
   at System.Net.Http.DiagnosticsHandler.SendAsyncCore(HttpRequestMessage request, Boolean async, CancellationToken cancellationToken)
   at System.Net.Http.RedirectHandler.SendAsync(HttpRequestMessage request, Boolean async, CancellationToken cancellationToken)
   at Microsoft.Extensions.Http.Logging.LoggingHttpMessageHandler.<SendCoreAsync>g__Core|4_0(HttpRequestMessage request, Boolean useAsync, CancellationToken cancellationToken)
   at Microsoft.Extensions.Http.Logging.LoggingScopeHttpMessageHandler.<SendCoreAsync>g__Core|4_0(HttpRequestMessage request, Boolean useAsync, CancellationToken cancellationToken)
   at System.Runtime.CompilerServices.RuntimeAsyncTaskContinuation.GetResult[T](Task task, Byte& result)
   at System.Runtime.CompilerServices.RuntimeAsyncTaskContinuation.TaskContinuationResume.ResumeTaskContinuation(Continuation cont, Byte& result)
   at System.Net.Http.HttpClient.<SendAsync>g__Core|83_0(HttpRequestMessage request, HttpCompletionOption completionOption, CancellationTokenSource cts, Boolean disposeCts, CancellationTokenSource pendingRequestsCts, CancellationToken originalCancellationToken)
   at FishLink.API.Controllers.AgentGatewayController.GetPricePrediction(String species) in C:\Users\Kaveesha\Desktop\fish\FishLink.API\Controllers\AgentGatewayController.cs:line 147
2026-09-23 11:11:03.840 +05:30 [INF] System.Net.Http.HttpClient.Default.ClientHandler HTTP request failed after 4151.8193ms
System.Net.Http.HttpRequestException: No connection could be made because the target machine actively refused it. (localhost:8001)
 ---> System.Net.Sockets.SocketException (10061): No connection could be made because the target machine actively refused it.
   at System.Net.Sockets.Socket.AwaitableSocketAsyncEventArgs.ThrowException(SocketError error, CancellationToken cancellationToken)
   at System.Net.Sockets.Socket.AwaitableSocketAsyncEventArgs.System.Threading.Tasks.Sources.IValueTaskSource.GetResult(Int16 token)
   at System.Runtime.CompilerServices.AsyncHelpers.ValueTaskSourceContinuation.GetResult(Object source, Int16 token, Byte& result)
   at System.Runtime.CompilerServices.AsyncHelpers.ValueTaskSourceContinuation.ValueTaskSourceContinuationResume.ResumeValueTaskSourceContinuation(Continuation cont, Byte& result)
   at System.Net.Http.HttpConnectionPool.ConnectToTcpHostAsync(String host, Int32 port, HttpRequestMessage initialRequest, Boolean async, CancellationToken cancellationToken)
   --- End of inner exception stack trace ---
   at System.Net.Http.HttpConnectionPool.ConnectToTcpHostAsync(String host, Int32 port, HttpRequestMessage initialRequest, Boolean async, CancellationToken cancellationToken)
   at System.Net.Http.HttpConnectionPool.ConnectAsync(HttpRequestMessage request, Boolean async, Boolean isForHttp2, CancellationToken cancellationToken)
   at System.Net.Http.HttpConnectionPool.CreateHttp11ConnectionAsync(HttpRequestMessage request, Boolean async, CancellationToken cancellationToken)
   at System.Net.Http.HttpConnectionPool.InjectNewHttp11ConnectionAsync(QueueItem queueItem)
   at System.Runtime.CompilerServices.RuntimeAsyncTaskContinuation.GetResult[T](Task task, Byte& result)
   at System.Runtime.CompilerServices.RuntimeAsyncTaskContinuation.TaskContinuationResume.ResumeTaskContinuation(Continuation cont, Byte& result)
   at System.Threading.Tasks.TaskCompletionSourceWithCancellation`1.WaitWithCancellationAsync(CancellationToken cancellationToken)
   at System.Runtime.CompilerServices.RuntimeAsyncTaskContinuation.GetResult[T](Task task, Byte& result)
   at System.Runtime.CompilerServices.RuntimeAsyncTaskContinuation.TaskContinuationResume.ResumeTaskContinuation(Continuation cont, Byte& result)
   at System.Net.Http.HttpConnectionPool.SendWithVersionDetectionAndRetryAsync(HttpRequestMessage request, Boolean async, Boolean doRequestAuth, CancellationToken cancellationToken)
   at System.Runtime.CompilerServices.RuntimeAsyncTaskContinuation.GetResult[T](Task task, Byte& result)
   at System.Runtime.CompilerServices.RuntimeAsyncTaskContinuation.TaskContinuationResume.ResumeTaskContinuation(Continuation cont, Byte& result)
   at System.Net.Http.DiagnosticsHandler.SendAsyncCore(HttpRequestMessage request, Boolean async, CancellationToken cancellationToken)
   at System.Net.Http.RedirectHandler.SendAsync(HttpRequestMessage request, Boolean async, CancellationToken cancellationToken)
   at Microsoft.Extensions.Http.Logging.LoggingHttpMessageHandler.<SendCoreAsync>g__Core|4_0(HttpRequestMessage request, Boolean useAsync, CancellationToken cancellationToken)
2026-09-23 11:11:03.878 +05:30 [INF] System.Net.Http.HttpClient.Default.LogicalHandler Start processing HTTP request GET http://localhost:8001/api/prices/Tuna%20%28Yellowfin%29/predict
2026-09-23 11:11:03.878 +05:30 [INF] Serilog.AspNetCore.RequestLoggingMiddleware HTTP GET /api/AgentGateway/prices/Skipjack/predict responded 200 in 4202.102 ms
2026-09-23 11:11:03.882 +05:30 [INF] System.Net.Http.HttpClient.Default.LogicalHandler HTTP request failed after 4193.9769ms
System.Net.Http.HttpRequestException: No connection could be made because the target machine actively refused it. (localhost:8001)
 ---> System.Net.Sockets.SocketException (10061): No connection could be made because the target machine actively refused it.
   at System.Net.Sockets.Socket.AwaitableSocketAsyncEventArgs.ThrowException(SocketError error, CancellationToken cancellationToken)
   at System.Net.Sockets.Socket.AwaitableSocketAsyncEventArgs.System.Threading.Tasks.Sources.IValueTaskSource.GetResult(Int16 token)
   at System.Runtime.CompilerServices.AsyncHelpers.ValueTaskSourceContinuation.GetResult(Object source, Int16 token, Byte& result)
   at System.Runtime.CompilerServices.AsyncHelpers.ValueTaskSourceContinuation.ValueTaskSourceContinuationResume.ResumeValueTaskSourceContinuation(Continuation cont, Byte& result)
   at System.Net.Http.HttpConnectionPool.ConnectToTcpHostAsync(String host, Int32 port, HttpRequestMessage initialRequest, Boolean async, CancellationToken cancellationToken)
   --- End of inner exception stack trace ---
   at System.Net.Http.HttpConnectionPool.ConnectToTcpHostAsync(String host, Int32 port, HttpRequestMessage initialRequest, Boolean async, CancellationToken cancellationToken)
   at System.Net.Http.HttpConnectionPool.ConnectAsync(HttpRequestMessage request, Boolean async, Boolean isForHttp2, CancellationToken cancellationToken)
   at System.Net.Http.HttpConnectionPool.CreateHttp11ConnectionAsync(HttpRequestMessage request, Boolean async, CancellationToken cancellationToken)
   at System.Net.Http.HttpConnectionPool.InjectNewHttp11ConnectionAsync(QueueItem queueItem)
   at System.Runtime.CompilerServices.RuntimeAsyncTaskContinuation.GetResult[T](Task task, Byte& result)
   at System.Runtime.CompilerServices.RuntimeAsyncTaskContinuation.TaskContinuationResume.ResumeTaskContinuation(Continuation cont, Byte& result)
   at System.Threading.Tasks.TaskCompletionSourceWithCancellation`1.WaitWithCancellationAsync(CancellationToken cancellationToken)
   at System.Runtime.CompilerServices.RuntimeAsyncTaskContinuation.GetResult[T](Task task, Byte& result)
   at System.Runtime.CompilerServices.RuntimeAsyncTaskContinuation.TaskContinuationResume.ResumeTaskContinuation(Continuation cont, Byte& result)
   at System.Net.Http.HttpConnectionPool.SendWithVersionDetectionAndRetryAsync(HttpRequestMessage request, Boolean async, Boolean doRequestAuth, CancellationToken cancellationToken)
   at System.Runtime.CompilerServices.RuntimeAsyncTaskContinuation.GetResult[T](Task task, Byte& result)
   at System.Runtime.CompilerServices.RuntimeAsyncTaskContinuation.TaskContinuationResume.ResumeTaskContinuation(Continuation cont, Byte& result)
   at System.Net.Http.DiagnosticsHandler.SendAsyncCore(HttpRequestMessage request, Boolean async, CancellationToken cancellationToken)
   at System.Net.Http.RedirectHandler.SendAsync(HttpRequestMessage request, Boolean async, CancellationToken cancellationToken)
   at Microsoft.Extensions.Http.Logging.LoggingHttpMessageHandler.<SendCoreAsync>g__Core|4_0(HttpRequestMessage request, Boolean useAsync, CancellationToken cancellationToken)
   at Microsoft.Extensions.Http.Logging.LoggingScopeHttpMessageHandler.<SendCoreAsync>g__Core|4_0(HttpRequestMessage request, Boolean useAsync, CancellationToken cancellationToken)
2026-09-23 11:11:03.883 +05:30 [WRN] FishLink.API.Controllers.AgentGatewayController Price API unreachable for species Trevally (Paraw)
System.Net.Http.HttpRequestException: No connection could be made because the target machine actively refused it. (localhost:8001)
 ---> System.Net.Sockets.SocketException (10061): No connection could be made because the target machine actively refused it.
   at System.Net.Sockets.Socket.AwaitableSocketAsyncEventArgs.ThrowException(SocketError error, CancellationToken cancellationToken)
   at System.Net.Sockets.Socket.AwaitableSocketAsyncEventArgs.System.Threading.Tasks.Sources.IValueTaskSource.GetResult(Int16 token)
   at System.Runtime.CompilerServices.AsyncHelpers.ValueTaskSourceContinuation.GetResult(Object source, Int16 token, Byte& result)
   at System.Runtime.CompilerServices.AsyncHelpers.ValueTaskSourceContinuation.ValueTaskSourceContinuationResume.ResumeValueTaskSourceContinuation(Continuation cont, Byte& result)
   at System.Net.Http.HttpConnectionPool.ConnectToTcpHostAsync(String host, Int32 port, HttpRequestMessage initialRequest, Boolean async, CancellationToken cancellationToken)
   --- End of inner exception stack trace ---
   at System.Net.Http.HttpConnectionPool.ConnectToTcpHostAsync(String host, Int32 port, HttpRequestMessage initialRequest, Boolean async, CancellationToken cancellationToken)
   at System.Net.Http.HttpConnectionPool.ConnectAsync(HttpRequestMessage request, Boolean async, Boolean isForHttp2, CancellationToken cancellationToken)
   at System.Net.Http.HttpConnectionPool.CreateHttp11ConnectionAsync(HttpRequestMessage request, Boolean async, CancellationToken cancellationToken)
   at System.Net.Http.HttpConnectionPool.InjectNewHttp11ConnectionAsync(QueueItem queueItem)
   at System.Runtime.CompilerServices.RuntimeAsyncTaskContinuation.GetResult[T](Task task, Byte& result)
   at System.Runtime.CompilerServices.RuntimeAsyncTaskContinuation.TaskContinuationResume.ResumeTaskContinuation(Continuation cont, Byte& result)
   at System.Threading.Tasks.TaskCompletionSourceWithCancellation`1.WaitWithCancellationAsync(CancellationToken cancellationToken)
   at System.Runtime.CompilerServices.RuntimeAsyncTaskContinuation.GetResult[T](Task task, Byte& result)
   at System.Runtime.CompilerServices.RuntimeAsyncTaskContinuation.TaskContinuationResume.ResumeTaskContinuation(Continuation cont, Byte& result)
   at System.Net.Http.HttpConnectionPool.SendWithVersionDetectionAndRetryAsync(HttpRequestMessage request, Boolean async, Boolean doRequestAuth, CancellationToken cancellationToken)
   at System.Runtime.CompilerServices.RuntimeAsyncTaskContinuation.GetResult[T](Task task, Byte& result)
   at System.Runtime.CompilerServices.RuntimeAsyncTaskContinuation.TaskContinuationResume.ResumeTaskContinuation(Continuation cont, Byte& result)
   at System.Net.Http.DiagnosticsHandler.SendAsyncCore(HttpRequestMessage request, Boolean async, CancellationToken cancellationToken)
   at System.Net.Http.RedirectHandler.SendAsync(HttpRequestMessage request, Boolean async, CancellationToken cancellationToken)
   at Microsoft.Extensions.Http.Logging.LoggingHttpMessageHandler.<SendCoreAsync>g__Core|4_0(HttpRequestMessage request, Boolean useAsync, CancellationToken cancellationToken)
   at Microsoft.Extensions.Http.Logging.LoggingScopeHttpMessageHandler.<SendCoreAsync>g__Core|4_0(HttpRequestMessage request, Boolean useAsync, CancellationToken cancellationToken)
   at System.Runtime.CompilerServices.RuntimeAsyncTaskContinuation.GetResult[T](Task task, Byte& result)
   at System.Runtime.CompilerServices.RuntimeAsyncTaskContinuation.TaskContinuationResume.ResumeTaskContinuation(Continuation cont, Byte& result)
   at System.Net.Http.HttpClient.<SendAsync>g__Core|83_0(HttpRequestMessage request, HttpCompletionOption completionOption, CancellationTokenSource cts, Boolean disposeCts, CancellationTokenSource pendingRequestsCts, CancellationToken originalCancellationToken)
   at FishLink.API.Controllers.AgentGatewayController.GetPricePrediction(String species) in C:\Users\Kaveesha\Desktop\fish\FishLink.API\Controllers\AgentGatewayController.cs:line 147
2026-09-23 11:11:03.886 +05:30 [INF] Serilog.AspNetCore.RequestLoggingMiddleware HTTP GET /api/AgentGateway/prices/Trevally (Paraw)/predict responded 200 in 4199.787 ms
2026-09-23 11:11:03.888 +05:30 [INF] System.Net.Http.HttpClient.Default.LogicalHandler Start processing HTTP request GET http://localhost:8001/api/prices/Skipjack/predict
2026-09-23 11:11:03.888 +05:30 [INF] System.Net.Http.HttpClient.Default.ClientHandler Sending HTTP request GET http://localhost:8001/api/prices/Skipjack/predict
2026-09-23 11:11:03.882 +05:30 [INF] System.Net.Http.HttpClient.Default.ClientHandler Sending HTTP request GET http://localhost:8001/api/prices/Tuna%20%28Yellowfin%29/predict
2026-09-23 11:11:03.901 +05:30 [INF] System.Net.Http.HttpClient.Default.LogicalHandler Start processing HTTP request GET http://localhost:8001/api/prices/Trevally%20%28Paraw%29/predict
2026-09-23 11:11:03.901 +05:30 [INF] System.Net.Http.HttpClient.Default.ClientHandler Sending HTTP request GET http://localhost:8001/api/prices/Trevally%20%28Paraw%29/predict
2026-09-23 11:11:07.919 +05:30 [INF] System.Net.Http.HttpClient.Default.ClientHandler HTTP request failed after 4082.5818ms
System.Net.Http.HttpRequestException: No connection could be made because the target machine actively refused it. (localhost:8001)
 ---> System.Net.Sockets.SocketException (10061): No connection could be made because the target machine actively refused it.
   at System.Net.Sockets.Socket.AwaitableSocketAsyncEventArgs.ThrowException(SocketError error, CancellationToken cancellationToken)
   at System.Net.Sockets.Socket.AwaitableSocketAsyncEventArgs.System.Threading.Tasks.Sources.IValueTaskSource.GetResult(Int16 token)
   at System.Runtime.CompilerServices.AsyncHelpers.ValueTaskSourceContinuation.GetResult(Object source, Int16 token, Byte& result)
   at System.Runtime.CompilerServices.AsyncHelpers.ValueTaskSourceContinuation.ValueTaskSourceContinuationResume.ResumeValueTaskSourceContinuation(Continuation cont, Byte& result)
   at System.Net.Http.HttpConnectionPool.ConnectToTcpHostAsync(String host, Int32 port, HttpRequestMessage initialRequest, Boolean async, CancellationToken cancellationToken)
   --- End of inner exception stack trace ---
   at System.Net.Http.HttpConnectionPool.ConnectToTcpHostAsync(String host, Int32 port, HttpRequestMessage initialRequest, Boolean async, CancellationToken cancellationToken)
   at System.Net.Http.HttpConnectionPool.ConnectAsync(HttpRequestMessage request, Boolean async, Boolean isForHttp2, CancellationToken cancellationToken)
   at System.Net.Http.HttpConnectionPool.CreateHttp11ConnectionAsync(HttpRequestMessage request, Boolean async, CancellationToken cancellationToken)
   at System.Net.Http.HttpConnectionPool.InjectNewHttp11ConnectionAsync(QueueItem queueItem)
   at System.Runtime.CompilerServices.RuntimeAsyncTaskContinuation.GetResult[T](Task task, Byte& result)
   at System.Runtime.CompilerServices.RuntimeAsyncTaskContinuation.TaskContinuationResume.ResumeTaskContinuation(Continuation cont, Byte& result)
   at System.Threading.Tasks.TaskCompletionSourceWithCancellation`1.WaitWithCancellationAsync(CancellationToken cancellationToken)
   at System.Runtime.CompilerServices.RuntimeAsyncTaskContinuation.GetResult[T](Task task, Byte& result)
   at System.Runtime.CompilerServices.RuntimeAsyncTaskContinuation.TaskContinuationResume.ResumeTaskContinuation(Continuation cont, Byte& result)
   at System.Net.Http.HttpConnectionPool.SendWithVersionDetectionAndRetryAsync(HttpRequestMessage request, Boolean async, Boolean doRequestAuth, CancellationToken cancellationToken)
   at System.Runtime.CompilerServices.RuntimeAsyncTaskContinuation.GetResult[T](Task task, Byte& result)
   at System.Runtime.CompilerServices.RuntimeAsyncTaskContinuation.TaskContinuationResume.ResumeTaskContinuation(Continuation cont, Byte& result)
   at System.Net.Http.DiagnosticsHandler.SendAsyncCore(HttpRequestMessage request, Boolean async, CancellationToken cancellationToken)
   at System.Net.Http.RedirectHandler.SendAsync(HttpRequestMessage request, Boolean async, CancellationToken cancellationToken)
   at Microsoft.Extensions.Http.Logging.LoggingHttpMessageHandler.<SendCoreAsync>g__Core|4_0(HttpRequestMessage request, Boolean useAsync, CancellationToken cancellationToken)
2026-09-23 11:11:07.925 +05:30 [INF] System.Net.Http.HttpClient.Default.LogicalHandler HTTP request failed after 4091.1752ms
System.Net.Http.HttpRequestException: No connection could be made because the target machine actively refused it. (localhost:8001)
 ---> System.Net.Sockets.SocketException (10061): No connection could be made because the target machine actively refused it.
   at System.Net.Sockets.Socket.AwaitableSocketAsyncEventArgs.ThrowException(SocketError error, CancellationToken cancellationToken)
   at System.Net.Sockets.Socket.AwaitableSocketAsyncEventArgs.System.Threading.Tasks.Sources.IValueTaskSource.GetResult(Int16 token)
   at System.Runtime.CompilerServices.AsyncHelpers.ValueTaskSourceContinuation.GetResult(Object source, Int16 token, Byte& result)
   at System.Runtime.CompilerServices.AsyncHelpers.ValueTaskSourceContinuation.ValueTaskSourceContinuationResume.ResumeValueTaskSourceContinuation(Continuation cont, Byte& result)
   at System.Net.Http.HttpConnectionPool.ConnectToTcpHostAsync(String host, Int32 port, HttpRequestMessage initialRequest, Boolean async, CancellationToken cancellationToken)
   --- End of inner exception stack trace ---
   at System.Net.Http.HttpConnectionPool.ConnectToTcpHostAsync(String host, Int32 port, HttpRequestMessage initialRequest, Boolean async, CancellationToken cancellationToken)
   at System.Net.Http.HttpConnectionPool.ConnectAsync(HttpRequestMessage request, Boolean async, Boolean isForHttp2, CancellationToken cancellationToken)
   at System.Net.Http.HttpConnectionPool.CreateHttp11ConnectionAsync(HttpRequestMessage request, Boolean async, CancellationToken cancellationToken)
   at System.Net.Http.HttpConnectionPool.InjectNewHttp11ConnectionAsync(QueueItem queueItem)
   at System.Runtime.CompilerServices.RuntimeAsyncTaskContinuation.GetResult[T](Task task, Byte& result)
   at System.Runtime.CompilerServices.RuntimeAsyncTaskContinuation.TaskContinuationResume.ResumeTaskContinuation(Continuation cont, Byte& result)
   at System.Threading.Tasks.TaskCompletionSourceWithCancellation`1.WaitWithCancellationAsync(CancellationToken cancellationToken)
   at System.Runtime.CompilerServices.RuntimeAsyncTaskContinuation.GetResult[T](Task task, Byte& result)
   at System.Runtime.CompilerServices.RuntimeAsyncTaskContinuation.TaskContinuationResume.ResumeTaskContinuation(Continuation cont, Byte& result)
   at System.Net.Http.HttpConnectionPool.SendWithVersionDetectionAndRetryAsync(HttpRequestMessage request, Boolean async, Boolean doRequestAuth, CancellationToken cancellationToken)
   at System.Runtime.CompilerServices.RuntimeAsyncTaskContinuation.GetResult[T](Task task, Byte& result)
   at System.Runtime.CompilerServices.RuntimeAsyncTaskContinuation.TaskContinuationResume.ResumeTaskContinuation(Continuation cont, Byte& result)
   at System.Net.Http.DiagnosticsHandler.SendAsyncCore(HttpRequestMessage request, Boolean async, CancellationToken cancellationToken)
   at System.Net.Http.RedirectHandler.SendAsync(HttpRequestMessage request, Boolean async, CancellationToken cancellationToken)
   at Microsoft.Extensions.Http.Logging.LoggingHttpMessageHandler.<SendCoreAsync>g__Core|4_0(HttpRequestMessage request, Boolean useAsync, CancellationToken cancellationToken)
   at Microsoft.Extensions.Http.Logging.LoggingScopeHttpMessageHandler.<SendCoreAsync>g__Core|4_0(HttpRequestMessage request, Boolean useAsync, CancellationToken cancellationToken)
2026-09-23 11:11:07.935 +05:30 [WRN] FishLink.API.Controllers.AgentGatewayController Price API unreachable for species Mackerel
System.Net.Http.HttpRequestException: No connection could be made because the target machine actively refused it. (localhost:8001)
 ---> System.Net.Sockets.SocketException (10061): No connection could be made because the target machine actively refused it.
   at System.Net.Sockets.Socket.AwaitableSocketAsyncEventArgs.ThrowException(SocketError error, CancellationToken cancellationToken)
   at System.Net.Sockets.Socket.AwaitableSocketAsyncEventArgs.System.Threading.Tasks.Sources.IValueTaskSource.GetResult(Int16 token)
   at System.Runtime.CompilerServices.AsyncHelpers.ValueTaskSourceContinuation.GetResult(Object source, Int16 token, Byte& result)
   at System.Runtime.CompilerServices.AsyncHelpers.ValueTaskSourceContinuation.ValueTaskSourceContinuationResume.ResumeValueTaskSourceContinuation(Continuation cont, Byte& result)
   at System.Net.Http.HttpConnectionPool.ConnectToTcpHostAsync(String host, Int32 port, HttpRequestMessage initialRequest, Boolean async, CancellationToken cancellationToken)
   --- End of inner exception stack trace ---
   at System.Net.Http.HttpConnectionPool.ConnectToTcpHostAsync(String host, Int32 port, HttpRequestMessage initialRequest, Boolean async, CancellationToken cancellationToken)
   at System.Net.Http.HttpConnectionPool.ConnectAsync(HttpRequestMessage request, Boolean async, Boolean isForHttp2, CancellationToken cancellationToken)
   at System.Net.Http.HttpConnectionPool.CreateHttp11ConnectionAsync(HttpRequestMessage request, Boolean async, CancellationToken cancellationToken)
   at System.Net.Http.HttpConnectionPool.InjectNewHttp11ConnectionAsync(QueueItem queueItem)
   at System.Runtime.CompilerServices.RuntimeAsyncTaskContinuation.GetResult[T](Task task, Byte& result)
   at System.Runtime.CompilerServices.RuntimeAsyncTaskContinuation.TaskContinuationResume.ResumeTaskContinuation(Continuation cont, Byte& result)
   at System.Threading.Tasks.TaskCompletionSourceWithCancellation`1.WaitWithCancellationAsync(CancellationToken cancellationToken)
   at System.Runtime.CompilerServices.RuntimeAsyncTaskContinuation.GetResult[T](Task task, Byte& result)
   at System.Runtime.CompilerServices.RuntimeAsyncTaskContinuation.TaskContinuationResume.ResumeTaskContinuation(Continuation cont, Byte& result)
   at System.Net.Http.HttpConnectionPool.SendWithVersionDetectionAndRetryAsync(HttpRequestMessage request, Boolean async, Boolean doRequestAuth, CancellationToken cancellationToken)
   at System.Runtime.CompilerServices.RuntimeAsyncTaskContinuation.GetResult[T](Task task, Byte& result)
   at System.Runtime.CompilerServices.RuntimeAsyncTaskContinuation.TaskContinuationResume.ResumeTaskContinuation(Continuation cont, Byte& result)
   at System.Net.Http.DiagnosticsHandler.SendAsyncCore(HttpRequestMessage request, Boolean async, CancellationToken cancellationToken)
   at System.Net.Http.RedirectHandler.SendAsync(HttpRequestMessage request, Boolean async, CancellationToken cancellationToken)
   at Microsoft.Extensions.Http.Logging.LoggingHttpMessageHandler.<SendCoreAsync>g__Core|4_0(HttpRequestMessage request, Boolean useAsync, CancellationToken cancellationToken)
   at Microsoft.Extensions.Http.Logging.LoggingScopeHttpMessageHandler.<SendCoreAsync>g__Core|4_0(HttpRequestMessage request, Boolean useAsync, CancellationToken cancellationToken)
   at System.Runtime.CompilerServices.RuntimeAsyncTaskContinuation.GetResult[T](Task task, Byte& result)
   at System.Runtime.CompilerServices.RuntimeAsyncTaskContinuation.TaskContinuationResume.ResumeTaskContinuation(Continuation cont, Byte& result)
   at System.Net.Http.HttpClient.<SendAsync>g__Core|83_0(HttpRequestMessage request, HttpCompletionOption completionOption, CancellationTokenSource cts, Boolean disposeCts, CancellationTokenSource pendingRequestsCts, CancellationToken originalCancellationToken)
   at FishLink.API.Controllers.AgentGatewayController.GetPricePrediction(String species) in C:\Users\Kaveesha\Desktop\fish\FishLink.API\Controllers\AgentGatewayController.cs:line 147
2026-09-23 11:11:07.946 +05:30 [INF] Serilog.AspNetCore.RequestLoggingMiddleware HTTP GET /api/AgentGateway/prices/Mackerel/predict responded 200 in 4113.607 ms
2026-09-23 11:11:07.974 +05:30 [INF] System.Net.Http.HttpClient.Default.ClientHandler HTTP request failed after 4083.8451ms
System.Net.Http.HttpRequestException: No connection could be made because the target machine actively refused it. (localhost:8001)
 ---> System.Net.Sockets.SocketException (10061): No connection could be made because the target machine actively refused it.
   at System.Net.Sockets.Socket.AwaitableSocketAsyncEventArgs.ThrowException(SocketError error, CancellationToken cancellationToken)
   at System.Net.Sockets.Socket.AwaitableSocketAsyncEventArgs.System.Threading.Tasks.Sources.IValueTaskSource.GetResult(Int16 token)
   at System.Runtime.CompilerServices.AsyncHelpers.ValueTaskSourceContinuation.GetResult(Object source, Int16 token, Byte& result)
   at System.Runtime.CompilerServices.AsyncHelpers.ValueTaskSourceContinuation.ValueTaskSourceContinuationResume.ResumeValueTaskSourceContinuation(Continuation cont, Byte& result)
   at System.Net.Http.HttpConnectionPool.ConnectToTcpHostAsync(String host, Int32 port, HttpRequestMessage initialRequest, Boolean async, CancellationToken cancellationToken)
   --- End of inner exception stack trace ---
   at System.Net.Http.HttpConnectionPool.ConnectToTcpHostAsync(String host, Int32 port, HttpRequestMessage initialRequest, Boolean async, CancellationToken cancellationToken)
   at System.Net.Http.HttpConnectionPool.ConnectAsync(HttpRequestMessage request, Boolean async, Boolean isForHttp2, CancellationToken cancellationToken)
   at System.Net.Http.HttpConnectionPool.CreateHttp11ConnectionAsync(HttpRequestMessage request, Boolean async, CancellationToken cancellationToken)
   at System.Net.Http.HttpConnectionPool.InjectNewHttp11ConnectionAsync(QueueItem queueItem)
   at System.Runtime.CompilerServices.RuntimeAsyncTaskContinuation.GetResult[T](Task task, Byte& result)
   at System.Runtime.CompilerServices.RuntimeAsyncTaskContinuation.TaskContinuationResume.ResumeTaskContinuation(Continuation cont, Byte& result)
   at System.Threading.Tasks.TaskCompletionSourceWithCancellation`1.WaitWithCancellationAsync(CancellationToken cancellationToken)
   at System.Runtime.CompilerServices.RuntimeAsyncTaskContinuation.GetResult[T](Task task, Byte& result)
   at System.Runtime.CompilerServices.RuntimeAsyncTaskContinuation.TaskContinuationResume.ResumeTaskContinuation(Continuation cont, Byte& result)
   at System.Net.Http.HttpConnectionPool.SendWithVersionDetectionAndRetryAsync(HttpRequestMessage request, Boolean async, Boolean doRequestAuth, CancellationToken cancellationToken)
   at System.Runtime.CompilerServices.RuntimeAsyncTaskContinuation.GetResult[T](Task task, Byte& result)
   at System.Runtime.CompilerServices.RuntimeAsyncTaskContinuation.TaskContinuationResume.ResumeTaskContinuation(Continuation cont, Byte& result)
   at System.Net.Http.DiagnosticsHandler.SendAsyncCore(HttpRequestMessage request, Boolean async, CancellationToken cancellationToken)
   at System.Net.Http.RedirectHandler.SendAsync(HttpRequestMessage request, Boolean async, CancellationToken cancellationToken)
   at Microsoft.Extensions.Http.Logging.LoggingHttpMessageHandler.<SendCoreAsync>g__Core|4_0(HttpRequestMessage request, Boolean useAsync, CancellationToken cancellationToken)
2026-09-23 11:11:07.975 +05:30 [INF] System.Net.Http.HttpClient.Default.LogicalHandler HTTP request failed after 4096.7405ms
System.Net.Http.HttpRequestException: No connection could be made because the target machine actively refused it. (localhost:8001)
 ---> System.Net.Sockets.SocketException (10061): No connection could be made because the target machine actively refused it.
   at System.Net.Sockets.Socket.AwaitableSocketAsyncEventArgs.ThrowException(SocketError error, CancellationToken cancellationToken)
   at System.Net.Sockets.Socket.AwaitableSocketAsyncEventArgs.System.Threading.Tasks.Sources.IValueTaskSource.GetResult(Int16 token)
   at System.Runtime.CompilerServices.AsyncHelpers.ValueTaskSourceContinuation.GetResult(Object source, Int16 token, Byte& result)
   at System.Runtime.CompilerServices.AsyncHelpers.ValueTaskSourceContinuation.ValueTaskSourceContinuationResume.ResumeValueTaskSourceContinuation(Continuation cont, Byte& result)
   at System.Net.Http.HttpConnectionPool.ConnectToTcpHostAsync(String host, Int32 port, HttpRequestMessage initialRequest, Boolean async, CancellationToken cancellationToken)
   --- End of inner exception stack trace ---
   at System.Net.Http.HttpConnectionPool.ConnectToTcpHostAsync(String host, Int32 port, HttpRequestMessage initialRequest, Boolean async, CancellationToken cancellationToken)
   at System.Net.Http.HttpConnectionPool.ConnectAsync(HttpRequestMessage request, Boolean async, Boolean isForHttp2, CancellationToken cancellationToken)
   at System.Net.Http.HttpConnectionPool.CreateHttp11ConnectionAsync(HttpRequestMessage request, Boolean async, CancellationToken cancellationToken)
   at System.Net.Http.HttpConnectionPool.InjectNewHttp11ConnectionAsync(QueueItem queueItem)
   at System.Runtime.CompilerServices.RuntimeAsyncTaskContinuation.GetResult[T](Task task, Byte& result)
   at System.Runtime.CompilerServices.RuntimeAsyncTaskContinuation.TaskContinuationResume.ResumeTaskContinuation(Continuation cont, Byte& result)
   at System.Threading.Tasks.TaskCompletionSourceWithCancellation`1.WaitWithCancellationAsync(CancellationToken cancellationToken)
   at System.Runtime.CompilerServices.RuntimeAsyncTaskContinuation.GetResult[T](Task task, Byte& result)
   at System.Runtime.CompilerServices.RuntimeAsyncTaskContinuation.TaskContinuationResume.ResumeTaskContinuation(Continuation cont, Byte& result)
   at System.Net.Http.HttpConnectionPool.SendWithVersionDetectionAndRetryAsync(HttpRequestMessage request, Boolean async, Boolean doRequestAuth, CancellationToken cancellationToken)
   at System.Runtime.CompilerServices.RuntimeAsyncTaskContinuation.GetResult[T](Task task, Byte& result)
   at System.Runtime.CompilerServices.RuntimeAsyncTaskContinuation.TaskContinuationResume.ResumeTaskContinuation(Continuation cont, Byte& result)
   at System.Net.Http.DiagnosticsHandler.SendAsyncCore(HttpRequestMessage request, Boolean async, CancellationToken cancellationToken)
   at System.Net.Http.RedirectHandler.SendAsync(HttpRequestMessage request, Boolean async, CancellationToken cancellationToken)
   at Microsoft.Extensions.Http.Logging.LoggingHttpMessageHandler.<SendCoreAsync>g__Core|4_0(HttpRequestMessage request, Boolean useAsync, CancellationToken cancellationToken)
   at Microsoft.Extensions.Http.Logging.LoggingScopeHttpMessageHandler.<SendCoreAsync>g__Core|4_0(HttpRequestMessage request, Boolean useAsync, CancellationToken cancellationToken)
2026-09-23 11:11:07.980 +05:30 [WRN] FishLink.API.Controllers.AgentGatewayController Price API unreachable for species Tuna (Yellowfin)
System.Net.Http.HttpRequestException: No connection could be made because the target machine actively refused it. (localhost:8001)
 ---> System.Net.Sockets.SocketException (10061): No connection could be made because the target machine actively refused it.
   at System.Net.Sockets.Socket.AwaitableSocketAsyncEventArgs.ThrowException(SocketError error, CancellationToken cancellationToken)
   at System.Net.Sockets.Socket.AwaitableSocketAsyncEventArgs.System.Threading.Tasks.Sources.IValueTaskSource.GetResult(Int16 token)
   at System.Runtime.CompilerServices.AsyncHelpers.ValueTaskSourceContinuation.GetResult(Object source, Int16 token, Byte& result)
   at System.Runtime.CompilerServices.AsyncHelpers.ValueTaskSourceContinuation.ValueTaskSourceContinuationResume.ResumeValueTaskSourceContinuation(Continuation cont, Byte& result)
   at System.Net.Http.HttpConnectionPool.ConnectToTcpHostAsync(String host, Int32 port, HttpRequestMessage initialRequest, Boolean async, CancellationToken cancellationToken)
   --- End of inner exception stack trace ---
   at System.Net.Http.HttpConnectionPool.ConnectToTcpHostAsync(String host, Int32 port, HttpRequestMessage initialRequest, Boolean async, CancellationToken cancellationToken)
   at System.Net.Http.HttpConnectionPool.ConnectAsync(HttpRequestMessage request, Boolean async, Boolean isForHttp2, CancellationToken cancellationToken)
   at System.Net.Http.HttpConnectionPool.CreateHttp11ConnectionAsync(HttpRequestMessage request, Boolean async, CancellationToken cancellationToken)
   at System.Net.Http.HttpConnectionPool.InjectNewHttp11ConnectionAsync(QueueItem queueItem)
   at System.Runtime.CompilerServices.RuntimeAsyncTaskContinuation.GetResult[T](Task task, Byte& result)
   at System.Runtime.CompilerServices.RuntimeAsyncTaskContinuation.TaskContinuationResume.ResumeTaskContinuation(Continuation cont, Byte& result)
   at System.Threading.Tasks.TaskCompletionSourceWithCancellation`1.WaitWithCancellationAsync(CancellationToken cancellationToken)
   at System.Runtime.CompilerServices.RuntimeAsyncTaskContinuation.GetResult[T](Task task, Byte& result)
   at System.Runtime.CompilerServices.RuntimeAsyncTaskContinuation.TaskContinuationResume.ResumeTaskContinuation(Continuation cont, Byte& result)
   at System.Net.Http.HttpConnectionPool.SendWithVersionDetectionAndRetryAsync(HttpRequestMessage request, Boolean async, Boolean doRequestAuth, CancellationToken cancellationToken)
   at System.Runtime.CompilerServices.RuntimeAsyncTaskContinuation.GetResult[T](Task task, Byte& result)
   at System.Runtime.CompilerServices.RuntimeAsyncTaskContinuation.TaskContinuationResume.ResumeTaskContinuation(Continuation cont, Byte& result)
   at System.Net.Http.DiagnosticsHandler.SendAsyncCore(HttpRequestMessage request, Boolean async, CancellationToken cancellationToken)
   at System.Net.Http.RedirectHandler.SendAsync(HttpRequestMessage request, Boolean async, CancellationToken cancellationToken)
   at Microsoft.Extensions.Http.Logging.LoggingHttpMessageHandler.<SendCoreAsync>g__Core|4_0(HttpRequestMessage request, Boolean useAsync, CancellationToken cancellationToken)
   at Microsoft.Extensions.Http.Logging.LoggingScopeHttpMessageHandler.<SendCoreAsync>g__Core|4_0(HttpRequestMessage request, Boolean useAsync, CancellationToken cancellationToken)
   at System.Runtime.CompilerServices.RuntimeAsyncTaskContinuation.GetResult[T](Task task, Byte& result)
   at System.Runtime.CompilerServices.RuntimeAsyncTaskContinuation.TaskContinuationResume.ResumeTaskContinuation(Continuation cont, Byte& result)
   at System.Net.Http.HttpClient.<SendAsync>g__Core|83_0(HttpRequestMessage request, HttpCompletionOption completionOption, CancellationTokenSource cts, Boolean disposeCts, CancellationTokenSource pendingRequestsCts, CancellationToken originalCancellationToken)
   at FishLink.API.Controllers.AgentGatewayController.GetPricePrediction(String species) in C:\Users\Kaveesha\Desktop\fish\FishLink.API\Controllers\AgentGatewayController.cs:line 147
2026-09-23 11:11:07.992 +05:30 [INF] Serilog.AspNetCore.RequestLoggingMiddleware HTTP GET /api/AgentGateway/prices/Tuna (Yellowfin)/predict responded 200 in 4115.356 ms
2026-09-23 11:11:07.993 +05:30 [INF] System.Net.Http.HttpClient.Default.ClientHandler HTTP request failed after 4091.1519ms
System.Net.Http.HttpRequestException: No connection could be made because the target machine actively refused it. (localhost:8001)
 ---> System.Net.Sockets.SocketException (10061): No connection could be made because the target machine actively refused it.
   at System.Net.Sockets.Socket.AwaitableSocketAsyncEventArgs.ThrowException(SocketError error, CancellationToken cancellationToken)
   at System.Net.Sockets.Socket.AwaitableSocketAsyncEventArgs.System.Threading.Tasks.Sources.IValueTaskSource.GetResult(Int16 token)
   at System.Runtime.CompilerServices.AsyncHelpers.ValueTaskSourceContinuation.GetResult(Object source, Int16 token, Byte& result)
   at System.Runtime.CompilerServices.AsyncHelpers.ValueTaskSourceContinuation.ValueTaskSourceContinuationResume.ResumeValueTaskSourceContinuation(Continuation cont, Byte& result)
   at System.Net.Http.HttpConnectionPool.ConnectToTcpHostAsync(String host, Int32 port, HttpRequestMessage initialRequest, Boolean async, CancellationToken cancellationToken)
   --- End of inner exception stack trace ---
   at System.Net.Http.HttpConnectionPool.ConnectToTcpHostAsync(String host, Int32 port, HttpRequestMessage initialRequest, Boolean async, CancellationToken cancellationToken)
   at System.Net.Http.HttpConnectionPool.ConnectAsync(HttpRequestMessage request, Boolean async, Boolean isForHttp2, CancellationToken cancellationToken)
   at System.Net.Http.HttpConnectionPool.CreateHttp11ConnectionAsync(HttpRequestMessage request, Boolean async, CancellationToken cancellationToken)
   at System.Net.Http.HttpConnectionPool.InjectNewHttp11ConnectionAsync(QueueItem queueItem)
   at System.Runtime.CompilerServices.RuntimeAsyncTaskContinuation.GetResult[T](Task task, Byte& result)
   at System.Runtime.CompilerServices.RuntimeAsyncTaskContinuation.TaskContinuationResume.ResumeTaskContinuation(Continuation cont, Byte& result)
   at System.Threading.Tasks.TaskCompletionSourceWithCancellation`1.WaitWithCancellationAsync(CancellationToken cancellationToken)
   at System.Runtime.CompilerServices.RuntimeAsyncTaskContinuation.GetResult[T](Task task, Byte& result)
   at System.Runtime.CompilerServices.RuntimeAsyncTaskContinuation.TaskContinuationResume.ResumeTaskContinuation(Continuation cont, Byte& result)
   at System.Net.Http.HttpConnectionPool.SendWithVersionDetectionAndRetryAsync(HttpRequestMessage request, Boolean async, Boolean doRequestAuth, CancellationToken cancellationToken)
   at System.Runtime.CompilerServices.RuntimeAsyncTaskContinuation.GetResult[T](Task task, Byte& result)
   at System.Runtime.CompilerServices.RuntimeAsyncTaskContinuation.TaskContinuationResume.ResumeTaskContinuation(Continuation cont, Byte& result)
   at System.Net.Http.DiagnosticsHandler.SendAsyncCore(HttpRequestMessage request, Boolean async, CancellationToken cancellationToken)
   at System.Net.Http.RedirectHandler.SendAsync(HttpRequestMessage request, Boolean async, CancellationToken cancellationToken)
   at Microsoft.Extensions.Http.Logging.LoggingHttpMessageHandler.<SendCoreAsync>g__Core|4_0(HttpRequestMessage request, Boolean useAsync, CancellationToken cancellationToken)
2026-09-23 11:11:07.995 +05:30 [INF] System.Net.Http.HttpClient.Default.LogicalHandler HTTP request failed after 4093.9167ms
System.Net.Http.HttpRequestException: No connection could be made because the target machine actively refused it. (localhost:8001)
 ---> System.Net.Sockets.SocketException (10061): No connection could be made because the target machine actively refused it.
   at System.Net.Sockets.Socket.AwaitableSocketAsyncEventArgs.ThrowException(SocketError error, CancellationToken cancellationToken)
   at System.Net.Sockets.Socket.AwaitableSocketAsyncEventArgs.System.Threading.Tasks.Sources.IValueTaskSource.GetResult(Int16 token)
   at System.Runtime.CompilerServices.AsyncHelpers.ValueTaskSourceContinuation.GetResult(Object source, Int16 token, Byte& result)
   at System.Runtime.CompilerServices.AsyncHelpers.ValueTaskSourceContinuation.ValueTaskSourceContinuationResume.ResumeValueTaskSourceContinuation(Continuation cont, Byte& result)
   at System.Net.Http.HttpConnectionPool.ConnectToTcpHostAsync(String host, Int32 port, HttpRequestMessage initialRequest, Boolean async, CancellationToken cancellationToken)
   --- End of inner exception stack trace ---
   at System.Net.Http.HttpConnectionPool.ConnectToTcpHostAsync(String host, Int32 port, HttpRequestMessage initialRequest, Boolean async, CancellationToken cancellationToken)
   at System.Net.Http.HttpConnectionPool.ConnectAsync(HttpRequestMessage request, Boolean async, Boolean isForHttp2, CancellationToken cancellationToken)
   at System.Net.Http.HttpConnectionPool.CreateHttp11ConnectionAsync(HttpRequestMessage request, Boolean async, CancellationToken cancellationToken)
   at System.Net.Http.HttpConnectionPool.InjectNewHttp11ConnectionAsync(QueueItem queueItem)
   at System.Runtime.CompilerServices.RuntimeAsyncTaskContinuation.GetResult[T](Task task, Byte& result)
   at System.Runtime.CompilerServices.RuntimeAsyncTaskContinuation.TaskContinuationResume.ResumeTaskContinuation(Continuation cont, Byte& result)
   at System.Threading.Tasks.TaskCompletionSourceWithCancellation`1.WaitWithCancellationAsync(CancellationToken cancellationToken)
   at System.Runtime.CompilerServices.RuntimeAsyncTaskContinuation.GetResult[T](Task task, Byte& result)
   at System.Runtime.CompilerServices.RuntimeAsyncTaskContinuation.TaskContinuationResume.ResumeTaskContinuation(Continuation cont, Byte& result)
   at System.Net.Http.HttpConnectionPool.SendWithVersionDetectionAndRetryAsync(HttpRequestMessage request, Boolean async, Boolean doRequestAuth, CancellationToken cancellationToken)
   at System.Runtime.CompilerServices.RuntimeAsyncTaskContinuation.GetResult[T](Task task, Byte& result)
   at System.Runtime.CompilerServices.RuntimeAsyncTaskContinuation.TaskContinuationResume.ResumeTaskContinuation(Continuation cont, Byte& result)
   at System.Net.Http.DiagnosticsHandler.SendAsyncCore(HttpRequestMessage request, Boolean async, CancellationToken cancellationToken)
   at System.Net.Http.RedirectHandler.SendAsync(HttpRequestMessage request, Boolean async, CancellationToken cancellationToken)
   at Microsoft.Extensions.Http.Logging.LoggingHttpMessageHandler.<SendCoreAsync>g__Core|4_0(HttpRequestMessage request, Boolean useAsync, CancellationToken cancellationToken)
   at Microsoft.Extensions.Http.Logging.LoggingScopeHttpMessageHandler.<SendCoreAsync>g__Core|4_0(HttpRequestMessage request, Boolean useAsync, CancellationToken cancellationToken)
2026-09-23 11:11:07.996 +05:30 [WRN] FishLink.API.Controllers.AgentGatewayController Price API unreachable for species Trevally (Paraw)
System.Net.Http.HttpRequestException: No connection could be made because the target machine actively refused it. (localhost:8001)
 ---> System.Net.Sockets.SocketException (10061): No connection could be made because the target machine actively refused it.
   at System.Net.Sockets.Socket.AwaitableSocketAsyncEventArgs.ThrowException(SocketError error, CancellationToken cancellationToken)
   at System.Net.Sockets.Socket.AwaitableSocketAsyncEventArgs.System.Threading.Tasks.Sources.IValueTaskSource.GetResult(Int16 token)
   at System.Runtime.CompilerServices.AsyncHelpers.ValueTaskSourceContinuation.GetResult(Object source, Int16 token, Byte& result)
   at System.Runtime.CompilerServices.AsyncHelpers.ValueTaskSourceContinuation.ValueTaskSourceContinuationResume.ResumeValueTaskSourceContinuation(Continuation cont, Byte& result)
   at System.Net.Http.HttpConnectionPool.ConnectToTcpHostAsync(String host, Int32 port, HttpRequestMessage initialRequest, Boolean async, CancellationToken cancellationToken)
   --- End of inner exception stack trace ---
   at System.Net.Http.HttpConnectionPool.ConnectToTcpHostAsync(String host, Int32 port, HttpRequestMessage initialRequest, Boolean async, CancellationToken cancellationToken)
   at System.Net.Http.HttpConnectionPool.ConnectAsync(HttpRequestMessage request, Boolean async, Boolean isForHttp2, CancellationToken cancellationToken)
   at System.Net.Http.HttpConnectionPool.CreateHttp11ConnectionAsync(HttpRequestMessage request, Boolean async, CancellationToken cancellationToken)
   at System.Net.Http.HttpConnectionPool.InjectNewHttp11ConnectionAsync(QueueItem queueItem)
   at System.Runtime.CompilerServices.RuntimeAsyncTaskContinuation.GetResult[T](Task task, Byte& result)
   at System.Runtime.CompilerServices.RuntimeAsyncTaskContinuation.TaskContinuationResume.ResumeTaskContinuation(Continuation cont, Byte& result)
   at System.Threading.Tasks.TaskCompletionSourceWithCancellation`1.WaitWithCancellationAsync(CancellationToken cancellationToken)
   at System.Runtime.CompilerServices.RuntimeAsyncTaskContinuation.GetResult[T](Task task, Byte& result)
   at System.Runtime.CompilerServices.RuntimeAsyncTaskContinuation.TaskContinuationResume.ResumeTaskContinuation(Continuation cont, Byte& result)
   at System.Net.Http.HttpConnectionPool.SendWithVersionDetectionAndRetryAsync(HttpRequestMessage request, Boolean async, Boolean doRequestAuth, CancellationToken cancellationToken)
   at System.Runtime.CompilerServices.RuntimeAsyncTaskContinuation.GetResult[T](Task task, Byte& result)
   at System.Runtime.CompilerServices.RuntimeAsyncTaskContinuation.TaskContinuationResume.ResumeTaskContinuation(Continuation cont, Byte& result)
   at System.Net.Http.DiagnosticsHandler.SendAsyncCore(HttpRequestMessage request, Boolean async, CancellationToken cancellationToken)
   at System.Net.Http.RedirectHandler.SendAsync(HttpRequestMessage request, Boolean async, CancellationToken cancellationToken)
   at Microsoft.Extensions.Http.Logging.LoggingHttpMessageHandler.<SendCoreAsync>g__Core|4_0(HttpRequestMessage request, Boolean useAsync, CancellationToken cancellationToken)
   at Microsoft.Extensions.Http.Logging.LoggingScopeHttpMessageHandler.<SendCoreAsync>g__Core|4_0(HttpRequestMessage request, Boolean useAsync, CancellationToken cancellationToken)
   at System.Runtime.CompilerServices.RuntimeAsyncTaskContinuation.GetResult[T](Task task, Byte& result)
   at System.Runtime.CompilerServices.RuntimeAsyncTaskContinuation.TaskContinuationResume.ResumeTaskContinuation(Continuation cont, Byte& result)
   at System.Net.Http.HttpClient.<SendAsync>g__Core|83_0(HttpRequestMessage request, HttpCompletionOption completionOption, CancellationTokenSource cts, Boolean disposeCts, CancellationTokenSource pendingRequestsCts, CancellationToken originalCancellationToken)
   at FishLink.API.Controllers.AgentGatewayController.GetPricePrediction(String species) in C:\Users\Kaveesha\Desktop\fish\FishLink.API\Controllers\AgentGatewayController.cs:line 147
2026-09-23 11:11:08.000 +05:30 [INF] Serilog.AspNetCore.RequestLoggingMiddleware HTTP GET /api/AgentGateway/prices/Trevally (Paraw)/predict responded 200 in 4107.361 ms
2026-09-23 11:11:08.001 +05:30 [INF] System.Net.Http.HttpClient.Default.ClientHandler HTTP request failed after 4112.9646ms
System.Net.Http.HttpRequestException: No connection could be made because the target machine actively refused it. (localhost:8001)
 ---> System.Net.Sockets.SocketException (10061): No connection could be made because the target machine actively refused it.
   at System.Net.Sockets.Socket.AwaitableSocketAsyncEventArgs.ThrowException(SocketError error, CancellationToken cancellationToken)
   at System.Net.Sockets.Socket.AwaitableSocketAsyncEventArgs.System.Threading.Tasks.Sources.IValueTaskSource.GetResult(Int16 token)
   at System.Runtime.CompilerServices.AsyncHelpers.ValueTaskSourceContinuation.GetResult(Object source, Int16 token, Byte& result)
   at System.Runtime.CompilerServices.AsyncHelpers.ValueTaskSourceContinuation.ValueTaskSourceContinuationResume.ResumeValueTaskSourceContinuation(Continuation cont, Byte& result)
   at System.Net.Http.HttpConnectionPool.ConnectToTcpHostAsync(String host, Int32 port, HttpRequestMessage initialRequest, Boolean async, CancellationToken cancellationToken)
   --- End of inner exception stack trace ---
   at System.Net.Http.HttpConnectionPool.ConnectToTcpHostAsync(String host, Int32 port, HttpRequestMessage initialRequest, Boolean async, CancellationToken cancellationToken)
   at System.Net.Http.HttpConnectionPool.ConnectAsync(HttpRequestMessage request, Boolean async, Boolean isForHttp2, CancellationToken cancellationToken)
   at System.Net.Http.HttpConnectionPool.CreateHttp11ConnectionAsync(HttpRequestMessage request, Boolean async, CancellationToken cancellationToken)
   at System.Net.Http.HttpConnectionPool.InjectNewHttp11ConnectionAsync(QueueItem queueItem)
   at System.Runtime.CompilerServices.RuntimeAsyncTaskContinuation.GetResult[T](Task task, Byte& result)
   at System.Runtime.CompilerServices.RuntimeAsyncTaskContinuation.TaskContinuationResume.ResumeTaskContinuation(Continuation cont, Byte& result)
   at System.Threading.Tasks.TaskCompletionSourceWithCancellation`1.WaitWithCancellationAsync(CancellationToken cancellationToken)
   at System.Runtime.CompilerServices.RuntimeAsyncTaskContinuation.GetResult[T](Task task, Byte& result)
   at System.Runtime.CompilerServices.RuntimeAsyncTaskContinuation.TaskContinuationResume.ResumeTaskContinuation(Continuation cont, Byte& result)
   at System.Net.Http.HttpConnectionPool.SendWithVersionDetectionAndRetryAsync(HttpRequestMessage request, Boolean async, Boolean doRequestAuth, CancellationToken cancellationToken)
   at System.Runtime.CompilerServices.RuntimeAsyncTaskContinuation.GetResult[T](Task task, Byte& result)
   at System.Runtime.CompilerServices.RuntimeAsyncTaskContinuation.TaskContinuationResume.ResumeTaskContinuation(Continuation cont, Byte& result)
   at System.Net.Http.DiagnosticsHandler.SendAsyncCore(HttpRequestMessage request, Boolean async, CancellationToken cancellationToken)
   at System.Net.Http.RedirectHandler.SendAsync(HttpRequestMessage request, Boolean async, CancellationToken cancellationToken)
   at Microsoft.Extensions.Http.Logging.LoggingHttpMessageHandler.<SendCoreAsync>g__Core|4_0(HttpRequestMessage request, Boolean useAsync, CancellationToken cancellationToken)
2026-09-23 11:11:08.002 +05:30 [INF] System.Net.Http.HttpClient.Default.LogicalHandler HTTP request failed after 4113.9387ms
System.Net.Http.HttpRequestException: No connection could be made because the target machine actively refused it. (localhost:8001)
 ---> System.Net.Sockets.SocketException (10061): No connection could be made because the target machine actively refused it.
   at System.Net.Sockets.Socket.AwaitableSocketAsyncEventArgs.ThrowException(SocketError error, CancellationToken cancellationToken)
   at System.Net.Sockets.Socket.AwaitableSocketAsyncEventArgs.System.Threading.Tasks.Sources.IValueTaskSource.GetResult(Int16 token)
   at System.Runtime.CompilerServices.AsyncHelpers.ValueTaskSourceContinuation.GetResult(Object source, Int16 token, Byte& result)
   at System.Runtime.CompilerServices.AsyncHelpers.ValueTaskSourceContinuation.ValueTaskSourceContinuationResume.ResumeValueTaskSourceContinuation(Continuation cont, Byte& result)
   at System.Net.Http.HttpConnectionPool.ConnectToTcpHostAsync(String host, Int32 port, HttpRequestMessage initialRequest, Boolean async, CancellationToken cancellationToken)
   --- End of inner exception stack trace ---
   at System.Net.Http.HttpConnectionPool.ConnectToTcpHostAsync(String host, Int32 port, HttpRequestMessage initialRequest, Boolean async, CancellationToken cancellationToken)
   at System.Net.Http.HttpConnectionPool.ConnectAsync(HttpRequestMessage request, Boolean async, Boolean isForHttp2, CancellationToken cancellationToken)
   at System.Net.Http.HttpConnectionPool.CreateHttp11ConnectionAsync(HttpRequestMessage request, Boolean async, CancellationToken cancellationToken)
   at System.Net.Http.HttpConnectionPool.InjectNewHttp11ConnectionAsync(QueueItem queueItem)
   at System.Runtime.CompilerServices.RuntimeAsyncTaskContinuation.GetResult[T](Task task, Byte& result)
   at System.Runtime.CompilerServices.RuntimeAsyncTaskContinuation.TaskContinuationResume.ResumeTaskContinuation(Continuation cont, Byte& result)
   at System.Threading.Tasks.TaskCompletionSourceWithCancellation`1.WaitWithCancellationAsync(CancellationToken cancellationToken)
   at System.Runtime.CompilerServices.RuntimeAsyncTaskContinuation.GetResult[T](Task task, Byte& result)
   at System.Runtime.CompilerServices.RuntimeAsyncTaskContinuation.TaskContinuationResume.ResumeTaskContinuation(Continuation cont, Byte& result)
   at System.Net.Http.HttpConnectionPool.SendWithVersionDetectionAndRetryAsync(HttpRequestMessage request, Boolean async, Boolean doRequestAuth, CancellationToken cancellationToken)
   at System.Runtime.CompilerServices.RuntimeAsyncTaskContinuation.GetResult[T](Task task, Byte& result)
   at System.Runtime.CompilerServices.RuntimeAsyncTaskContinuation.TaskContinuationResume.ResumeTaskContinuation(Continuation cont, Byte& result)
   at System.Net.Http.DiagnosticsHandler.SendAsyncCore(HttpRequestMessage request, Boolean async, CancellationToken cancellationToken)
   at System.Net.Http.RedirectHandler.SendAsync(HttpRequestMessage request, Boolean async, CancellationToken cancellationToken)
   at Microsoft.Extensions.Http.Logging.LoggingHttpMessageHandler.<SendCoreAsync>g__Core|4_0(HttpRequestMessage request, Boolean useAsync, CancellationToken cancellationToken)
   at Microsoft.Extensions.Http.Logging.LoggingScopeHttpMessageHandler.<SendCoreAsync>g__Core|4_0(HttpRequestMessage request, Boolean useAsync, CancellationToken cancellationToken)
2026-09-23 11:11:08.003 +05:30 [WRN] FishLink.API.Controllers.AgentGatewayController Price API unreachable for species Skipjack
System.Net.Http.HttpRequestException: No connection could be made because the target machine actively refused it. (localhost:8001)
 ---> System.Net.Sockets.SocketException (10061): No connection could be made because the target machine actively refused it.
   at System.Net.Sockets.Socket.AwaitableSocketAsyncEventArgs.ThrowException(SocketError error, CancellationToken cancellationToken)
   at System.Net.Sockets.Socket.AwaitableSocketAsyncEventArgs.System.Threading.Tasks.Sources.IValueTaskSource.GetResult(Int16 token)
   at System.Runtime.CompilerServices.AsyncHelpers.ValueTaskSourceContinuation.GetResult(Object source, Int16 token, Byte& result)
   at System.Runtime.CompilerServices.AsyncHelpers.ValueTaskSourceContinuation.ValueTaskSourceContinuationResume.ResumeValueTaskSourceContinuation(Continuation cont, Byte& result)
   at System.Net.Http.HttpConnectionPool.ConnectToTcpHostAsync(String host, Int32 port, HttpRequestMessage initialRequest, Boolean async, CancellationToken cancellationToken)
   --- End of inner exception stack trace ---
   at System.Net.Http.HttpConnectionPool.ConnectToTcpHostAsync(String host, Int32 port, HttpRequestMessage initialRequest, Boolean async, CancellationToken cancellationToken)
   at System.Net.Http.HttpConnectionPool.ConnectAsync(HttpRequestMessage request, Boolean async, Boolean isForHttp2, CancellationToken cancellationToken)
   at System.Net.Http.HttpConnectionPool.CreateHttp11ConnectionAsync(HttpRequestMessage request, Boolean async, CancellationToken cancellationToken)
   at System.Net.Http.HttpConnectionPool.InjectNewHttp11ConnectionAsync(QueueItem queueItem)
   at System.Runtime.CompilerServices.RuntimeAsyncTaskContinuation.GetResult[T](Task task, Byte& result)
   at System.Runtime.CompilerServices.RuntimeAsyncTaskContinuation.TaskContinuationResume.ResumeTaskContinuation(Continuation cont, Byte& result)
   at System.Threading.Tasks.TaskCompletionSourceWithCancellation`1.WaitWithCancellationAsync(CancellationToken cancellationToken)
   at System.Runtime.CompilerServices.RuntimeAsyncTaskContinuation.GetResult[T](Task task, Byte& result)
   at System.Runtime.CompilerServices.RuntimeAsyncTaskContinuation.TaskContinuationResume.ResumeTaskContinuation(Continuation cont, Byte& result)
   at System.Net.Http.HttpConnectionPool.SendWithVersionDetectionAndRetryAsync(HttpRequestMessage request, Boolean async, Boolean doRequestAuth, CancellationToken cancellationToken)
   at System.Runtime.CompilerServices.RuntimeAsyncTaskContinuation.GetResult[T](Task task, Byte& result)
   at System.Runtime.CompilerServices.RuntimeAsyncTaskContinuation.TaskContinuationResume.ResumeTaskContinuation(Continuation cont, Byte& result)
   at System.Net.Http.DiagnosticsHandler.SendAsyncCore(HttpRequestMessage request, Boolean async, CancellationToken cancellationToken)
   at System.Net.Http.RedirectHandler.SendAsync(HttpRequestMessage request, Boolean async, CancellationToken cancellationToken)
   at Microsoft.Extensions.Http.Logging.LoggingHttpMessageHandler.<SendCoreAsync>g__Core|4_0(HttpRequestMessage request, Boolean useAsync, CancellationToken cancellationToken)
   at Microsoft.Extensions.Http.Logging.LoggingScopeHttpMessageHandler.<SendCoreAsync>g__Core|4_0(HttpRequestMessage request, Boolean useAsync, CancellationToken cancellationToken)
   at System.Runtime.CompilerServices.RuntimeAsyncTaskContinuation.GetResult[T](Task task, Byte& result)
   at System.Runtime.CompilerServices.RuntimeAsyncTaskContinuation.TaskContinuationResume.ResumeTaskContinuation(Continuation cont, Byte& result)
   at System.Net.Http.HttpClient.<SendAsync>g__Core|83_0(HttpRequestMessage request, HttpCompletionOption completionOption, CancellationTokenSource cts, Boolean disposeCts, CancellationTokenSource pendingRequestsCts, CancellationToken originalCancellationToken)
   at FishLink.API.Controllers.AgentGatewayController.GetPricePrediction(String species) in C:\Users\Kaveesha\Desktop\fish\FishLink.API\Controllers\AgentGatewayController.cs:line 147
2026-09-23 11:11:08.005 +05:30 [INF] Serilog.AspNetCore.RequestLoggingMiddleware HTTP GET /api/AgentGateway/prices/Skipjack/predict responded 200 in 4119.710 ms
2026-09-23 11:20:40.504 +05:30 [INF] Serilog.AspNetCore.RequestLoggingMiddleware HTTP GET /api/AgentGateway/prices/Skipjack/predict responded 401 in 3.118 ms
2026-09-23 11:20:50.851 +05:30 [INF] Serilog.AspNetCore.RequestLoggingMiddleware HTTP POST /api/Auth/login responded 200 in 212.036 ms
2026-09-23 11:20:50.868 +05:30 [INF] System.Net.Http.HttpClient.Default.LogicalHandler Start processing HTTP request GET http://localhost:8001/api/prices/Skipjack/predict
2026-09-23 11:20:50.868 +05:30 [INF] System.Net.Http.HttpClient.Default.ClientHandler Sending HTTP request GET http://localhost:8001/api/prices/Skipjack/predict
2026-09-23 11:20:52.917 +05:30 [INF] System.Net.Http.HttpClient.Default.ClientHandler Received HTTP response headers after 2041.1916ms - 200
2026-09-23 11:20:52.917 +05:30 [INF] System.Net.Http.HttpClient.Default.LogicalHandler End processing HTTP request after 2048.866ms - 200
2026-09-23 11:20:52.927 +05:30 [INF] Serilog.AspNetCore.RequestLoggingMiddleware HTTP GET /api/AgentGateway/prices/Skipjack/predict responded 200 in 2059.713 ms
2026-09-23 11:21:31.691 +05:30 [INF] Serilog.AspNetCore.RequestLoggingMiddleware HTTP POST /api/Auth/login responded 200 in 136.358 ms
2026-09-23 11:21:31.716 +05:30 [INF] Serilog.AspNetCore.RequestLoggingMiddleware HTTP GET /api/AgentGateway/health responded 404 in 0.416 ms
2026-09-23 11:22:01.866 +05:30 [INF] System.Net.Http.HttpClient.AiAgent.LogicalHandler Start processing HTTP request GET http://localhost:8000/health
2026-09-23 11:22:01.866 +05:30 [INF] System.Net.Http.HttpClient.AiAgent.ClientHandler Sending HTTP request GET http://localhost:8000/health
2026-09-23 11:22:06.017 +05:30 [INF] Serilog.AspNetCore.RequestLoggingMiddleware HTTP GET /api/Catches/market-stats responded 200 in 10.203 ms
2026-09-23 11:22:06.019 +05:30 [INF] System.Net.Http.HttpClient.AiAgent.ClientHandler Received HTTP response headers after 4152.4067ms - 200
2026-09-23 11:22:06.019 +05:30 [INF] System.Net.Http.HttpClient.AiAgent.LogicalHandler End processing HTTP request after 4152.6425ms - 200
2026-09-23 11:22:06.019 +05:30 [INF] System.Net.Http.HttpClient.Default.LogicalHandler Start processing HTTP request GET http://localhost:8001/health
2026-09-23 11:22:06.019 +05:30 [INF] System.Net.Http.HttpClient.Default.ClientHandler Sending HTTP request GET http://localhost:8001/health
2026-09-23 11:22:08.058 +05:30 [INF] System.Net.Http.HttpClient.Default.ClientHandler Received HTTP response headers after 2038.2678ms - 200
2026-09-23 11:22:08.058 +05:30 [INF] System.Net.Http.HttpClient.Default.LogicalHandler End processing HTTP request after 2038.5719ms - 200
2026-09-23 11:22:08.074 +05:30 [INF] Serilog.AspNetCore.RequestLoggingMiddleware HTTP GET /api/AgentGateway/agent/health responded 200 in 6213.020 ms
2026-09-23 11:22:49.277 +05:30 [INF] Serilog.AspNetCore.RequestLoggingMiddleware HTTP OPTIONS /api/AgentGateway/prices/Tuna (Yellowfin)/predict responded 204 in 0.126 ms
2026-09-23 11:22:49.287 +05:30 [INF] Serilog.AspNetCore.RequestLoggingMiddleware HTTP OPTIONS /api/AgentGateway/prices/Trevally (Paraw)/predict responded 204 in 0.215 ms
2026-09-23 11:22:49.287 +05:30 [INF] Serilog.AspNetCore.RequestLoggingMiddleware HTTP OPTIONS /api/AgentGateway/prices/Skipjack/predict responded 204 in 0.275 ms
2026-09-23 11:22:49.287 +05:30 [INF] Serilog.AspNetCore.RequestLoggingMiddleware HTTP OPTIONS /api/AgentGateway/prices/Mackerel/predict responded 204 in 0.146 ms
2026-09-23 11:22:49.291 +05:30 [INF] Serilog.AspNetCore.RequestLoggingMiddleware HTTP OPTIONS /api/Catches/market-stats responded 204 in 0.120 ms
2026-09-23 11:22:49.303 +05:30 [INF] System.Net.Http.HttpClient.Default.LogicalHandler Start processing HTTP request GET http://localhost:8001/api/prices/Tuna%20%28Yellowfin%29/predict
2026-09-23 11:22:49.303 +05:30 [INF] System.Net.Http.HttpClient.Default.LogicalHandler Start processing HTTP request GET http://localhost:8001/api/prices/Skipjack/predict
2026-09-23 11:22:49.303 +05:30 [INF] System.Net.Http.HttpClient.Default.ClientHandler Sending HTTP request GET http://localhost:8001/api/prices/Tuna%20%28Yellowfin%29/predict
2026-09-23 11:22:49.303 +05:30 [INF] System.Net.Http.HttpClient.Default.LogicalHandler Start processing HTTP request GET http://localhost:8001/api/prices/Trevally%20%28Paraw%29/predict
2026-09-23 11:22:49.304 +05:30 [INF] System.Net.Http.HttpClient.Default.ClientHandler Sending HTTP request GET http://localhost:8001/api/prices/Skipjack/predict
2026-09-23 11:22:49.304 +05:30 [INF] System.Net.Http.HttpClient.Default.ClientHandler Sending HTTP request GET http://localhost:8001/api/prices/Trevally%20%28Paraw%29/predict
2026-09-23 11:22:49.305 +05:30 [INF] System.Net.Http.HttpClient.Default.LogicalHandler Start processing HTTP request GET http://localhost:8001/api/prices/Mackerel/predict
2026-09-23 11:22:49.305 +05:30 [INF] System.Net.Http.HttpClient.Default.ClientHandler Sending HTTP request GET http://localhost:8001/api/prices/Mackerel/predict
2026-09-23 11:22:49.321 +05:30 [INF] Serilog.AspNetCore.RequestLoggingMiddleware HTTP GET /api/Catches/market-stats responded 200 in 16.129 ms
2026-09-23 11:22:51.362 +05:30 [INF] System.Net.Http.HttpClient.Default.ClientHandler Received HTTP response headers after 2058.1421ms - 200
2026-09-23 11:22:51.362 +05:30 [INF] System.Net.Http.HttpClient.Default.LogicalHandler End processing HTTP request after 2059.3907ms - 200
2026-09-23 11:22:51.370 +05:30 [INF] System.Net.Http.HttpClient.Default.ClientHandler Received HTTP response headers after 2065.9688ms - 200
2026-09-23 11:22:51.370 +05:30 [INF] Serilog.AspNetCore.RequestLoggingMiddleware HTTP GET /api/AgentGateway/prices/Skipjack/predict responded 200 in 2068.932 ms
2026-09-23 11:22:51.370 +05:30 [INF] System.Net.Http.HttpClient.Default.LogicalHandler End processing HTTP request after 2067.0968ms - 200
2026-09-23 11:22:51.371 +05:30 [INF] System.Net.Http.HttpClient.Default.ClientHandler Received HTTP response headers after 2067.1122ms - 200
2026-09-23 11:22:51.371 +05:30 [INF] System.Net.Http.HttpClient.Default.LogicalHandler End processing HTTP request after 2068.5346ms - 200
2026-09-23 11:22:51.372 +05:30 [INF] Serilog.AspNetCore.RequestLoggingMiddleware HTTP GET /api/AgentGateway/prices/Tuna (Yellowfin)/predict responded 200 in 2073.571 ms
2026-09-23 11:22:51.373 +05:30 [INF] Serilog.AspNetCore.RequestLoggingMiddleware HTTP GET /api/AgentGateway/prices/Trevally (Paraw)/predict responded 200 in 2071.460 ms
2026-09-23 11:22:51.374 +05:30 [INF] System.Net.Http.HttpClient.Default.ClientHandler Received HTTP response headers after 2068.4757ms - 200
2026-09-23 11:22:51.374 +05:30 [INF] System.Net.Http.HttpClient.Default.LogicalHandler End processing HTTP request after 2069.0885ms - 200
2026-09-23 11:22:51.375 +05:30 [INF] Serilog.AspNetCore.RequestLoggingMiddleware HTTP GET /api/AgentGateway/prices/Mackerel/predict responded 200 in 2071.541 ms
2026-09-23 11:22:58.263 +05:30 [INF] Serilog.AspNetCore.RequestLoggingMiddleware HTTP OPTIONS /api/Catches responded 204 in 0.128 ms
2026-09-23 11:22:58.263 +05:30 [INF] Serilog.AspNetCore.RequestLoggingMiddleware HTTP OPTIONS /api/Catches responded 204 in 1.511 ms
2026-09-23 11:22:58.312 +05:30 [INF] FishLink.API.Services.CatchService GetCatches: 19 results, page 1/2
2026-09-23 11:22:58.325 +05:30 [INF] Serilog.AspNetCore.RequestLoggingMiddleware HTTP GET /api/Catches responded 200 in 54.270 ms
2026-09-23 11:22:58.353 +05:30 [INF] FishLink.API.Services.CatchService GetCatches: 19 results, page 1/2
2026-09-23 11:22:58.354 +05:30 [INF] Serilog.AspNetCore.RequestLoggingMiddleware HTTP GET /api/Catches responded 200 in 19.016 ms
2026-09-23 11:25:50.039 +05:30 [INF] Serilog.AspNetCore.RequestLoggingMiddleware HTTP OPTIONS /api/AgentGateway/prices/Tuna (Yellowfin)/predict responded 204 in 0.313 ms
2026-09-23 11:25:50.040 +05:30 [INF] Serilog.AspNetCore.RequestLoggingMiddleware HTTP OPTIONS /api/AgentGateway/prices/Trevally (Paraw)/predict responded 204 in 0.092 ms
2026-09-23 11:25:50.040 +05:30 [INF] Serilog.AspNetCore.RequestLoggingMiddleware HTTP OPTIONS /api/AgentGateway/prices/Skipjack/predict responded 204 in 0.194 ms
2026-09-23 11:25:50.041 +05:30 [INF] Serilog.AspNetCore.RequestLoggingMiddleware HTTP OPTIONS /api/AgentGateway/prices/Mackerel/predict responded 204 in 0.104 ms
2026-09-23 11:25:50.052 +05:30 [INF] Serilog.AspNetCore.RequestLoggingMiddleware HTTP OPTIONS /api/Catches/market-stats responded 204 in 0.174 ms
2026-09-23 11:25:50.053 +05:30 [INF] Serilog.AspNetCore.RequestLoggingMiddleware HTTP OPTIONS /api/AgentGateway/prices/Tuna (Yellowfin)/predict responded 204 in 0.095 ms
2026-09-23 11:25:50.054 +05:30 [INF] Serilog.AspNetCore.RequestLoggingMiddleware HTTP OPTIONS /api/AgentGateway/prices/Skipjack/predict responded 204 in 0.116 ms
2026-09-23 11:25:50.057 +05:30 [INF] Serilog.AspNetCore.RequestLoggingMiddleware HTTP OPTIONS /api/AgentGateway/prices/Trevally (Paraw)/predict responded 204 in 0.088 ms
2026-09-23 11:25:50.070 +05:30 [INF] System.Net.Http.HttpClient.Default.LogicalHandler Start processing HTTP request GET http://localhost:8001/api/prices/Trevally%20%28Paraw%29/predict
2026-09-23 11:25:50.070 +05:30 [INF] System.Net.Http.HttpClient.Default.ClientHandler Sending HTTP request GET http://localhost:8001/api/prices/Trevally%20%28Paraw%29/predict
2026-09-23 11:25:50.070 +05:30 [INF] System.Net.Http.HttpClient.Default.LogicalHandler Start processing HTTP request GET http://localhost:8001/api/prices/Skipjack/predict
2026-09-23 11:25:50.071 +05:30 [INF] System.Net.Http.HttpClient.Default.ClientHandler Sending HTTP request GET http://localhost:8001/api/prices/Skipjack/predict
2026-09-23 11:25:50.072 +05:30 [INF] System.Net.Http.HttpClient.Default.LogicalHandler Start processing HTTP request GET http://localhost:8001/api/prices/Tuna%20%28Yellowfin%29/predict
2026-09-23 11:25:50.072 +05:30 [INF] System.Net.Http.HttpClient.Default.ClientHandler Sending HTTP request GET http://localhost:8001/api/prices/Tuna%20%28Yellowfin%29/predict
2026-09-23 11:25:50.075 +05:30 [INF] System.Net.Http.HttpClient.Default.LogicalHandler Start processing HTTP request GET http://localhost:8001/api/prices/Mackerel/predict
2026-09-23 11:25:50.076 +05:30 [INF] System.Net.Http.HttpClient.Default.ClientHandler Sending HTTP request GET http://localhost:8001/api/prices/Mackerel/predict
2026-09-23 11:25:50.086 +05:30 [INF] Serilog.AspNetCore.RequestLoggingMiddleware HTTP OPTIONS /api/Catches/market-stats responded 204 in 0.104 ms
2026-09-23 11:25:50.097 +05:30 [INF] Serilog.AspNetCore.RequestLoggingMiddleware HTTP GET /api/Catches/market-stats responded 200 in 19.346 ms
2026-09-23 11:25:50.112 +05:30 [INF] Serilog.AspNetCore.RequestLoggingMiddleware HTTP GET /api/Catches/market-stats responded 200 in 12.483 ms
2026-09-23 11:25:51.644 +05:30 [INF] Serilog.AspNetCore.RequestLoggingMiddleware HTTP OPTIONS /api/Catches responded 204 in 0.058 ms
2026-09-23 11:25:51.644 +05:30 [INF] Serilog.AspNetCore.RequestLoggingMiddleware HTTP OPTIONS /api/Catches responded 204 in 0.050 ms
2026-09-23 11:25:51.781 +05:30 [INF] FishLink.API.Services.CatchService GetCatches: 19 results, page 1/2
2026-09-23 11:25:51.783 +05:30 [INF] Serilog.AspNetCore.RequestLoggingMiddleware HTTP GET /api/Catches responded 200 in 135.056 ms
2026-09-23 11:25:51.793 +05:30 [INF] FishLink.API.Services.CatchService GetCatches: 19 results, page 1/2
2026-09-23 11:25:51.794 +05:30 [INF] Serilog.AspNetCore.RequestLoggingMiddleware HTTP GET /api/Catches responded 200 in 8.883 ms
2026-09-23 11:25:52.142 +05:30 [INF] System.Net.Http.HttpClient.Default.ClientHandler Received HTTP response headers after 2071.6558ms - 200
2026-09-23 11:25:52.142 +05:30 [INF] System.Net.Http.HttpClient.Default.LogicalHandler End processing HTTP request after 2072.5498ms - 200
2026-09-23 11:25:52.143 +05:30 [INF] Serilog.AspNetCore.RequestLoggingMiddleware HTTP GET /api/AgentGateway/prices/Trevally (Paraw)/predict responded 200 in 2084.525 ms
2026-09-23 11:25:52.162 +05:30 [INF] System.Net.Http.HttpClient.Default.ClientHandler Received HTTP response headers after 2091.4072ms - 200
2026-09-23 11:25:52.162 +05:30 [INF] System.Net.Http.HttpClient.Default.LogicalHandler End processing HTTP request after 2092.0619ms - 200
2026-09-23 11:25:52.163 +05:30 [INF] Serilog.AspNetCore.RequestLoggingMiddleware HTTP GET /api/AgentGateway/prices/Skipjack/predict responded 200 in 2094.931 ms
2026-09-23 11:25:52.163 +05:30 [INF] System.Net.Http.HttpClient.Default.ClientHandler Received HTTP response headers after 2086.9594ms - 200
2026-09-23 11:25:52.163 +05:30 [INF] System.Net.Http.HttpClient.Default.LogicalHandler End processing HTTP request after 2087.9632ms - 200
2026-09-23 11:25:52.163 +05:30 [INF] Serilog.AspNetCore.RequestLoggingMiddleware HTTP GET /api/AgentGateway/prices/Mackerel/predict responded 200 in 2090.230 ms
2026-09-23 11:25:52.164 +05:30 [INF] System.Net.Http.HttpClient.Default.ClientHandler Received HTTP response headers after 2091.437ms - 200
2026-09-23 11:25:52.164 +05:30 [INF] System.Net.Http.HttpClient.Default.LogicalHandler End processing HTTP request after 2092.3774ms - 200
2026-09-23 11:25:52.164 +05:30 [INF] Serilog.AspNetCore.RequestLoggingMiddleware HTTP GET /api/AgentGateway/prices/Tuna (Yellowfin)/predict responded 200 in 2106.292 ms
2026-09-23 11:25:52.165 +05:30 [INF] System.Net.Http.HttpClient.Default.LogicalHandler Start processing HTTP request GET http://localhost:8001/api/prices/Trevally%20%28Paraw%29/predict
2026-09-23 11:25:52.166 +05:30 [INF] System.Net.Http.HttpClient.Default.ClientHandler Sending HTTP request GET http://localhost:8001/api/prices/Trevally%20%28Paraw%29/predict
2026-09-23 11:25:52.168 +05:30 [INF] System.Net.Http.HttpClient.Default.LogicalHandler Start processing HTTP request GET http://localhost:8001/api/prices/Tuna%20%28Yellowfin%29/predict
2026-09-23 11:25:52.168 +05:30 [INF] System.Net.Http.HttpClient.Default.ClientHandler Sending HTTP request GET http://localhost:8001/api/prices/Tuna%20%28Yellowfin%29/predict
2026-09-23 11:25:52.170 +05:30 [INF] System.Net.Http.HttpClient.Default.LogicalHandler Start processing HTTP request GET http://localhost:8001/api/prices/Mackerel/predict
2026-09-23 11:25:52.170 +05:30 [INF] System.Net.Http.HttpClient.Default.ClientHandler Sending HTTP request GET http://localhost:8001/api/prices/Mackerel/predict
2026-09-23 11:25:52.171 +05:30 [INF] System.Net.Http.HttpClient.Default.ClientHandler Received HTTP response headers after 4.7373ms - 200
2026-09-23 11:25:52.171 +05:30 [INF] System.Net.Http.HttpClient.Default.LogicalHandler End processing HTTP request after 6.0556ms - 200
2026-09-23 11:25:52.172 +05:30 [INF] Serilog.AspNetCore.RequestLoggingMiddleware HTTP GET /api/AgentGateway/prices/Trevally (Paraw)/predict responded 200 in 7.429 ms
2026-09-23 11:25:52.177 +05:30 [INF] System.Net.Http.HttpClient.Default.LogicalHandler Start processing HTTP request GET http://localhost:8001/api/prices/Skipjack/predict
2026-09-23 11:25:52.177 +05:30 [INF] System.Net.Http.HttpClient.Default.ClientHandler Sending HTTP request GET http://localhost:8001/api/prices/Skipjack/predict
2026-09-23 11:25:52.186 +05:30 [INF] System.Net.Http.HttpClient.Default.ClientHandler Received HTTP response headers after 17.2968ms - 200
2026-09-23 11:25:52.186 +05:30 [INF] System.Net.Http.HttpClient.Default.LogicalHandler End processing HTTP request after 17.5378ms - 200
2026-09-23 11:25:52.187 +05:30 [INF] Serilog.AspNetCore.RequestLoggingMiddleware HTTP GET /api/AgentGateway/prices/Tuna (Yellowfin)/predict responded 200 in 19.418 ms
2026-09-23 11:25:52.188 +05:30 [INF] System.Net.Http.HttpClient.Default.ClientHandler Received HTTP response headers after 17.2134ms - 200
2026-09-23 11:25:52.188 +05:30 [INF] System.Net.Http.HttpClient.Default.LogicalHandler End processing HTTP request after 17.7957ms - 200
2026-09-23 11:25:52.189 +05:30 [INF] Serilog.AspNetCore.RequestLoggingMiddleware HTTP GET /api/AgentGateway/prices/Mackerel/predict responded 200 in 19.925 ms
2026-09-23 11:25:52.189 +05:30 [INF] System.Net.Http.HttpClient.Default.ClientHandler Received HTTP response headers after 12.0219ms - 200
2026-09-23 11:25:52.189 +05:30 [INF] System.Net.Http.HttpClient.Default.LogicalHandler End processing HTTP request after 12.5808ms - 200
2026-09-23 11:25:52.190 +05:30 [INF] Serilog.AspNetCore.RequestLoggingMiddleware HTTP GET /api/AgentGateway/prices/Skipjack/predict responded 200 in 17.121 ms
2026-09-23 11:32:04.843 +05:30 [INF] Serilog.AspNetCore.RequestLoggingMiddleware HTTP POST /api/Auth/login responded 200 in 321.641 ms
2026-09-23 11:32:04.898 +05:30 [INF] FishLink.API.Services.CatchService GetCatches: 19 results, page 1/2
2026-09-23 11:32:04.900 +05:30 [INF] Serilog.AspNetCore.RequestLoggingMiddleware HTTP GET /api/Catches responded 200 in 10.127 ms
2026-09-23 11:32:15.395 +05:30 [INF] Serilog.AspNetCore.RequestLoggingMiddleware HTTP POST /api/Auth/login responded 200 in 134.610 ms
2026-09-23 11:32:15.435 +05:30 [INF] FishLink.API.Services.CatchService GetCatches: 19 results, page 1/1
2026-09-23 11:32:15.437 +05:30 [INF] Serilog.AspNetCore.RequestLoggingMiddleware HTTP GET /api/Catches responded 200 in 11.199 ms
2026-09-23 11:32:30.058 +05:30 [INF] Serilog.AspNetCore.RequestLoggingMiddleware HTTP POST /api/Auth/login responded 200 in 123.181 ms
2026-09-23 11:32:30.086 +05:30 [INF] Serilog.AspNetCore.RequestLoggingMiddleware HTTP GET /api/Bids/my-bids responded 404 in 0.231 ms
2026-09-23 11:32:52.640 +05:30 [INF] Serilog.AspNetCore.RequestLoggingMiddleware HTTP POST /api/Auth/login responded 200 in 118.279 ms
2026-09-23 11:32:52.663 +05:30 [INF] FishLink.API.Services.CatchService GetCatches: 19 results, page 1/1
2026-09-23 11:32:52.666 +05:30 [INF] Serilog.AspNetCore.RequestLoggingMiddleware HTTP GET /api/Catches responded 200 in 5.775 ms
2026-09-23 11:33:08.762 +05:30 [INF] Serilog.AspNetCore.RequestLoggingMiddleware HTTP POST /api/Auth/login responded 200 in 132.883 ms
2026-09-23 11:33:08.819 +05:30 [INF] Serilog.AspNetCore.RequestLoggingMiddleware HTTP GET /api/BuyerMatch/buyers responded 200 in 34.416 ms
2026-09-23 11:33:45.906 +05:30 [INF] Serilog.AspNetCore.RequestLoggingMiddleware HTTP POST /api/Auth/login responded 200 in 120.479 ms
2026-09-23 11:33:45.938 +05:30 [INF] Serilog.AspNetCore.RequestLoggingMiddleware HTTP GET /api/BuyerMatch/buyers responded 200 in 2.101 ms
2026-09-23 11:34:02.011 +05:30 [INF] Serilog.AspNetCore.RequestLoggingMiddleware HTTP POST /api/Auth/register responded 200 in 118.879 ms
2026-09-23 11:34:07.722 +05:30 [INF] Serilog.AspNetCore.RequestLoggingMiddleware HTTP POST /api/Auth/register responded 200 in 122.243 ms
2026-09-23 11:35:37.983 +05:30 [INF] Serilog.AspNetCore.RequestLoggingMiddleware HTTP POST /api/Auth/login responded 200 in 113.040 ms
2026-09-23 11:35:38.107 +05:30 [INF] Serilog.AspNetCore.RequestLoggingMiddleware HTTP POST /api/Auth/login responded 200 in 115.412 ms
2026-09-23 11:35:38.215 +05:30 [INF] Serilog.AspNetCore.RequestLoggingMiddleware HTTP POST /api/Bids responded 201 in 104.534 ms
2026-09-23 11:35:38.227 +05:30 [INF] Serilog.AspNetCore.RequestLoggingMiddleware HTTP POST /api/Bids responded 201 in 4.921 ms
2026-09-23 11:35:38.241 +05:30 [INF] Serilog.AspNetCore.RequestLoggingMiddleware HTTP POST /api/Bids responded 201 in 8.551 ms
2026-09-23 11:35:38.255 +05:30 [INF] Serilog.AspNetCore.RequestLoggingMiddleware HTTP POST /api/Bids responded 201 in 5.882 ms
2026-09-23 11:35:38.272 +05:30 [INF] Serilog.AspNetCore.RequestLoggingMiddleware HTTP POST /api/Bids responded 201 in 7.763 ms
2026-09-23 11:35:38.287 +05:30 [INF] Serilog.AspNetCore.RequestLoggingMiddleware HTTP POST /api/Bids responded 201 in 6.217 ms
2026-09-23 11:35:38.299 +05:30 [INF] Serilog.AspNetCore.RequestLoggingMiddleware HTTP POST /api/Bids responded 201 in 4.341 ms
2026-09-23 11:35:52.885 +05:30 [INF] Serilog.AspNetCore.RequestLoggingMiddleware HTTP POST /api/Auth/login responded 200 in 126.097 ms
2026-09-23 11:35:52.912 +05:30 [INF] FishLink.API.Services.CatchService GetCatches: 19 results, page 1/1
2026-09-23 11:35:52.913 +05:30 [INF] Serilog.AspNetCore.RequestLoggingMiddleware HTTP GET /api/Catches responded 200 in 4.322 ms
2026-09-23 11:36:25.851 +05:30 [INF] Serilog.AspNetCore.RequestLoggingMiddleware HTTP POST /api/Auth/login responded 200 in 137.475 ms
2026-09-23 11:36:25.888 +05:30 [INF] Serilog.AspNetCore.RequestLoggingMiddleware HTTP GET /api/Bids/catch/15 responded 200 in 12.482 ms
2026-09-23 11:36:55.788 +05:30 [INF] Serilog.AspNetCore.RequestLoggingMiddleware HTTP POST /api/Auth/login responded 200 in 138.744 ms
2026-09-23 11:36:55.806 +05:30 [INF] Serilog.AspNetCore.RequestLoggingMiddleware HTTP GET /api/Bids/catch/15 responded 200 in 2.308 ms
2026-09-23 11:39:30.201 +05:30 [INF] Serilog.AspNetCore.RequestLoggingMiddleware HTTP OPTIONS /api/Catches responded 204 in 0.037 ms
2026-09-23 11:39:30.203 +05:30 [INF] Serilog.AspNetCore.RequestLoggingMiddleware HTTP OPTIONS /api/Catches responded 204 in 0.030 ms
2026-09-23 11:39:30.250 +05:30 [INF] FishLink.API.Services.CatchService GetCatches: 19 results, page 1/1
2026-09-23 11:39:30.254 +05:30 [INF] Serilog.AspNetCore.RequestLoggingMiddleware HTTP GET /api/Catches responded 200 in 51.191 ms
2026-09-23 11:39:30.264 +05:30 [INF] Serilog.AspNetCore.RequestLoggingMiddleware HTTP OPTIONS /api/Bids/catch/20 responded 204 in 0.031 ms
2026-09-23 11:39:30.265 +05:30 [INF] FishLink.API.Services.CatchService GetCatches: 19 results, page 1/1
2026-09-23 11:39:30.266 +05:30 [INF] Serilog.AspNetCore.RequestLoggingMiddleware HTTP GET /api/Catches responded 200 in 12.983 ms
2026-09-23 11:39:30.267 +05:30 [INF] Serilog.AspNetCore.RequestLoggingMiddleware HTTP OPTIONS /api/Bids/catch/17 responded 204 in 0.033 ms
2026-09-23 11:39:30.267 +05:30 [INF] Serilog.AspNetCore.RequestLoggingMiddleware HTTP OPTIONS /api/Bids/catch/16 responded 204 in 0.025 ms
2026-09-23 11:39:30.271 +05:30 [INF] Serilog.AspNetCore.RequestLoggingMiddleware HTTP OPTIONS /api/Bids/catch/15 responded 204 in 0.023 ms
2026-09-23 11:39:30.274 +05:30 [INF] Serilog.AspNetCore.RequestLoggingMiddleware HTTP GET /api/Bids/catch/20 responded 200 in 6.772 ms
2026-09-23 11:39:30.281 +05:30 [INF] Serilog.AspNetCore.RequestLoggingMiddleware HTTP GET /api/Bids/catch/15 responded 200 in 2.101 ms
2026-09-23 11:39:30.316 +05:30 [INF] Serilog.AspNetCore.RequestLoggingMiddleware HTTP GET /api/Bids/catch/20 responded 200 in 1.743 ms
2026-09-23 11:39:30.318 +05:30 [INF] Serilog.AspNetCore.RequestLoggingMiddleware HTTP GET /api/Bids/catch/15 responded 200 in 2.021 ms
2026-09-23 11:39:30.321 +05:30 [INF] Serilog.AspNetCore.RequestLoggingMiddleware HTTP GET /api/Bids/catch/20 responded 200 in 2.090 ms
2026-09-23 11:39:30.323 +05:30 [INF] Serilog.AspNetCore.RequestLoggingMiddleware HTTP GET /api/Bids/catch/15 responded 200 in 1.977 ms
2026-09-23 11:39:30.325 +05:30 [INF] Serilog.AspNetCore.RequestLoggingMiddleware HTTP GET /api/Bids/catch/20 responded 200 in 2.060 ms
2026-09-23 11:39:30.327 +05:30 [INF] Serilog.AspNetCore.RequestLoggingMiddleware HTTP GET /api/Bids/catch/15 responded 200 in 1.619 ms
2026-09-23 11:39:30.327 +05:30 [INF] Serilog.AspNetCore.RequestLoggingMiddleware HTTP GET /api/Bids/catch/16 responded 200 in 57.974 ms
2026-09-23 11:39:30.330 +05:30 [INF] Serilog.AspNetCore.RequestLoggingMiddleware HTTP GET /api/Bids/catch/16 responded 200 in 1.623 ms
2026-09-23 11:39:30.332 +05:30 [INF] Serilog.AspNetCore.RequestLoggingMiddleware HTTP GET /api/Bids/catch/17 responded 200 in 63.272 ms
2026-09-23 11:39:30.333 +05:30 [INF] Serilog.AspNetCore.RequestLoggingMiddleware HTTP GET /api/Bids/catch/16 responded 200 in 1.695 ms
2026-09-23 11:39:30.335 +05:30 [INF] Serilog.AspNetCore.RequestLoggingMiddleware HTTP GET /api/Bids/catch/17 responded 200 in 1.742 ms
2026-09-23 11:39:30.336 +05:30 [INF] Serilog.AspNetCore.RequestLoggingMiddleware HTTP GET /api/Bids/catch/16 responded 200 in 1.763 ms
2026-09-23 11:39:30.338 +05:30 [INF] Serilog.AspNetCore.RequestLoggingMiddleware HTTP GET /api/Bids/catch/17 responded 200 in 1.705 ms
2026-09-23 11:39:30.341 +05:30 [INF] Serilog.AspNetCore.RequestLoggingMiddleware HTTP GET /api/Bids/catch/17 responded 200 in 1.533 ms
2026-09-23 11:41:17.690 +05:30 [INF] Serilog.AspNetCore.RequestLoggingMiddleware HTTP POST /api/Auth/login responded 200 in 118.857 ms
2026-09-23 11:41:17.735 +05:30 [INF] FishLink.API.Services.CatchService GetCatches: 19 results, page 1/1
2026-09-23 11:41:17.737 +05:30 [INF] Serilog.AspNetCore.RequestLoggingMiddleware HTTP GET /api/Catches responded 200 in 10.891 ms
2026-09-23 11:41:42.703 +05:30 [INF] Serilog.AspNetCore.RequestLoggingMiddleware HTTP POST /api/Auth/login responded 200 in 116.862 ms
2026-09-23 11:41:42.726 +05:30 [INF] FishLink.API.Services.CatchService GetCatches: 19 results, page 1/1
2026-09-23 11:41:42.726 +05:30 [INF] Serilog.AspNetCore.RequestLoggingMiddleware HTTP GET /api/Catches responded 200 in 3.777 ms
2026-09-23 11:42:22.832 +05:30 [INF] Serilog.AspNetCore.RequestLoggingMiddleware HTTP OPTIONS /api/Catches responded 204 in 0.044 ms
2026-09-23 11:42:22.834 +05:30 [INF] Serilog.AspNetCore.RequestLoggingMiddleware HTTP OPTIONS /api/Catches responded 204 in 0.020 ms
2026-09-23 11:42:22.842 +05:30 [INF] FishLink.API.Services.CatchService GetCatches: 19 results, page 1/1
2026-09-23 11:42:22.843 +05:30 [INF] Serilog.AspNetCore.RequestLoggingMiddleware HTTP GET /api/Catches responded 200 in 8.327 ms
2026-09-23 11:42:22.848 +05:30 [INF] FishLink.API.Services.CatchService GetCatches: 19 results, page 1/1
2026-09-23 11:42:22.849 +05:30 [INF] Serilog.AspNetCore.RequestLoggingMiddleware HTTP GET /api/Catches responded 200 in 4.434 ms
2026-09-23 11:42:22.856 +05:30 [INF] Serilog.AspNetCore.RequestLoggingMiddleware HTTP OPTIONS /api/Bids/catch/20 responded 204 in 0.036 ms
2026-09-23 11:42:22.857 +05:30 [INF] Serilog.AspNetCore.RequestLoggingMiddleware HTTP OPTIONS /api/Bids/catch/17 responded 204 in 0.019 ms
2026-09-23 11:42:22.858 +05:30 [INF] Serilog.AspNetCore.RequestLoggingMiddleware HTTP OPTIONS /api/Bids/catch/16 responded 204 in 0.020 ms
2026-09-23 11:42:22.858 +05:30 [INF] Serilog.AspNetCore.RequestLoggingMiddleware HTTP OPTIONS /api/Bids/catch/15 responded 204 in 0.016 ms
2026-09-23 11:42:22.861 +05:30 [INF] Serilog.AspNetCore.RequestLoggingMiddleware HTTP GET /api/Bids/catch/20 responded 200 in 1.860 ms
2026-09-23 11:42:22.861 +05:30 [INF] Serilog.AspNetCore.RequestLoggingMiddleware HTTP GET /api/Bids/catch/17 responded 200 in 1.562 ms
2026-09-23 11:42:22.863 +05:30 [INF] Serilog.AspNetCore.RequestLoggingMiddleware HTTP GET /api/Bids/catch/16 responded 200 in 1.473 ms
2026-09-23 11:42:22.865 +05:30 [INF] Serilog.AspNetCore.RequestLoggingMiddleware HTTP GET /api/Bids/catch/15 responded 200 in 1.531 ms
2026-09-23 11:42:22.865 +05:30 [INF] Serilog.AspNetCore.RequestLoggingMiddleware HTTP GET /api/Bids/catch/20 responded 200 in 1.265 ms
2026-09-23 11:42:22.865 +05:30 [INF] Serilog.AspNetCore.RequestLoggingMiddleware HTTP GET /api/Bids/catch/17 responded 200 in 1.483 ms
2026-09-23 11:42:22.869 +05:30 [INF] Serilog.AspNetCore.RequestLoggingMiddleware HTTP GET /api/Bids/catch/16 responded 200 in 2.668 ms
2026-09-23 11:42:22.869 +05:30 [INF] Serilog.AspNetCore.RequestLoggingMiddleware HTTP GET /api/Bids/catch/15 responded 200 in 1.392 ms
2026-09-23 11:42:22.916 +05:30 [INF] Serilog.AspNetCore.RequestLoggingMiddleware HTTP GET /api/Bids/catch/20 responded 200 in 1.958 ms
2026-09-23 11:42:22.916 +05:30 [INF] Serilog.AspNetCore.RequestLoggingMiddleware HTTP GET /api/Bids/catch/17 responded 200 in 1.632 ms
2026-09-23 11:42:22.917 +05:30 [INF] Serilog.AspNetCore.RequestLoggingMiddleware HTTP GET /api/Bids/catch/16 responded 200 in 1.218 ms
2026-09-23 11:42:22.922 +05:30 [INF] Serilog.AspNetCore.RequestLoggingMiddleware HTTP GET /api/Bids/catch/15 responded 200 in 1.911 ms
2026-09-23 11:42:22.923 +05:30 [INF] Serilog.AspNetCore.RequestLoggingMiddleware HTTP GET /api/Bids/catch/20 responded 200 in 1.672 ms
2026-09-23 11:42:22.924 +05:30 [INF] Serilog.AspNetCore.RequestLoggingMiddleware HTTP GET /api/Bids/catch/17 responded 200 in 1.398 ms
2026-09-23 11:42:22.924 +05:30 [INF] Serilog.AspNetCore.RequestLoggingMiddleware HTTP GET /api/Bids/catch/16 responded 200 in 1.062 ms
2026-09-23 11:42:22.924 +05:30 [INF] Serilog.AspNetCore.RequestLoggingMiddleware HTTP GET /api/Bids/catch/15 responded 200 in 1.287 ms
2026-09-23 11:42:25.269 +05:30 [INF] Serilog.AspNetCore.RequestLoggingMiddleware HTTP OPTIONS /api/AgentGateway/prices/Tuna (Yellowfin)/predict responded 204 in 0.159 ms
2026-09-23 11:42:25.270 +05:30 [INF] Serilog.AspNetCore.RequestLoggingMiddleware HTTP OPTIONS /api/AgentGateway/prices/Skipjack/predict responded 204 in 0.125 ms
2026-09-23 11:42:25.272 +05:30 [INF] Serilog.AspNetCore.RequestLoggingMiddleware HTTP OPTIONS /api/AgentGateway/prices/Trevally (Paraw)/predict responded 204 in 0.072 ms
2026-09-23 11:42:25.278 +05:30 [INF] Serilog.AspNetCore.RequestLoggingMiddleware HTTP OPTIONS /api/AgentGateway/prices/Mackerel/predict responded 204 in 0.070 ms
2026-09-23 11:42:25.286 +05:30 [INF] System.Net.Http.HttpClient.Default.LogicalHandler Start processing HTTP request GET http://localhost:8001/api/prices/Tuna%20%28Yellowfin%29/predict
2026-09-23 11:42:25.286 +05:30 [INF] System.Net.Http.HttpClient.Default.LogicalHandler Start processing HTTP request GET http://localhost:8001/api/prices/Skipjack/predict
2026-09-23 11:42:25.286 +05:30 [INF] System.Net.Http.HttpClient.Default.ClientHandler Sending HTTP request GET http://localhost:8001/api/prices/Tuna%20%28Yellowfin%29/predict
2026-09-23 11:42:25.286 +05:30 [INF] System.Net.Http.HttpClient.Default.LogicalHandler Start processing HTTP request GET http://localhost:8001/api/prices/Trevally%20%28Paraw%29/predict
2026-09-23 11:42:25.286 +05:30 [INF] System.Net.Http.HttpClient.Default.ClientHandler Sending HTTP request GET http://localhost:8001/api/prices/Trevally%20%28Paraw%29/predict
2026-09-23 11:42:25.286 +05:30 [INF] System.Net.Http.HttpClient.Default.ClientHandler Sending HTTP request GET http://localhost:8001/api/prices/Skipjack/predict
2026-09-23 11:42:25.288 +05:30 [INF] Serilog.AspNetCore.RequestLoggingMiddleware HTTP OPTIONS /api/Catches/market-stats responded 204 in 0.093 ms
2026-09-23 11:42:25.292 +05:30 [INF] System.Net.Http.HttpClient.Default.LogicalHandler Start processing HTTP request GET http://localhost:8001/api/prices/Mackerel/predict
2026-09-23 11:42:25.292 +05:30 [INF] System.Net.Http.HttpClient.Default.ClientHandler Sending HTTP request GET http://localhost:8001/api/prices/Mackerel/predict
2026-09-23 11:42:25.301 +05:30 [INF] Serilog.AspNetCore.RequestLoggingMiddleware HTTP GET /api/Catches/market-stats responded 200 in 8.211 ms
2026-09-23 11:42:25.308 +05:30 [INF] Serilog.AspNetCore.RequestLoggingMiddleware HTTP GET /api/Catches/market-stats responded 200 in 5.165 ms
2026-09-23 11:42:27.360 +05:30 [INF] System.Net.Http.HttpClient.Default.ClientHandler Received HTTP response headers after 2068.103ms - 200
2026-09-23 11:42:27.361 +05:30 [INF] System.Net.Http.HttpClient.Default.LogicalHandler End processing HTTP request after 2069.1761ms - 200
2026-09-23 11:42:27.373 +05:30 [INF] Serilog.AspNetCore.RequestLoggingMiddleware HTTP GET /api/AgentGateway/prices/Mackerel/predict responded 200 in 2082.379 ms
2026-09-23 11:42:27.374 +05:30 [INF] System.Net.Http.HttpClient.Default.ClientHandler Received HTTP response headers after 2087.376ms - 200
2026-09-23 11:42:27.374 +05:30 [INF] System.Net.Http.HttpClient.Default.LogicalHandler End processing HTTP request after 2088.4476ms - 200
2026-09-23 11:42:27.375 +05:30 [INF] Serilog.AspNetCore.RequestLoggingMiddleware HTTP GET /api/AgentGateway/prices/Tuna (Yellowfin)/predict responded 200 in 2096.875 ms
2026-09-23 11:42:27.376 +05:30 [INF] System.Net.Http.HttpClient.Default.ClientHandler Received HTTP response headers after 2089.1312ms - 200
2026-09-23 11:42:27.376 +05:30 [INF] System.Net.Http.HttpClient.Default.LogicalHandler End processing HTTP request after 2090.5799ms - 200
2026-09-23 11:42:27.377 +05:30 [INF] Serilog.AspNetCore.RequestLoggingMiddleware HTTP GET /api/AgentGateway/prices/Skipjack/predict responded 200 in 2098.634 ms
2026-09-23 11:42:27.378 +05:30 [INF] System.Net.Http.HttpClient.Default.ClientHandler Received HTTP response headers after 2091.0205ms - 200
2026-09-23 11:42:27.378 +05:30 [INF] System.Net.Http.HttpClient.Default.LogicalHandler End processing HTTP request after 2092.1771ms - 200
2026-09-23 11:42:27.379 +05:30 [INF] Serilog.AspNetCore.RequestLoggingMiddleware HTTP GET /api/AgentGateway/prices/Trevally (Paraw)/predict responded 200 in 2100.006 ms
2026-09-23 11:42:27.392 +05:30 [INF] System.Net.Http.HttpClient.Default.LogicalHandler Start processing HTTP request GET http://localhost:8001/api/prices/Mackerel/predict
2026-09-23 11:42:27.392 +05:30 [INF] System.Net.Http.HttpClient.Default.ClientHandler Sending HTTP request GET http://localhost:8001/api/prices/Mackerel/predict
2026-09-23 11:42:27.394 +05:30 [INF] System.Net.Http.HttpClient.Default.LogicalHandler Start processing HTTP request GET http://localhost:8001/api/prices/Skipjack/predict
2026-09-23 11:42:27.394 +05:30 [INF] System.Net.Http.HttpClient.Default.ClientHandler Sending HTTP request GET http://localhost:8001/api/prices/Skipjack/predict
2026-09-23 11:42:27.397 +05:30 [INF] System.Net.Http.HttpClient.Default.LogicalHandler Start processing HTTP request GET http://localhost:8001/api/prices/Trevally%20%28Paraw%29/predict
2026-09-23 11:42:27.397 +05:30 [INF] System.Net.Http.HttpClient.Default.ClientHandler Sending HTTP request GET http://localhost:8001/api/prices/Trevally%20%28Paraw%29/predict
2026-09-23 11:42:27.397 +05:30 [INF] System.Net.Http.HttpClient.Default.LogicalHandler Start processing HTTP request GET http://localhost:8001/api/prices/Tuna%20%28Yellowfin%29/predict
2026-09-23 11:42:27.398 +05:30 [INF] System.Net.Http.HttpClient.Default.ClientHandler Sending HTTP request GET http://localhost:8001/api/prices/Tuna%20%28Yellowfin%29/predict
2026-09-23 11:42:27.419 +05:30 [INF] System.Net.Http.HttpClient.Default.ClientHandler Received HTTP response headers after 27.4159ms - 200
2026-09-23 11:42:27.420 +05:30 [INF] System.Net.Http.HttpClient.Default.LogicalHandler End processing HTTP request after 28.5269ms - 200
2026-09-23 11:42:27.423 +05:30 [INF] Serilog.AspNetCore.RequestLoggingMiddleware HTTP GET /api/AgentGateway/prices/Mackerel/predict responded 200 in 32.975 ms
2026-09-23 11:42:27.435 +05:30 [INF] System.Net.Http.HttpClient.Default.ClientHandler Received HTTP response headers after 40.4827ms - 200
2026-09-23 11:42:27.435 +05:30 [INF] System.Net.Http.HttpClient.Default.LogicalHandler End processing HTTP request after 41.0363ms - 200
2026-09-23 11:42:27.435 +05:30 [INF] Serilog.AspNetCore.RequestLoggingMiddleware HTTP GET /api/AgentGateway/prices/Skipjack/predict responded 200 in 43.002 ms
2026-09-23 11:42:27.436 +05:30 [INF] System.Net.Http.HttpClient.Default.ClientHandler Received HTTP response headers after 38.391ms - 200
2026-09-23 11:42:27.436 +05:30 [INF] System.Net.Http.HttpClient.Default.LogicalHandler End processing HTTP request after 39.1679ms - 200
2026-09-23 11:42:27.436 +05:30 [INF] Serilog.AspNetCore.RequestLoggingMiddleware HTTP GET /api/AgentGateway/prices/Trevally (Paraw)/predict responded 200 in 42.844 ms
2026-09-23 11:42:27.436 +05:30 [INF] System.Net.Http.HttpClient.Default.ClientHandler Received HTTP response headers after 38.0523ms - 200
2026-09-23 11:42:27.436 +05:30 [INF] System.Net.Http.HttpClient.Default.LogicalHandler End processing HTTP request after 38.5951ms - 200
2026-09-23 11:42:27.436 +05:30 [INF] Serilog.AspNetCore.RequestLoggingMiddleware HTTP GET /api/AgentGateway/prices/Tuna (Yellowfin)/predict responded 200 in 45.486 ms
2026-09-23 11:42:30.877 +05:30 [INF] Serilog.AspNetCore.RequestLoggingMiddleware HTTP OPTIONS /api/Catches responded 204 in 0.190 ms
2026-09-23 11:42:30.877 +05:30 [INF] Serilog.AspNetCore.RequestLoggingMiddleware HTTP OPTIONS /api/Catches responded 204 in 0.159 ms
2026-09-23 11:42:30.920 +05:30 [INF] FishLink.API.Services.CatchService GetCatches: 19 results, page 1/1
2026-09-23 11:42:30.933 +05:30 [INF] Serilog.AspNetCore.RequestLoggingMiddleware HTTP GET /api/Catches responded 200 in 38.975 ms
2026-09-23 11:42:30.968 +05:30 [INF] FishLink.API.Services.CatchService GetCatches: 19 results, page 1/1
2026-09-23 11:42:30.973 +05:30 [INF] Serilog.AspNetCore.RequestLoggingMiddleware HTTP OPTIONS /api/Bids/catch/20 responded 204 in 0.134 ms
2026-09-23 11:42:30.974 +05:30 [INF] Serilog.AspNetCore.RequestLoggingMiddleware HTTP OPTIONS /api/Bids/catch/17 responded 204 in 0.232 ms
2026-09-23 11:42:30.976 +05:30 [INF] Serilog.AspNetCore.RequestLoggingMiddleware HTTP OPTIONS /api/Bids/catch/16 responded 204 in 0.089 ms
2026-09-23 11:42:30.978 +05:30 [INF] Serilog.AspNetCore.RequestLoggingMiddleware HTTP OPTIONS /api/Bids/catch/15 responded 204 in 0.103 ms
2026-09-23 11:42:30.981 +05:30 [INF] Serilog.AspNetCore.RequestLoggingMiddleware HTTP GET /api/Catches responded 200 in 46.762 ms
2026-09-23 11:42:30.997 +05:30 [INF] Serilog.AspNetCore.RequestLoggingMiddleware HTTP GET /api/Bids/catch/20 responded 200 in 7.184 ms
2026-09-23 11:42:30.998 +05:30 [INF] Serilog.AspNetCore.RequestLoggingMiddleware HTTP GET /api/Bids/catch/17 responded 200 in 2.740 ms
2026-09-23 11:42:31.002 +05:30 [INF] Serilog.AspNetCore.RequestLoggingMiddleware HTTP GET /api/Bids/catch/15 responded 200 in 3.795 ms
2026-09-23 11:42:31.003 +05:30 [INF] Serilog.AspNetCore.RequestLoggingMiddleware HTTP GET /api/Bids/catch/16 responded 200 in 7.954 ms
2026-09-23 11:42:31.012 +05:30 [INF] Serilog.AspNetCore.RequestLoggingMiddleware HTTP GET /api/Bids/catch/20 responded 200 in 6.828 ms
2026-09-23 11:42:31.013 +05:30 [INF] Serilog.AspNetCore.RequestLoggingMiddleware HTTP GET /api/Bids/catch/17 responded 200 in 4.049 ms
2026-09-23 11:42:31.017 +05:30 [INF] Serilog.AspNetCore.RequestLoggingMiddleware HTTP GET /api/Bids/catch/15 responded 200 in 3.455 ms
2026-09-23 11:42:31.017 +05:30 [INF] Serilog.AspNetCore.RequestLoggingMiddleware HTTP GET /api/Bids/catch/16 responded 200 in 1.827 ms
2026-09-23 11:42:31.024 +05:30 [INF] Serilog.AspNetCore.RequestLoggingMiddleware HTTP GET /api/Bids/catch/15 responded 200 in 3.591 ms
2026-09-23 11:42:31.028 +05:30 [INF] Serilog.AspNetCore.RequestLoggingMiddleware HTTP GET /api/Bids/catch/17 responded 200 in 5.910 ms
2026-09-23 11:42:31.035 +05:30 [INF] Serilog.AspNetCore.RequestLoggingMiddleware HTTP GET /api/Bids/catch/20 responded 200 in 5.929 ms
2026-09-23 11:42:31.035 +05:30 [INF] Serilog.AspNetCore.RequestLoggingMiddleware HTTP GET /api/Bids/catch/16 responded 200 in 3.932 ms
2026-09-23 11:42:31.042 +05:30 [INF] Serilog.AspNetCore.RequestLoggingMiddleware HTTP GET /api/Bids/catch/15 responded 200 in 1.679 ms
2026-09-23 11:42:31.043 +05:30 [INF] Serilog.AspNetCore.RequestLoggingMiddleware HTTP GET /api/Bids/catch/16 responded 200 in 1.607 ms
2026-09-23 11:42:31.043 +05:30 [INF] Serilog.AspNetCore.RequestLoggingMiddleware HTTP GET /api/Bids/catch/17 responded 200 in 2.289 ms
2026-09-23 11:42:31.084 +05:30 [INF] Serilog.AspNetCore.RequestLoggingMiddleware HTTP GET /api/Bids/catch/20 responded 200 in 42.400 ms
2026-09-23 11:43:06.889 +05:30 [INF] Serilog.AspNetCore.RequestLoggingMiddleware HTTP OPTIONS /api/Bids/catch/20 responded 204 in 0.035 ms
2026-09-23 11:43:06.889 +05:30 [INF] Serilog.AspNetCore.RequestLoggingMiddleware HTTP OPTIONS /api/Bids/catch/17 responded 204 in 0.015 ms
2026-09-23 11:43:06.889 +05:30 [INF] Serilog.AspNetCore.RequestLoggingMiddleware HTTP OPTIONS /api/Bids/catch/15 responded 204 in 0.009 ms
2026-09-23 11:43:06.890 +05:30 [INF] Serilog.AspNetCore.RequestLoggingMiddleware HTTP OPTIONS /api/Bids/catch/16 responded 204 in 0.013 ms
2026-09-23 11:43:06.891 +05:30 [INF] Serilog.AspNetCore.RequestLoggingMiddleware HTTP OPTIONS /api/Bids/catch/20 responded 204 in 0.027 ms
2026-09-23 11:43:06.895 +05:30 [INF] Serilog.AspNetCore.RequestLoggingMiddleware HTTP GET /api/Bids/catch/15 responded 200 in 2.250 ms
2026-09-23 11:43:06.895 +05:30 [INF] Serilog.AspNetCore.RequestLoggingMiddleware HTTP GET /api/Bids/catch/20 responded 200 in 2.993 ms
2026-09-23 11:43:06.897 +05:30 [INF] Serilog.AspNetCore.RequestLoggingMiddleware HTTP GET /api/Bids/catch/16 responded 200 in 2.592 ms
2026-09-23 11:43:06.898 +05:30 [INF] Serilog.AspNetCore.RequestLoggingMiddleware HTTP GET /api/Bids/catch/17 responded 200 in 3.155 ms
2026-09-23 11:43:06.902 +05:30 [INF] Serilog.AspNetCore.RequestLoggingMiddleware HTTP GET /api/Bids/catch/17 responded 200 in 2.135 ms
2026-09-23 11:43:06.902 +05:30 [INF] Serilog.AspNetCore.RequestLoggingMiddleware HTTP GET /api/Bids/catch/20 responded 200 in 2.372 ms
2026-09-23 11:43:06.902 +05:30 [INF] Serilog.AspNetCore.RequestLoggingMiddleware HTTP GET /api/Bids/catch/16 responded 200 in 2.043 ms
2026-09-23 11:43:06.903 +05:30 [INF] Serilog.AspNetCore.RequestLoggingMiddleware HTTP GET /api/Bids/catch/15 responded 200 in 1.447 ms
2026-09-23 11:50:54.730 +05:30 [INF] Serilog.AspNetCore.RequestLoggingMiddleware HTTP OPTIONS /api/Bids/catch/20 responded 204 in 0.076 ms
2026-09-23 11:50:54.732 +05:30 [INF] Serilog.AspNetCore.RequestLoggingMiddleware HTTP OPTIONS /api/Bids/catch/17 responded 204 in 0.031 ms
2026-09-23 11:50:54.732 +05:30 [INF] Serilog.AspNetCore.RequestLoggingMiddleware HTTP OPTIONS /api/Bids/catch/16 responded 204 in 0.029 ms
2026-09-23 11:50:54.733 +05:30 [INF] Serilog.AspNetCore.RequestLoggingMiddleware HTTP OPTIONS /api/Bids/catch/15 responded 204 in 0.025 ms
2026-09-23 11:50:54.781 +05:30 [INF] Serilog.AspNetCore.RequestLoggingMiddleware HTTP GET /api/Bids/catch/16 responded 200 in 46.607 ms
2026-09-23 11:50:54.790 +05:30 [INF] Serilog.AspNetCore.RequestLoggingMiddleware HTTP GET /api/Bids/catch/16 responded 200 in 2.145 ms
2026-09-23 11:50:54.793 +05:30 [INF] Serilog.AspNetCore.RequestLoggingMiddleware HTTP GET /api/Bids/catch/17 responded 200 in 58.132 ms
2026-09-23 11:50:54.795 +05:30 [INF] Serilog.AspNetCore.RequestLoggingMiddleware HTTP GET /api/Bids/catch/17 responded 200 in 1.490 ms
2026-09-23 11:50:54.898 +05:30 [INF] Serilog.AspNetCore.RequestLoggingMiddleware HTTP GET /api/Bids/catch/15 responded 200 in 163.146 ms
2026-09-23 11:50:54.898 +05:30 [INF] Serilog.AspNetCore.RequestLoggingMiddleware HTTP GET /api/Bids/catch/20 responded 200 in 164.906 ms
2026-09-23 11:50:54.901 +05:30 [INF] Serilog.AspNetCore.RequestLoggingMiddleware HTTP GET /api/Bids/catch/15 responded 200 in 1.495 ms
2026-09-23 11:50:54.901 +05:30 [INF] Serilog.AspNetCore.RequestLoggingMiddleware HTTP GET /api/Bids/catch/20 responded 200 in 0.993 ms
2026-09-23 11:56:02.008 +05:30 [INF] Serilog.AspNetCore.RequestLoggingMiddleware HTTP OPTIONS /api/BuyerMatch/score-buyers/20 responded 204 in 0.042 ms
2026-09-23 11:56:02.282 +05:30 [INF] Serilog.AspNetCore.RequestLoggingMiddleware HTTP GET /api/BuyerMatch/score-buyers/20 responded 200 in 270.994 ms
2026-09-23 11:59:22.581 +05:30 [INF] Serilog.AspNetCore.RequestLoggingMiddleware HTTP OPTIONS /api/BuyerMatch/score-buyers/6 responded 204 in 0.214 ms
2026-09-23 11:59:22.616 +05:30 [INF] Serilog.AspNetCore.RequestLoggingMiddleware HTTP GET /api/BuyerMatch/score-buyers/6 responded 200 in 25.122 ms
2026-09-23 12:00:32.669 +05:30 [INF] Serilog.AspNetCore.RequestLoggingMiddleware HTTP OPTIONS /api/AgentGateway/prices/Tuna (Yellowfin)/predict responded 204 in 0.114 ms
2026-09-23 12:00:32.678 +05:30 [INF] Serilog.AspNetCore.RequestLoggingMiddleware HTTP OPTIONS /api/AgentGateway/prices/Skipjack/predict responded 204 in 0.102 ms
2026-09-23 12:00:32.678 +05:30 [INF] Serilog.AspNetCore.RequestLoggingMiddleware HTTP OPTIONS /api/AgentGateway/prices/Trevally (Paraw)/predict responded 204 in 0.062 ms
2026-09-23 12:00:32.680 +05:30 [INF] Serilog.AspNetCore.RequestLoggingMiddleware HTTP OPTIONS /api/AgentGateway/prices/Mackerel/predict responded 204 in 0.067 ms
2026-09-23 12:00:32.684 +05:30 [INF] Serilog.AspNetCore.RequestLoggingMiddleware HTTP OPTIONS /api/Catches/market-stats responded 204 in 0.117 ms
2026-09-23 12:00:32.687 +05:30 [INF] System.Net.Http.HttpClient.Default.LogicalHandler Start processing HTTP request GET http://localhost:8001/api/prices/Skipjack/predict
2026-09-23 12:00:32.687 +05:30 [INF] System.Net.Http.HttpClient.Default.ClientHandler Sending HTTP request GET http://localhost:8001/api/prices/Skipjack/predict
2026-09-23 12:00:32.688 +05:30 [INF] System.Net.Http.HttpClient.Default.LogicalHandler Start processing HTTP request GET http://localhost:8001/api/prices/Trevally%20%28Paraw%29/predict
2026-09-23 12:00:32.688 +05:30 [INF] System.Net.Http.HttpClient.Default.ClientHandler Sending HTTP request GET http://localhost:8001/api/prices/Trevally%20%28Paraw%29/predict
2026-09-23 12:00:32.690 +05:30 [INF] System.Net.Http.HttpClient.Default.LogicalHandler Start processing HTTP request GET http://localhost:8001/api/prices/Mackerel/predict
2026-09-23 12:00:32.691 +05:30 [INF] System.Net.Http.HttpClient.Default.ClientHandler Sending HTTP request GET http://localhost:8001/api/prices/Mackerel/predict
2026-09-23 12:00:32.698 +05:30 [INF] Serilog.AspNetCore.RequestLoggingMiddleware HTTP OPTIONS /api/Catches/market-stats responded 204 in 0.132 ms
2026-09-23 12:00:32.700 +05:30 [INF] System.Net.Http.HttpClient.Default.LogicalHandler Start processing HTTP request GET http://localhost:8001/api/prices/Tuna%20%28Yellowfin%29/predict
2026-09-23 12:00:32.700 +05:30 [INF] System.Net.Http.HttpClient.Default.ClientHandler Sending HTTP request GET http://localhost:8001/api/prices/Tuna%20%28Yellowfin%29/predict
2026-09-23 12:00:32.722 +05:30 [INF] Serilog.AspNetCore.RequestLoggingMiddleware HTTP GET /api/Catches/market-stats responded 200 in 17.599 ms
2026-09-23 12:00:32.739 +05:30 [INF] Serilog.AspNetCore.RequestLoggingMiddleware HTTP GET /api/Catches/market-stats responded 200 in 13.890 ms
2026-09-23 12:00:34.775 +05:30 [INF] System.Net.Http.HttpClient.Default.ClientHandler Received HTTP response headers after 2086.1714ms - 200
2026-09-23 12:00:34.775 +05:30 [INF] System.Net.Http.HttpClient.Default.LogicalHandler End processing HTTP request after 2087.5582ms - 200
2026-09-23 12:00:34.777 +05:30 [INF] System.Net.Http.HttpClient.Default.ClientHandler Received HTTP response headers after 2086.0449ms - 200
2026-09-23 12:00:34.777 +05:30 [INF] System.Net.Http.HttpClient.Default.LogicalHandler End processing HTTP request after 2087.0529ms - 200
2026-09-23 12:00:34.783 +05:30 [INF] System.Net.Http.HttpClient.Default.ClientHandler Received HTTP response headers after 2095.7912ms - 200
2026-09-23 12:00:34.783 +05:30 [INF] System.Net.Http.HttpClient.Default.LogicalHandler End processing HTTP request after 2096.77ms - 200
2026-09-23 12:00:34.784 +05:30 [INF] Serilog.AspNetCore.RequestLoggingMiddleware HTTP GET /api/AgentGateway/prices/Mackerel/predict responded 200 in 2094.692 ms
2026-09-23 12:00:34.784 +05:30 [INF] Serilog.AspNetCore.RequestLoggingMiddleware HTTP GET /api/AgentGateway/prices/Skipjack/predict responded 200 in 2098.977 ms
2026-09-23 12:00:34.788 +05:30 [INF] System.Net.Http.HttpClient.Default.ClientHandler Received HTTP response headers after 2087.1822ms - 200
2026-09-23 12:00:34.789 +05:30 [INF] System.Net.Http.HttpClient.Default.LogicalHandler End processing HTTP request after 2088.3822ms - 200
2026-09-23 12:00:34.789 +05:30 [INF] Serilog.AspNetCore.RequestLoggingMiddleware HTTP GET /api/AgentGateway/prices/Tuna (Yellowfin)/predict responded 200 in 2089.540 ms
2026-09-23 12:00:34.784 +05:30 [INF] Serilog.AspNetCore.RequestLoggingMiddleware HTTP GET /api/AgentGateway/prices/Trevally (Paraw)/predict responded 200 in 2098.590 ms
2026-09-23 12:00:34.830 +05:30 [INF] System.Net.Http.HttpClient.Default.LogicalHandler Start processing HTTP request GET http://localhost:8001/api/prices/Mackerel/predict
2026-09-23 12:00:34.830 +05:30 [INF] System.Net.Http.HttpClient.Default.ClientHandler Sending HTTP request GET http://localhost:8001/api/prices/Mackerel/predict
2026-09-23 12:00:34.833 +05:30 [INF] System.Net.Http.HttpClient.Default.LogicalHandler Start processing HTTP request GET http://localhost:8001/api/prices/Skipjack/predict
2026-09-23 12:00:34.833 +05:30 [INF] System.Net.Http.HttpClient.Default.ClientHandler Sending HTTP request GET http://localhost:8001/api/prices/Skipjack/predict
2026-09-23 12:00:34.836 +05:30 [INF] System.Net.Http.HttpClient.Default.LogicalHandler Start processing HTTP request GET http://localhost:8001/api/prices/Trevally%20%28Paraw%29/predict
2026-09-23 12:00:34.836 +05:30 [INF] System.Net.Http.HttpClient.Default.ClientHandler Sending HTTP request GET http://localhost:8001/api/prices/Trevally%20%28Paraw%29/predict
2026-09-23 12:00:34.838 +05:30 [INF] System.Net.Http.HttpClient.Default.LogicalHandler Start processing HTTP request GET http://localhost:8001/api/prices/Tuna%20%28Yellowfin%29/predict
2026-09-23 12:00:34.838 +05:30 [INF] System.Net.Http.HttpClient.Default.ClientHandler Sending HTTP request GET http://localhost:8001/api/prices/Tuna%20%28Yellowfin%29/predict
2026-09-23 12:00:34.839 +05:30 [INF] System.Net.Http.HttpClient.Default.ClientHandler Received HTTP response headers after 8.5582ms - 200
2026-09-23 12:00:34.839 +05:30 [INF] System.Net.Http.HttpClient.Default.LogicalHandler End processing HTTP request after 9.4582ms - 200
2026-09-23 12:00:34.856 +05:30 [INF] Serilog.AspNetCore.RequestLoggingMiddleware HTTP GET /api/AgentGateway/prices/Mackerel/predict responded 200 in 29.184 ms
2026-09-23 12:00:34.857 +05:30 [INF] System.Net.Http.HttpClient.Default.ClientHandler Received HTTP response headers after 20.8622ms - 200
2026-09-23 12:00:34.857 +05:30 [INF] System.Net.Http.HttpClient.Default.LogicalHandler End processing HTTP request after 21.3974ms - 200
2026-09-23 12:00:34.857 +05:30 [INF] Serilog.AspNetCore.RequestLoggingMiddleware HTTP GET /api/AgentGateway/prices/Trevally (Paraw)/predict responded 200 in 22.696 ms
2026-09-23 12:00:34.858 +05:30 [INF] System.Net.Http.HttpClient.Default.ClientHandler Received HTTP response headers after 19.5157ms - 200
2026-09-23 12:00:34.858 +05:30 [INF] System.Net.Http.HttpClient.Default.LogicalHandler End processing HTTP request after 20.1488ms - 200
2026-09-23 12:00:34.858 +05:30 [INF] Serilog.AspNetCore.RequestLoggingMiddleware HTTP GET /api/AgentGateway/prices/Tuna (Yellowfin)/predict responded 200 in 21.488 ms
2026-09-23 12:00:34.858 +05:30 [INF] System.Net.Http.HttpClient.Default.ClientHandler Received HTTP response headers after 24.4234ms - 200
2026-09-23 12:00:34.859 +05:30 [INF] System.Net.Http.HttpClient.Default.LogicalHandler End processing HTTP request after 25.6539ms - 200
2026-09-23 12:00:34.859 +05:30 [INF] Serilog.AspNetCore.RequestLoggingMiddleware HTTP GET /api/AgentGateway/prices/Skipjack/predict responded 200 in 27.390 ms
2026-09-23 12:11:37.343 +05:30 [INF] Serilog.AspNetCore.RequestLoggingMiddleware HTTP OPTIONS /api/Catches responded 204 in 0.059 ms
2026-09-23 12:11:37.344 +05:30 [INF] Serilog.AspNetCore.RequestLoggingMiddleware HTTP OPTIONS /api/Catches responded 204 in 0.037 ms
2026-09-23 12:11:37.384 +05:30 [INF] FishLink.API.Services.CatchService GetCatches: 19 results, page 1/1
2026-09-23 12:11:37.385 +05:30 [INF] Serilog.AspNetCore.RequestLoggingMiddleware HTTP GET /api/Catches responded 200 in 39.605 ms
2026-09-23 12:11:37.388 +05:30 [INF] FishLink.API.Services.CatchService GetCatches: 19 results, page 1/1
2026-09-23 12:11:37.389 +05:30 [INF] Serilog.AspNetCore.RequestLoggingMiddleware HTTP GET /api/Catches responded 200 in 3.699 ms
2026-09-23 12:11:37.393 +05:30 [INF] Serilog.AspNetCore.RequestLoggingMiddleware HTTP OPTIONS /api/Bids/catch/20 responded 204 in 0.024 ms
2026-09-23 12:11:37.393 +05:30 [INF] Serilog.AspNetCore.RequestLoggingMiddleware HTTP OPTIONS /api/Bids/catch/17 responded 204 in 0.013 ms
2026-09-23 12:11:37.394 +05:30 [INF] Serilog.AspNetCore.RequestLoggingMiddleware HTTP OPTIONS /api/Bids/catch/16 responded 204 in 0.016 ms
2026-09-23 12:11:37.395 +05:30 [INF] Serilog.AspNetCore.RequestLoggingMiddleware HTTP OPTIONS /api/Bids/catch/15 responded 204 in 0.012 ms
2026-09-23 12:11:37.400 +05:30 [INF] Serilog.AspNetCore.RequestLoggingMiddleware HTTP GET /api/Bids/catch/20 responded 200 in 4.973 ms
2026-09-23 12:11:37.402 +05:30 [INF] Serilog.AspNetCore.RequestLoggingMiddleware HTTP GET /api/Bids/catch/20 responded 200 in 1.382 ms
2026-09-23 12:11:37.440 +05:30 [INF] Serilog.AspNetCore.RequestLoggingMiddleware HTTP GET /api/Bids/catch/17 responded 200 in 44.599 ms
2026-09-23 12:11:37.445 +05:30 [INF] Serilog.AspNetCore.RequestLoggingMiddleware HTTP GET /api/Bids/catch/20 responded 200 in 2.881 ms
2026-09-23 12:11:37.447 +05:30 [INF] Serilog.AspNetCore.RequestLoggingMiddleware HTTP GET /api/Bids/catch/17 responded 200 in 4.025 ms
2026-09-23 12:11:37.448 +05:30 [INF] Serilog.AspNetCore.RequestLoggingMiddleware HTTP GET /api/Bids/catch/15 responded 200 in 52.280 ms
2026-09-23 12:11:37.451 +05:30 [INF] Serilog.AspNetCore.RequestLoggingMiddleware HTTP GET /api/Bids/catch/20 responded 200 in 3.855 ms
2026-09-23 12:11:37.451 +05:30 [INF] Serilog.AspNetCore.RequestLoggingMiddleware HTTP GET /api/Bids/catch/17 responded 200 in 2.793 ms
2026-09-23 12:11:37.452 +05:30 [INF] Serilog.AspNetCore.RequestLoggingMiddleware HTTP GET /api/Bids/catch/15 responded 200 in 2.404 ms
2026-09-23 12:11:37.454 +05:30 [INF] Serilog.AspNetCore.RequestLoggingMiddleware HTTP GET /api/Bids/catch/17 responded 200 in 1.594 ms
2026-09-23 12:11:37.455 +05:30 [INF] Serilog.AspNetCore.RequestLoggingMiddleware HTTP GET /api/Bids/catch/15 responded 200 in 1.406 ms
2026-09-23 12:11:37.457 +05:30 [INF] Serilog.AspNetCore.RequestLoggingMiddleware HTTP GET /api/Bids/catch/15 responded 200 in 1.554 ms
2026-09-23 12:11:37.458 +05:30 [INF] Serilog.AspNetCore.RequestLoggingMiddleware HTTP GET /api/Bids/catch/16 responded 200 in 62.709 ms
2026-09-23 12:11:37.461 +05:30 [INF] Serilog.AspNetCore.RequestLoggingMiddleware HTTP GET /api/Bids/catch/16 responded 200 in 1.307 ms
2026-09-23 12:11:37.463 +05:30 [INF] Serilog.AspNetCore.RequestLoggingMiddleware HTTP GET /api/Bids/catch/16 responded 200 in 1.448 ms
2026-09-23 12:11:37.466 +05:30 [INF] Serilog.AspNetCore.RequestLoggingMiddleware HTTP GET /api/Bids/catch/16 responded 200 in 1.470 ms
2026-09-23 12:52:08.375 +05:30 [INF] Serilog.AspNetCore.RequestLoggingMiddleware HTTP OPTIONS /api/Catches responded 204 in 0.516 ms
2026-09-23 12:52:08.507 +05:30 [ERR] Microsoft.EntityFrameworkCore.Database.Command Failed executing DbCommand (14ms) [Parameters=[@p0='?' (DbType = Decimal), @p1='?' (DbType = DateTime), @p2='?' (DbType = DateTime), @p3='?' (DbType = DateTime), @p4='?', @p5='?', @p6='?' (DbType = Int32), @p7='?', @p8='?', @p9='?', @p10='?', @p11='?' (DbType = Int32), @p12='?' (DbType = Decimal), @p13='?' (DbType = Boolean), @p14='?', @p15='?', @p16='?', @p17='?' (DbType = Decimal), @p18='?' (DbType = Decimal)], CommandType='"Text"', CommandTimeout='30']
INSERT INTO "Catches" ("AskingPricePerKg", "CatchDateTime", "CatchTime", "CreatedAt", "DeclaredQualityGrade", "FishSpecies", "FishermanId", "FraudRisk", "InspectionResult", "Location", "PhotoUrl", "QualityScore", "QuantityKg", "RequiresAdminReview", "SellerNote", "Status", "ValidationSummary", "VerifiedWeightKg", "WeightDiscrepancyPct")
VALUES (@p0, @p1, @p2, @p3, @p4, @p5, @p6, @p7, @p8, @p9, @p10, @p11, @p12, @p13, @p14, @p15, @p16, @p17, @p18)
RETURNING "Id";
2026-09-23 12:52:08.531 +05:30 [ERR] Microsoft.EntityFrameworkCore.Update An exception occurred in the database while saving changes for context type 'FishLink.API.Data.ApplicationDbContext'.
Microsoft.EntityFrameworkCore.DbUpdateException: An error occurred while saving the entity changes. See the inner exception for details.
 ---> System.ArgumentException: Cannot write DateTime with Kind=Unspecified to PostgreSQL type 'timestamp with time zone', only UTC is supported. Note that it's not possible to mix DateTimes with different Kinds in an array, range, or multirange. (Parameter 'value')
   at Npgsql.Internal.Converters.DateTimeConverterResolver`1.Get(DateTime value, Nullable`1 expectedPgTypeId, Boolean validateOnly)
   at Npgsql.Internal.Converters.DateTimeConverterResolver.<>c.<CreateResolver>b__0_0(DateTimeConverterResolver`1 resolver, DateTime value, Nullable`1 expectedPgTypeId)
   at Npgsql.Internal.Converters.DateTimeConverterResolver`1.Get(T value, Nullable`1 expectedPgTypeId)
   at Npgsql.Internal.PgConverterResolver`1.GetAsObjectInternal(PgTypeInfo typeInfo, Object value, Nullable`1 expectedPgTypeId)
   at Npgsql.NpgsqlParameterCollection.ProcessParameters(ReloadableState reloadableState, Boolean validateValues, CommandType commandType)
   at Npgsql.NpgsqlCommand.ExecuteReader(Boolean async, CommandBehavior behavior, CancellationToken cancellationToken)
   at Npgsql.NpgsqlCommand.ExecuteReader(Boolean async, CommandBehavior behavior, CancellationToken cancellationToken)
   at Npgsql.NpgsqlCommand.ExecuteDbDataReaderAsync(CommandBehavior behavior, CancellationToken cancellationToken)
   at Microsoft.EntityFrameworkCore.Storage.RelationalCommand.ExecuteReaderAsync(RelationalCommandParameterObject parameterObject, CancellationToken cancellationToken)
   at Microsoft.EntityFrameworkCore.Storage.RelationalCommand.ExecuteReaderAsync(RelationalCommandParameterObject parameterObject, CancellationToken cancellationToken)
   at Microsoft.EntityFrameworkCore.Update.ReaderModificationCommandBatch.ExecuteAsync(IRelationalConnection connection, CancellationToken cancellationToken)
   --- End of inner exception stack trace ---
   at Microsoft.EntityFrameworkCore.Update.ReaderModificationCommandBatch.ExecuteAsync(IRelationalConnection connection, CancellationToken cancellationToken)
   at Microsoft.EntityFrameworkCore.Update.Internal.BatchExecutor.ExecuteAsync(IEnumerable`1 commandBatches, IRelationalConnection connection, CancellationToken cancellationToken)
   at Microsoft.EntityFrameworkCore.Update.Internal.BatchExecutor.ExecuteAsync(IEnumerable`1 commandBatches, IRelationalConnection connection, CancellationToken cancellationToken)
   at Microsoft.EntityFrameworkCore.Update.Internal.BatchExecutor.ExecuteAsync(IEnumerable`1 commandBatches, IRelationalConnection connection, CancellationToken cancellationToken)
   at Microsoft.EntityFrameworkCore.Storage.RelationalDatabase.SaveChangesAsync(IList`1 entries, CancellationToken cancellationToken)
   at Microsoft.EntityFrameworkCore.ChangeTracking.Internal.StateManager.SaveChangesAsync(IList`1 entriesToSave, CancellationToken cancellationToken)
   at Microsoft.EntityFrameworkCore.ChangeTracking.Internal.StateManager.SaveChangesAsync(StateManager stateManager, Boolean acceptAllChangesOnSuccess, CancellationToken cancellationToken)
   at Npgsql.EntityFrameworkCore.PostgreSQL.Storage.Internal.NpgsqlExecutionStrategy.ExecuteAsync[TState,TResult](TState state, Func`4 operation, Func`4 verifySucceeded, CancellationToken cancellationToken)
   at Microsoft.EntityFrameworkCore.DbContext.SaveChangesAsync(Boolean acceptAllChangesOnSuccess, CancellationToken cancellationToken)
Microsoft.EntityFrameworkCore.DbUpdateException: An error occurred while saving the entity changes. See the inner exception for details.
 ---> System.ArgumentException: Cannot write DateTime with Kind=Unspecified to PostgreSQL type 'timestamp with time zone', only UTC is supported. Note that it's not possible to mix DateTimes with different Kinds in an array, range, or multirange. (Parameter 'value')
   at Npgsql.Internal.Converters.DateTimeConverterResolver`1.Get(DateTime value, Nullable`1 expectedPgTypeId, Boolean validateOnly)
   at Npgsql.Internal.Converters.DateTimeConverterResolver.<>c.<CreateResolver>b__0_0(DateTimeConverterResolver`1 resolver, DateTime value, Nullable`1 expectedPgTypeId)
   at Npgsql.Internal.Converters.DateTimeConverterResolver`1.Get(T value, Nullable`1 expectedPgTypeId)
   at Npgsql.Internal.PgConverterResolver`1.GetAsObjectInternal(PgTypeInfo typeInfo, Object value, Nullable`1 expectedPgTypeId)
   at Npgsql.NpgsqlParameterCollection.ProcessParameters(ReloadableState reloadableState, Boolean validateValues, CommandType commandType)
   at Npgsql.NpgsqlCommand.ExecuteReader(Boolean async, CommandBehavior behavior, CancellationToken cancellationToken)
   at Npgsql.NpgsqlCommand.ExecuteReader(Boolean async, CommandBehavior behavior, CancellationToken cancellationToken)
   at Npgsql.NpgsqlCommand.ExecuteDbDataReaderAsync(CommandBehavior behavior, CancellationToken cancellationToken)
   at Microsoft.EntityFrameworkCore.Storage.RelationalCommand.ExecuteReaderAsync(RelationalCommandParameterObject parameterObject, CancellationToken cancellationToken)
   at Microsoft.EntityFrameworkCore.Storage.RelationalCommand.ExecuteReaderAsync(RelationalCommandParameterObject parameterObject, CancellationToken cancellationToken)
   at Microsoft.EntityFrameworkCore.Update.ReaderModificationCommandBatch.ExecuteAsync(IRelationalConnection connection, CancellationToken cancellationToken)
   --- End of inner exception stack trace ---
   at Microsoft.EntityFrameworkCore.Update.ReaderModificationCommandBatch.ExecuteAsync(IRelationalConnection connection, CancellationToken cancellationToken)
   at Microsoft.EntityFrameworkCore.Update.Internal.BatchExecutor.ExecuteAsync(IEnumerable`1 commandBatches, IRelationalConnection connection, CancellationToken cancellationToken)
   at Microsoft.EntityFrameworkCore.Update.Internal.BatchExecutor.ExecuteAsync(IEnumerable`1 commandBatches, IRelationalConnection connection, CancellationToken cancellationToken)
   at Microsoft.EntityFrameworkCore.Update.Internal.BatchExecutor.ExecuteAsync(IEnumerable`1 commandBatches, IRelationalConnection connection, CancellationToken cancellationToken)
   at Microsoft.EntityFrameworkCore.Storage.RelationalDatabase.SaveChangesAsync(IList`1 entries, CancellationToken cancellationToken)
   at Microsoft.EntityFrameworkCore.ChangeTracking.Internal.StateManager.SaveChangesAsync(IList`1 entriesToSave, CancellationToken cancellationToken)
   at Microsoft.EntityFrameworkCore.ChangeTracking.Internal.StateManager.SaveChangesAsync(StateManager stateManager, Boolean acceptAllChangesOnSuccess, CancellationToken cancellationToken)
   at Npgsql.EntityFrameworkCore.PostgreSQL.Storage.Internal.NpgsqlExecutionStrategy.ExecuteAsync[TState,TResult](TState state, Func`4 operation, Func`4 verifySucceeded, CancellationToken cancellationToken)
   at Microsoft.EntityFrameworkCore.DbContext.SaveChangesAsync(Boolean acceptAllChangesOnSuccess, CancellationToken cancellationToken)
2026-09-23 12:52:08.540 +05:30 [ERR] Serilog.AspNetCore.RequestLoggingMiddleware HTTP POST /api/Catches responded 500 in 156.971 ms
Microsoft.EntityFrameworkCore.DbUpdateException: An error occurred while saving the entity changes. See the inner exception for details.
 ---> System.ArgumentException: Cannot write DateTime with Kind=Unspecified to PostgreSQL type 'timestamp with time zone', only UTC is supported. Note that it's not possible to mix DateTimes with different Kinds in an array, range, or multirange. (Parameter 'value')
   at Npgsql.Internal.Converters.DateTimeConverterResolver`1.Get(DateTime value, Nullable`1 expectedPgTypeId, Boolean validateOnly)
   at Npgsql.Internal.Converters.DateTimeConverterResolver.<>c.<CreateResolver>b__0_0(DateTimeConverterResolver`1 resolver, DateTime value, Nullable`1 expectedPgTypeId)
   at Npgsql.Internal.Converters.DateTimeConverterResolver`1.Get(T value, Nullable`1 expectedPgTypeId)
   at Npgsql.Internal.PgConverterResolver`1.GetAsObjectInternal(PgTypeInfo typeInfo, Object value, Nullable`1 expectedPgTypeId)
   at Npgsql.NpgsqlParameterCollection.ProcessParameters(ReloadableState reloadableState, Boolean validateValues, CommandType commandType)
   at Npgsql.NpgsqlCommand.ExecuteReader(Boolean async, CommandBehavior behavior, CancellationToken cancellationToken)
   at Npgsql.NpgsqlCommand.ExecuteReader(Boolean async, CommandBehavior behavior, CancellationToken cancellationToken)
   at Npgsql.NpgsqlCommand.ExecuteDbDataReaderAsync(CommandBehavior behavior, CancellationToken cancellationToken)
   at Microsoft.EntityFrameworkCore.Storage.RelationalCommand.ExecuteReaderAsync(RelationalCommandParameterObject parameterObject, CancellationToken cancellationToken)
   at Microsoft.EntityFrameworkCore.Storage.RelationalCommand.ExecuteReaderAsync(RelationalCommandParameterObject parameterObject, CancellationToken cancellationToken)
   at Microsoft.EntityFrameworkCore.Update.ReaderModificationCommandBatch.ExecuteAsync(IRelationalConnection connection, CancellationToken cancellationToken)
   --- End of inner exception stack trace ---
   at Microsoft.EntityFrameworkCore.Update.ReaderModificationCommandBatch.ExecuteAsync(IRelationalConnection connection, CancellationToken cancellationToken)
   at Microsoft.EntityFrameworkCore.Update.Internal.BatchExecutor.ExecuteAsync(IEnumerable`1 commandBatches, IRelationalConnection connection, CancellationToken cancellationToken)
   at Microsoft.EntityFrameworkCore.Update.Internal.BatchExecutor.ExecuteAsync(IEnumerable`1 commandBatches, IRelationalConnection connection, CancellationToken cancellationToken)
   at Microsoft.EntityFrameworkCore.Update.Internal.BatchExecutor.ExecuteAsync(IEnumerable`1 commandBatches, IRelationalConnection connection, CancellationToken cancellationToken)
   at Microsoft.EntityFrameworkCore.Storage.RelationalDatabase.SaveChangesAsync(IList`1 entries, CancellationToken cancellationToken)
   at Microsoft.EntityFrameworkCore.ChangeTracking.Internal.StateManager.SaveChangesAsync(IList`1 entriesToSave, CancellationToken cancellationToken)
   at Microsoft.EntityFrameworkCore.ChangeTracking.Internal.StateManager.SaveChangesAsync(StateManager stateManager, Boolean acceptAllChangesOnSuccess, CancellationToken cancellationToken)
   at Npgsql.EntityFrameworkCore.PostgreSQL.Storage.Internal.NpgsqlExecutionStrategy.ExecuteAsync[TState,TResult](TState state, Func`4 operation, Func`4 verifySucceeded, CancellationToken cancellationToken)
   at Microsoft.EntityFrameworkCore.DbContext.SaveChangesAsync(Boolean acceptAllChangesOnSuccess, CancellationToken cancellationToken)
   at Microsoft.EntityFrameworkCore.DbContext.SaveChangesAsync(Boolean acceptAllChangesOnSuccess, CancellationToken cancellationToken)
   at FishLink.API.Services.CatchService.CreateAsync(CatchRequest req, Int32 fishermanId) in C:\Users\Kaveesha\Desktop\fish\FishLink.API\Services\CatchService.cs:line 159
   at FishLink.API.Controllers.CatchesController.CreateCatch(CatchRequest req) in C:\Users\Kaveesha\Desktop\fish\FishLink.API\Controllers\CatchesController.cs:line 63
   at System.Runtime.CompilerServices.RuntimeAsyncTaskContinuation.GetResult[T](Task task, Byte& result)
   at System.Runtime.CompilerServices.RuntimeAsyncTaskContinuation.TaskContinuationResume.ResumeTaskContinuation(Continuation cont, Byte& result)
   at Microsoft.AspNetCore.Mvc.Infrastructure.ActionMethodExecutor.TaskOfIActionResultExecutor.Execute(ActionContext actionContext, IActionResultTypeMapper mapper, ObjectMethodExecutor executor, Object controller, Object[] arguments)
   at System.Runtime.CompilerServices.RuntimeAsyncTaskContinuation.GetResult[T](Task task, Byte& result)
   at System.Runtime.CompilerServices.RuntimeAsyncTaskContinuation.TaskContinuationResume.ResumeTaskContinuation(Continuation cont, Byte& result)
   at Microsoft.AspNetCore.Mvc.Infrastructure.ControllerActionInvoker.<InvokeActionMethodAsync>g__Awaited|12_0(ControllerActionInvoker invoker, ValueTask`1 actionResultValueTask)
   at System.Runtime.CompilerServices.RuntimeAsyncTaskContinuation.TaskContinuationResume.ResumeTaskContinuation(Continuation cont, Byte& result)
   at Microsoft.AspNetCore.Mvc.Infrastructure.ControllerActionInvoker.<InvokeNextActionFilterAsync>g__Awaited|10_0(ControllerActionInvoker invoker, Task lastTask, State next, Scope scope, Object state, Boolean isCompleted)
   at Microsoft.AspNetCore.Mvc.Infrastructure.ControllerActionInvoker.Rethrow(ActionExecutedContextSealed context)
   at Microsoft.AspNetCore.Mvc.Infrastructure.ControllerActionInvoker.<InvokeInnerFilterAsync>g__Awaited|13_0(ControllerActionInvoker invoker, Task lastTask, State next, Scope scope, Object state, Boolean isCompleted)
   at System.Runtime.CompilerServices.RuntimeAsyncTaskContinuation.TaskContinuationResume.ResumeTaskContinuation(Continuation cont, Byte& result)
   at Microsoft.AspNetCore.Mvc.Infrastructure.ResourceInvoker.<InvokeFilterPipelineAsync>g__Awaited|20_0(ResourceInvoker invoker, Task lastTask, State next, Scope scope, Object state, Boolean isCompleted)
   at System.Runtime.CompilerServices.RuntimeAsyncTaskContinuation.TaskContinuationResume.ResumeTaskContinuation(Continuation cont, Byte& result)
   at Microsoft.AspNetCore.Mvc.Infrastructure.ResourceInvoker.<InvokeAsync>g__Awaited|17_0(ResourceInvoker invoker, Task task, IDisposable scope)
   at Microsoft.AspNetCore.Mvc.Infrastructure.ResourceInvoker.<InvokeAsync>g__Awaited|17_0(ResourceInvoker invoker, Task task, IDisposable scope)
   at System.Runtime.CompilerServices.RuntimeAsyncTaskContinuation.TaskContinuationResume.ResumeTaskContinuation(Continuation cont, Byte& result)
   at Microsoft.AspNetCore.Authorization.AuthorizationMiddleware.Invoke(HttpContext context)
   at System.Runtime.CompilerServices.RuntimeAsyncTaskContinuation.TaskContinuationResume.ResumeTaskContinuation(Continuation cont, Byte& result)
   at Microsoft.AspNetCore.Authentication.AuthenticationMiddleware.Invoke(HttpContext context)
   at Swashbuckle.AspNetCore.SwaggerUI.SwaggerUIMiddleware.Invoke(HttpContext httpContext)
   at Swashbuckle.AspNetCore.Swagger.SwaggerMiddleware.Invoke(HttpContext httpContext, ISwaggerProvider swaggerProvider)
   at Serilog.AspNetCore.RequestLoggingMiddleware.Invoke(HttpContext httpContext)
2026-09-23 12:52:08.559 +05:30 [ERR] FishLink.API.Middleware.ErrorHandlingMiddleware Unhandled exception on POST /api/Catches — An error occurred while saving the entity changes. See the inner exception for details.
Microsoft.EntityFrameworkCore.DbUpdateException: An error occurred while saving the entity changes. See the inner exception for details.
 ---> System.ArgumentException: Cannot write DateTime with Kind=Unspecified to PostgreSQL type 'timestamp with time zone', only UTC is supported. Note that it's not possible to mix DateTimes with different Kinds in an array, range, or multirange. (Parameter 'value')
   at Npgsql.Internal.Converters.DateTimeConverterResolver`1.Get(DateTime value, Nullable`1 expectedPgTypeId, Boolean validateOnly)
   at Npgsql.Internal.Converters.DateTimeConverterResolver.<>c.<CreateResolver>b__0_0(DateTimeConverterResolver`1 resolver, DateTime value, Nullable`1 expectedPgTypeId)
   at Npgsql.Internal.Converters.DateTimeConverterResolver`1.Get(T value, Nullable`1 expectedPgTypeId)
   at Npgsql.Internal.PgConverterResolver`1.GetAsObjectInternal(PgTypeInfo typeInfo, Object value, Nullable`1 expectedPgTypeId)
   at Npgsql.NpgsqlParameterCollection.ProcessParameters(ReloadableState reloadableState, Boolean validateValues, CommandType commandType)
   at Npgsql.NpgsqlCommand.ExecuteReader(Boolean async, CommandBehavior behavior, CancellationToken cancellationToken)
   at Npgsql.NpgsqlCommand.ExecuteReader(Boolean async, CommandBehavior behavior, CancellationToken cancellationToken)
   at Npgsql.NpgsqlCommand.ExecuteDbDataReaderAsync(CommandBehavior behavior, CancellationToken cancellationToken)
   at Microsoft.EntityFrameworkCore.Storage.RelationalCommand.ExecuteReaderAsync(RelationalCommandParameterObject parameterObject, CancellationToken cancellationToken)
   at Microsoft.EntityFrameworkCore.Storage.RelationalCommand.ExecuteReaderAsync(RelationalCommandParameterObject parameterObject, CancellationToken cancellationToken)
   at Microsoft.EntityFrameworkCore.Update.ReaderModificationCommandBatch.ExecuteAsync(IRelationalConnection connection, CancellationToken cancellationToken)
   --- End of inner exception stack trace ---
   at Microsoft.EntityFrameworkCore.Update.ReaderModificationCommandBatch.ExecuteAsync(IRelationalConnection connection, CancellationToken cancellationToken)
   at Microsoft.EntityFrameworkCore.Update.Internal.BatchExecutor.ExecuteAsync(IEnumerable`1 commandBatches, IRelationalConnection connection, CancellationToken cancellationToken)
   at Microsoft.EntityFrameworkCore.Update.Internal.BatchExecutor.ExecuteAsync(IEnumerable`1 commandBatches, IRelationalConnection connection, CancellationToken cancellationToken)
   at Microsoft.EntityFrameworkCore.Update.Internal.BatchExecutor.ExecuteAsync(IEnumerable`1 commandBatches, IRelationalConnection connection, CancellationToken cancellationToken)
   at Microsoft.EntityFrameworkCore.Storage.RelationalDatabase.SaveChangesAsync(IList`1 entries, CancellationToken cancellationToken)
   at Microsoft.EntityFrameworkCore.ChangeTracking.Internal.StateManager.SaveChangesAsync(IList`1 entriesToSave, CancellationToken cancellationToken)
   at Microsoft.EntityFrameworkCore.ChangeTracking.Internal.StateManager.SaveChangesAsync(StateManager stateManager, Boolean acceptAllChangesOnSuccess, CancellationToken cancellationToken)
   at Npgsql.EntityFrameworkCore.PostgreSQL.Storage.Internal.NpgsqlExecutionStrategy.ExecuteAsync[TState,TResult](TState state, Func`4 operation, Func`4 verifySucceeded, CancellationToken cancellationToken)
   at Microsoft.EntityFrameworkCore.DbContext.SaveChangesAsync(Boolean acceptAllChangesOnSuccess, CancellationToken cancellationToken)
   at Microsoft.EntityFrameworkCore.DbContext.SaveChangesAsync(Boolean acceptAllChangesOnSuccess, CancellationToken cancellationToken)
   at FishLink.API.Services.CatchService.CreateAsync(CatchRequest req, Int32 fishermanId) in C:\Users\Kaveesha\Desktop\fish\FishLink.API\Services\CatchService.cs:line 159
   at FishLink.API.Controllers.CatchesController.CreateCatch(CatchRequest req) in C:\Users\Kaveesha\Desktop\fish\FishLink.API\Controllers\CatchesController.cs:line 63
   at System.Runtime.CompilerServices.RuntimeAsyncTaskContinuation.GetResult[T](Task task, Byte& result)
   at System.Runtime.CompilerServices.RuntimeAsyncTaskContinuation.TaskContinuationResume.ResumeTaskContinuation(Continuation cont, Byte& result)
   at Microsoft.AspNetCore.Mvc.Infrastructure.ActionMethodExecutor.TaskOfIActionResultExecutor.Execute(ActionContext actionContext, IActionResultTypeMapper mapper, ObjectMethodExecutor executor, Object controller, Object[] arguments)
   at System.Runtime.CompilerServices.RuntimeAsyncTaskContinuation.GetResult[T](Task task, Byte& result)
   at System.Runtime.CompilerServices.RuntimeAsyncTaskContinuation.TaskContinuationResume.ResumeTaskContinuation(Continuation cont, Byte& result)
   at Microsoft.AspNetCore.Mvc.Infrastructure.ControllerActionInvoker.<InvokeActionMethodAsync>g__Awaited|12_0(ControllerActionInvoker invoker, ValueTask`1 actionResultValueTask)
   at System.Runtime.CompilerServices.RuntimeAsyncTaskContinuation.TaskContinuationResume.ResumeTaskContinuation(Continuation cont, Byte& result)
   at Microsoft.AspNetCore.Mvc.Infrastructure.ControllerActionInvoker.<InvokeNextActionFilterAsync>g__Awaited|10_0(ControllerActionInvoker invoker, Task lastTask, State next, Scope scope, Object state, Boolean isCompleted)
   at Microsoft.AspNetCore.Mvc.Infrastructure.ControllerActionInvoker.Rethrow(ActionExecutedContextSealed context)
   at Microsoft.AspNetCore.Mvc.Infrastructure.ControllerActionInvoker.<InvokeInnerFilterAsync>g__Awaited|13_0(ControllerActionInvoker invoker, Task lastTask, State next, Scope scope, Object state, Boolean isCompleted)
   at System.Runtime.CompilerServices.RuntimeAsyncTaskContinuation.TaskContinuationResume.ResumeTaskContinuation(Continuation cont, Byte& result)
   at Microsoft.AspNetCore.Mvc.Infrastructure.ResourceInvoker.<InvokeFilterPipelineAsync>g__Awaited|20_0(ResourceInvoker invoker, Task lastTask, State next, Scope scope, Object state, Boolean isCompleted)
   at System.Runtime.CompilerServices.RuntimeAsyncTaskContinuation.TaskContinuationResume.ResumeTaskContinuation(Continuation cont, Byte& result)
   at Microsoft.AspNetCore.Mvc.Infrastructure.ResourceInvoker.<InvokeAsync>g__Awaited|17_0(ResourceInvoker invoker, Task task, IDisposable scope)
   at Microsoft.AspNetCore.Mvc.Infrastructure.ResourceInvoker.<InvokeAsync>g__Awaited|17_0(ResourceInvoker invoker, Task task, IDisposable scope)
   at System.Runtime.CompilerServices.RuntimeAsyncTaskContinuation.TaskContinuationResume.ResumeTaskContinuation(Continuation cont, Byte& result)
   at Microsoft.AspNetCore.Authorization.AuthorizationMiddleware.Invoke(HttpContext context)
   at System.Runtime.CompilerServices.RuntimeAsyncTaskContinuation.TaskContinuationResume.ResumeTaskContinuation(Continuation cont, Byte& result)
   at Microsoft.AspNetCore.Authentication.AuthenticationMiddleware.Invoke(HttpContext context)
   at Swashbuckle.AspNetCore.SwaggerUI.SwaggerUIMiddleware.Invoke(HttpContext httpContext)
   at Swashbuckle.AspNetCore.Swagger.SwaggerMiddleware.Invoke(HttpContext httpContext, ISwaggerProvider swaggerProvider)
   at Serilog.AspNetCore.RequestLoggingMiddleware.Invoke(HttpContext httpContext)
   at FishLink.API.Middleware.ErrorHandlingMiddleware.InvokeAsync(HttpContext context) in C:\Users\Kaveesha\Desktop\fish\FishLink.API\Middleware\ErrorHandlingMiddleware.cs:line 26
2026-09-23 12:54:19.356 +05:30 [INF] Serilog.AspNetCore.RequestLoggingMiddleware HTTP OPTIONS /api/Catches responded 204 in 1.728 ms
2026-09-23 12:54:19.370 +05:30 [ERR] Microsoft.EntityFrameworkCore.Database.Command Failed executing DbCommand (0ms) [Parameters=[@p0='?' (DbType = Decimal), @p1='?' (DbType = DateTime), @p2='?' (DbType = DateTime), @p3='?' (DbType = DateTime), @p4='?', @p5='?', @p6='?' (DbType = Int32), @p7='?', @p8='?', @p9='?', @p10='?', @p11='?' (DbType = Int32), @p12='?' (DbType = Decimal), @p13='?' (DbType = Boolean), @p14='?', @p15='?', @p16='?', @p17='?' (DbType = Decimal), @p18='?' (DbType = Decimal)], CommandType='"Text"', CommandTimeout='30']
INSERT INTO "Catches" ("AskingPricePerKg", "CatchDateTime", "CatchTime", "CreatedAt", "DeclaredQualityGrade", "FishSpecies", "FishermanId", "FraudRisk", "InspectionResult", "Location", "PhotoUrl", "QualityScore", "QuantityKg", "RequiresAdminReview", "SellerNote", "Status", "ValidationSummary", "VerifiedWeightKg", "WeightDiscrepancyPct")
VALUES (@p0, @p1, @p2, @p3, @p4, @p5, @p6, @p7, @p8, @p9, @p10, @p11, @p12, @p13, @p14, @p15, @p16, @p17, @p18)
RETURNING "Id";
2026-09-23 12:54:19.371 +05:30 [ERR] Microsoft.EntityFrameworkCore.Update An exception occurred in the database while saving changes for context type 'FishLink.API.Data.ApplicationDbContext'.
Microsoft.EntityFrameworkCore.DbUpdateException: An error occurred while saving the entity changes. See the inner exception for details.
 ---> System.ArgumentException: Cannot write DateTime with Kind=Unspecified to PostgreSQL type 'timestamp with time zone', only UTC is supported. Note that it's not possible to mix DateTimes with different Kinds in an array, range, or multirange. (Parameter 'value')
   at Npgsql.Internal.Converters.DateTimeConverterResolver`1.Get(DateTime value, Nullable`1 expectedPgTypeId, Boolean validateOnly)
   at Npgsql.Internal.Converters.DateTimeConverterResolver.<>c.<CreateResolver>b__0_0(DateTimeConverterResolver`1 resolver, DateTime value, Nullable`1 expectedPgTypeId)
   at Npgsql.Internal.Converters.DateTimeConverterResolver`1.Get(T value, Nullable`1 expectedPgTypeId)
   at Npgsql.Internal.PgConverterResolver`1.GetAsObjectInternal(PgTypeInfo typeInfo, Object value, Nullable`1 expectedPgTypeId)
   at Npgsql.NpgsqlParameterCollection.ProcessParameters(ReloadableState reloadableState, Boolean validateValues, CommandType commandType)
   at Npgsql.NpgsqlCommand.ExecuteReader(Boolean async, CommandBehavior behavior, CancellationToken cancellationToken)
   at Npgsql.NpgsqlCommand.ExecuteReader(Boolean async, CommandBehavior behavior, CancellationToken cancellationToken)
   at Npgsql.NpgsqlCommand.ExecuteDbDataReaderAsync(CommandBehavior behavior, CancellationToken cancellationToken)
   at Microsoft.EntityFrameworkCore.Storage.RelationalCommand.ExecuteReaderAsync(RelationalCommandParameterObject parameterObject, CancellationToken cancellationToken)
   at Microsoft.EntityFrameworkCore.Storage.RelationalCommand.ExecuteReaderAsync(RelationalCommandParameterObject parameterObject, CancellationToken cancellationToken)
   at Microsoft.EntityFrameworkCore.Update.ReaderModificationCommandBatch.ExecuteAsync(IRelationalConnection connection, CancellationToken cancellationToken)
   --- End of inner exception stack trace ---
   at Microsoft.EntityFrameworkCore.Update.ReaderModificationCommandBatch.ExecuteAsync(IRelationalConnection connection, CancellationToken cancellationToken)
   at Microsoft.EntityFrameworkCore.Update.Internal.BatchExecutor.ExecuteAsync(IEnumerable`1 commandBatches, IRelationalConnection connection, CancellationToken cancellationToken)
   at Microsoft.EntityFrameworkCore.Update.Internal.BatchExecutor.ExecuteAsync(IEnumerable`1 commandBatches, IRelationalConnection connection, CancellationToken cancellationToken)
   at Microsoft.EntityFrameworkCore.Update.Internal.BatchExecutor.ExecuteAsync(IEnumerable`1 commandBatches, IRelationalConnection connection, CancellationToken cancellationToken)
   at Microsoft.EntityFrameworkCore.Storage.RelationalDatabase.SaveChangesAsync(IList`1 entries, CancellationToken cancellationToken)
   at Microsoft.EntityFrameworkCore.ChangeTracking.Internal.StateManager.SaveChangesAsync(IList`1 entriesToSave, CancellationToken cancellationToken)
   at Microsoft.EntityFrameworkCore.ChangeTracking.Internal.StateManager.SaveChangesAsync(StateManager stateManager, Boolean acceptAllChangesOnSuccess, CancellationToken cancellationToken)
   at Npgsql.EntityFrameworkCore.PostgreSQL.Storage.Internal.NpgsqlExecutionStrategy.ExecuteAsync[TState,TResult](TState state, Func`4 operation, Func`4 verifySucceeded, CancellationToken cancellationToken)
   at Microsoft.EntityFrameworkCore.DbContext.SaveChangesAsync(Boolean acceptAllChangesOnSuccess, CancellationToken cancellationToken)
Microsoft.EntityFrameworkCore.DbUpdateException: An error occurred while saving the entity changes. See the inner exception for details.
 ---> System.ArgumentException: Cannot write DateTime with Kind=Unspecified to PostgreSQL type 'timestamp with time zone', only UTC is supported. Note that it's not possible to mix DateTimes with different Kinds in an array, range, or multirange. (Parameter 'value')
   at Npgsql.Internal.Converters.DateTimeConverterResolver`1.Get(DateTime value, Nullable`1 expectedPgTypeId, Boolean validateOnly)
   at Npgsql.Internal.Converters.DateTimeConverterResolver.<>c.<CreateResolver>b__0_0(DateTimeConverterResolver`1 resolver, DateTime value, Nullable`1 expectedPgTypeId)
   at Npgsql.Internal.Converters.DateTimeConverterResolver`1.Get(T value, Nullable`1 expectedPgTypeId)
   at Npgsql.Internal.PgConverterResolver`1.GetAsObjectInternal(PgTypeInfo typeInfo, Object value, Nullable`1 expectedPgTypeId)
   at Npgsql.NpgsqlParameterCollection.ProcessParameters(ReloadableState reloadableState, Boolean validateValues, CommandType commandType)
   at Npgsql.NpgsqlCommand.ExecuteReader(Boolean async, CommandBehavior behavior, CancellationToken cancellationToken)
   at Npgsql.NpgsqlCommand.ExecuteReader(Boolean async, CommandBehavior behavior, CancellationToken cancellationToken)
   at Npgsql.NpgsqlCommand.ExecuteDbDataReaderAsync(CommandBehavior behavior, CancellationToken cancellationToken)
   at Microsoft.EntityFrameworkCore.Storage.RelationalCommand.ExecuteReaderAsync(RelationalCommandParameterObject parameterObject, CancellationToken cancellationToken)
   at Microsoft.EntityFrameworkCore.Storage.RelationalCommand.ExecuteReaderAsync(RelationalCommandParameterObject parameterObject, CancellationToken cancellationToken)
   at Microsoft.EntityFrameworkCore.Update.ReaderModificationCommandBatch.ExecuteAsync(IRelationalConnection connection, CancellationToken cancellationToken)
   --- End of inner exception stack trace ---
   at Microsoft.EntityFrameworkCore.Update.ReaderModificationCommandBatch.ExecuteAsync(IRelationalConnection connection, CancellationToken cancellationToken)
   at Microsoft.EntityFrameworkCore.Update.Internal.BatchExecutor.ExecuteAsync(IEnumerable`1 commandBatches, IRelationalConnection connection, CancellationToken cancellationToken)
   at Microsoft.EntityFrameworkCore.Update.Internal.BatchExecutor.ExecuteAsync(IEnumerable`1 commandBatches, IRelationalConnection connection, CancellationToken cancellationToken)
   at Microsoft.EntityFrameworkCore.Update.Internal.BatchExecutor.ExecuteAsync(IEnumerable`1 commandBatches, IRelationalConnection connection, CancellationToken cancellationToken)
   at Microsoft.EntityFrameworkCore.Storage.RelationalDatabase.SaveChangesAsync(IList`1 entries, CancellationToken cancellationToken)
   at Microsoft.EntityFrameworkCore.ChangeTracking.Internal.StateManager.SaveChangesAsync(IList`1 entriesToSave, CancellationToken cancellationToken)
   at Microsoft.EntityFrameworkCore.ChangeTracking.Internal.StateManager.SaveChangesAsync(StateManager stateManager, Boolean acceptAllChangesOnSuccess, CancellationToken cancellationToken)
   at Npgsql.EntityFrameworkCore.PostgreSQL.Storage.Internal.NpgsqlExecutionStrategy.ExecuteAsync[TState,TResult](TState state, Func`4 operation, Func`4 verifySucceeded, CancellationToken cancellationToken)
   at Microsoft.EntityFrameworkCore.DbContext.SaveChangesAsync(Boolean acceptAllChangesOnSuccess, CancellationToken cancellationToken)
2026-09-23 12:54:19.378 +05:30 [ERR] Serilog.AspNetCore.RequestLoggingMiddleware HTTP POST /api/Catches responded 500 in 14.369 ms
Microsoft.EntityFrameworkCore.DbUpdateException: An error occurred while saving the entity changes. See the inner exception for details.
 ---> System.ArgumentException: Cannot write DateTime with Kind=Unspecified to PostgreSQL type 'timestamp with time zone', only UTC is supported. Note that it's not possible to mix DateTimes with different Kinds in an array, range, or multirange. (Parameter 'value')
   at Npgsql.Internal.Converters.DateTimeConverterResolver`1.Get(DateTime value, Nullable`1 expectedPgTypeId, Boolean validateOnly)
   at Npgsql.Internal.Converters.DateTimeConverterResolver.<>c.<CreateResolver>b__0_0(DateTimeConverterResolver`1 resolver, DateTime value, Nullable`1 expectedPgTypeId)
   at Npgsql.Internal.Converters.DateTimeConverterResolver`1.Get(T value, Nullable`1 expectedPgTypeId)
   at Npgsql.Internal.PgConverterResolver`1.GetAsObjectInternal(PgTypeInfo typeInfo, Object value, Nullable`1 expectedPgTypeId)
   at Npgsql.NpgsqlParameterCollection.ProcessParameters(ReloadableState reloadableState, Boolean validateValues, CommandType commandType)
   at Npgsql.NpgsqlCommand.ExecuteReader(Boolean async, CommandBehavior behavior, CancellationToken cancellationToken)
   at Npgsql.NpgsqlCommand.ExecuteReader(Boolean async, CommandBehavior behavior, CancellationToken cancellationToken)
   at Npgsql.NpgsqlCommand.ExecuteDbDataReaderAsync(CommandBehavior behavior, CancellationToken cancellationToken)
   at Microsoft.EntityFrameworkCore.Storage.RelationalCommand.ExecuteReaderAsync(RelationalCommandParameterObject parameterObject, CancellationToken cancellationToken)
   at Microsoft.EntityFrameworkCore.Storage.RelationalCommand.ExecuteReaderAsync(RelationalCommandParameterObject parameterObject, CancellationToken cancellationToken)
   at Microsoft.EntityFrameworkCore.Update.ReaderModificationCommandBatch.ExecuteAsync(IRelationalConnection connection, CancellationToken cancellationToken)
   --- End of inner exception stack trace ---
   at Microsoft.EntityFrameworkCore.Update.ReaderModificationCommandBatch.ExecuteAsync(IRelationalConnection connection, CancellationToken cancellationToken)
   at Microsoft.EntityFrameworkCore.Update.Internal.BatchExecutor.ExecuteAsync(IEnumerable`1 commandBatches, IRelationalConnection connection, CancellationToken cancellationToken)
   at Microsoft.EntityFrameworkCore.Update.Internal.BatchExecutor.ExecuteAsync(IEnumerable`1 commandBatches, IRelationalConnection connection, CancellationToken cancellationToken)
   at Microsoft.EntityFrameworkCore.Update.Internal.BatchExecutor.ExecuteAsync(IEnumerable`1 commandBatches, IRelationalConnection connection, CancellationToken cancellationToken)
   at Microsoft.EntityFrameworkCore.Storage.RelationalDatabase.SaveChangesAsync(IList`1 entries, CancellationToken cancellationToken)
   at Microsoft.EntityFrameworkCore.ChangeTracking.Internal.StateManager.SaveChangesAsync(IList`1 entriesToSave, CancellationToken cancellationToken)
   at Microsoft.EntityFrameworkCore.ChangeTracking.Internal.StateManager.SaveChangesAsync(StateManager stateManager, Boolean acceptAllChangesOnSuccess, CancellationToken cancellationToken)
   at Npgsql.EntityFrameworkCore.PostgreSQL.Storage.Internal.NpgsqlExecutionStrategy.ExecuteAsync[TState,TResult](TState state, Func`4 operation, Func`4 verifySucceeded, CancellationToken cancellationToken)
   at Microsoft.EntityFrameworkCore.DbContext.SaveChangesAsync(Boolean acceptAllChangesOnSuccess, CancellationToken cancellationToken)
   at Microsoft.EntityFrameworkCore.DbContext.SaveChangesAsync(Boolean acceptAllChangesOnSuccess, CancellationToken cancellationToken)
   at FishLink.API.Services.CatchService.CreateAsync(CatchRequest req, Int32 fishermanId) in C:\Users\Kaveesha\Desktop\fish\FishLink.API\Services\CatchService.cs:line 159
   at FishLink.API.Controllers.CatchesController.CreateCatch(CatchRequest req) in C:\Users\Kaveesha\Desktop\fish\FishLink.API\Controllers\CatchesController.cs:line 63
   at Microsoft.AspNetCore.Mvc.Infrastructure.ActionMethodExecutor.TaskOfIActionResultExecutor.Execute(ActionContext actionContext, IActionResultTypeMapper mapper, ObjectMethodExecutor executor, Object controller, Object[] arguments)
   at Microsoft.AspNetCore.Mvc.Infrastructure.ControllerActionInvoker.<InvokeActionMethodAsync>g__Awaited|12_0(ControllerActionInvoker invoker, ValueTask`1 actionResultValueTask)
   at Microsoft.AspNetCore.Mvc.Infrastructure.ControllerActionInvoker.<InvokeNextActionFilterAsync>g__Awaited|10_0(ControllerActionInvoker invoker, Task lastTask, State next, Scope scope, Object state, Boolean isCompleted)
   at Microsoft.AspNetCore.Mvc.Infrastructure.ControllerActionInvoker.Rethrow(ActionExecutedContextSealed context)
   at Microsoft.AspNetCore.Mvc.Infrastructure.ControllerActionInvoker.InvokeInnerFilterAsync()
--- End of stack trace from previous location ---
   at Microsoft.AspNetCore.Mvc.Infrastructure.ResourceInvoker.<InvokeFilterPipelineAsync>g__Awaited|20_0(ResourceInvoker invoker, Task lastTask, State next, Scope scope, Object state, Boolean isCompleted)
   at Microsoft.AspNetCore.Mvc.Infrastructure.ResourceInvoker.<InvokeAsync>g__Awaited|17_0(ResourceInvoker invoker, Task task, IDisposable scope)
   at Microsoft.AspNetCore.Mvc.Infrastructure.ResourceInvoker.<InvokeAsync>g__Awaited|17_0(ResourceInvoker invoker, Task task, IDisposable scope)
   at System.Runtime.CompilerServices.AsyncHelpers.TransparentAwaitWithResult(Task task)
   at Microsoft.AspNetCore.Authorization.AuthorizationMiddleware.Invoke(HttpContext context)
   at Microsoft.AspNetCore.Authentication.AuthenticationMiddleware.Invoke(HttpContext context)
   at Swashbuckle.AspNetCore.SwaggerUI.SwaggerUIMiddleware.Invoke(HttpContext httpContext)
   at Swashbuckle.AspNetCore.Swagger.SwaggerMiddleware.Invoke(HttpContext httpContext, ISwaggerProvider swaggerProvider)
   at Serilog.AspNetCore.RequestLoggingMiddleware.Invoke(HttpContext httpContext)
2026-09-23 12:54:19.384 +05:30 [ERR] FishLink.API.Middleware.ErrorHandlingMiddleware Unhandled exception on POST /api/Catches — An error occurred while saving the entity changes. See the inner exception for details.
Microsoft.EntityFrameworkCore.DbUpdateException: An error occurred while saving the entity changes. See the inner exception for details.
 ---> System.ArgumentException: Cannot write DateTime with Kind=Unspecified to PostgreSQL type 'timestamp with time zone', only UTC is supported. Note that it's not possible to mix DateTimes with different Kinds in an array, range, or multirange. (Parameter 'value')
   at Npgsql.Internal.Converters.DateTimeConverterResolver`1.Get(DateTime value, Nullable`1 expectedPgTypeId, Boolean validateOnly)
   at Npgsql.Internal.Converters.DateTimeConverterResolver.<>c.<CreateResolver>b__0_0(DateTimeConverterResolver`1 resolver, DateTime value, Nullable`1 expectedPgTypeId)
   at Npgsql.Internal.Converters.DateTimeConverterResolver`1.Get(T value, Nullable`1 expectedPgTypeId)
   at Npgsql.Internal.PgConverterResolver`1.GetAsObjectInternal(PgTypeInfo typeInfo, Object value, Nullable`1 expectedPgTypeId)
   at Npgsql.NpgsqlParameterCollection.ProcessParameters(ReloadableState reloadableState, Boolean validateValues, CommandType commandType)
   at Npgsql.NpgsqlCommand.ExecuteReader(Boolean async, CommandBehavior behavior, CancellationToken cancellationToken)
   at Npgsql.NpgsqlCommand.ExecuteReader(Boolean async, CommandBehavior behavior, CancellationToken cancellationToken)
   at Npgsql.NpgsqlCommand.ExecuteDbDataReaderAsync(CommandBehavior behavior, CancellationToken cancellationToken)
   at Microsoft.EntityFrameworkCore.Storage.RelationalCommand.ExecuteReaderAsync(RelationalCommandParameterObject parameterObject, CancellationToken cancellationToken)
   at Microsoft.EntityFrameworkCore.Storage.RelationalCommand.ExecuteReaderAsync(RelationalCommandParameterObject parameterObject, CancellationToken cancellationToken)
   at Microsoft.EntityFrameworkCore.Update.ReaderModificationCommandBatch.ExecuteAsync(IRelationalConnection connection, CancellationToken cancellationToken)
   --- End of inner exception stack trace ---
   at Microsoft.EntityFrameworkCore.Update.ReaderModificationCommandBatch.ExecuteAsync(IRelationalConnection connection, CancellationToken cancellationToken)
   at Microsoft.EntityFrameworkCore.Update.Internal.BatchExecutor.ExecuteAsync(IEnumerable`1 commandBatches, IRelationalConnection connection, CancellationToken cancellationToken)
   at Microsoft.EntityFrameworkCore.Update.Internal.BatchExecutor.ExecuteAsync(IEnumerable`1 commandBatches, IRelationalConnection connection, CancellationToken cancellationToken)
   at Microsoft.EntityFrameworkCore.Update.Internal.BatchExecutor.ExecuteAsync(IEnumerable`1 commandBatches, IRelationalConnection connection, CancellationToken cancellationToken)
   at Microsoft.EntityFrameworkCore.Storage.RelationalDatabase.SaveChangesAsync(IList`1 entries, CancellationToken cancellationToken)
   at Microsoft.EntityFrameworkCore.ChangeTracking.Internal.StateManager.SaveChangesAsync(IList`1 entriesToSave, CancellationToken cancellationToken)
   at Microsoft.EntityFrameworkCore.ChangeTracking.Internal.StateManager.SaveChangesAsync(StateManager stateManager, Boolean acceptAllChangesOnSuccess, CancellationToken cancellationToken)
   at Npgsql.EntityFrameworkCore.PostgreSQL.Storage.Internal.NpgsqlExecutionStrategy.ExecuteAsync[TState,TResult](TState state, Func`4 operation, Func`4 verifySucceeded, CancellationToken cancellationToken)
   at Microsoft.EntityFrameworkCore.DbContext.SaveChangesAsync(Boolean acceptAllChangesOnSuccess, CancellationToken cancellationToken)
   at Microsoft.EntityFrameworkCore.DbContext.SaveChangesAsync(Boolean acceptAllChangesOnSuccess, CancellationToken cancellationToken)
   at FishLink.API.Services.CatchService.CreateAsync(CatchRequest req, Int32 fishermanId) in C:\Users\Kaveesha\Desktop\fish\FishLink.API\Services\CatchService.cs:line 159
   at FishLink.API.Controllers.CatchesController.CreateCatch(CatchRequest req) in C:\Users\Kaveesha\Desktop\fish\FishLink.API\Controllers\CatchesController.cs:line 63
   at Microsoft.AspNetCore.Mvc.Infrastructure.ActionMethodExecutor.TaskOfIActionResultExecutor.Execute(ActionContext actionContext, IActionResultTypeMapper mapper, ObjectMethodExecutor executor, Object controller, Object[] arguments)
   at Microsoft.AspNetCore.Mvc.Infrastructure.ControllerActionInvoker.<InvokeActionMethodAsync>g__Awaited|12_0(ControllerActionInvoker invoker, ValueTask`1 actionResultValueTask)
   at Microsoft.AspNetCore.Mvc.Infrastructure.ControllerActionInvoker.<InvokeNextActionFilterAsync>g__Awaited|10_0(ControllerActionInvoker invoker, Task lastTask, State next, Scope scope, Object state, Boolean isCompleted)
   at Microsoft.AspNetCore.Mvc.Infrastructure.ControllerActionInvoker.Rethrow(ActionExecutedContextSealed context)
   at Microsoft.AspNetCore.Mvc.Infrastructure.ControllerActionInvoker.InvokeInnerFilterAsync()
--- End of stack trace from previous location ---
   at Microsoft.AspNetCore.Mvc.Infrastructure.ResourceInvoker.<InvokeFilterPipelineAsync>g__Awaited|20_0(ResourceInvoker invoker, Task lastTask, State next, Scope scope, Object state, Boolean isCompleted)
   at Microsoft.AspNetCore.Mvc.Infrastructure.ResourceInvoker.<InvokeAsync>g__Awaited|17_0(ResourceInvoker invoker, Task task, IDisposable scope)
   at Microsoft.AspNetCore.Mvc.Infrastructure.ResourceInvoker.<InvokeAsync>g__Awaited|17_0(ResourceInvoker invoker, Task task, IDisposable scope)
   at System.Runtime.CompilerServices.AsyncHelpers.TransparentAwaitWithResult(Task task)
   at Microsoft.AspNetCore.Authorization.AuthorizationMiddleware.Invoke(HttpContext context)
   at Microsoft.AspNetCore.Authentication.AuthenticationMiddleware.Invoke(HttpContext context)
   at Swashbuckle.AspNetCore.SwaggerUI.SwaggerUIMiddleware.Invoke(HttpContext httpContext)
   at Swashbuckle.AspNetCore.Swagger.SwaggerMiddleware.Invoke(HttpContext httpContext, ISwaggerProvider swaggerProvider)
   at Serilog.AspNetCore.RequestLoggingMiddleware.Invoke(HttpContext httpContext)
   at FishLink.API.Middleware.ErrorHandlingMiddleware.InvokeAsync(HttpContext context) in C:\Users\Kaveesha\Desktop\fish\FishLink.API\Middleware\ErrorHandlingMiddleware.cs:line 26
2026-09-23 12:54:26.078 +05:30 [INF] Serilog.AspNetCore.RequestLoggingMiddleware HTTP OPTIONS /api/Catches responded 204 in 0.028 ms
2026-09-23 12:54:26.096 +05:30 [INF] FishLink.API.Services.CatchService GetCatches: 19 results, page 1/1
2026-09-23 12:54:26.098 +05:30 [INF] Serilog.AspNetCore.RequestLoggingMiddleware HTTP GET /api/Catches responded 200 in 17.872 ms
2026-09-23 12:54:26.103 +05:30 [INF] FishLink.API.Services.CatchService GetCatches: 19 results, page 1/1
2026-09-23 12:54:26.104 +05:30 [INF] Serilog.AspNetCore.RequestLoggingMiddleware HTTP GET /api/Catches responded 200 in 4.912 ms
2026-09-23 12:54:26.108 +05:30 [INF] Serilog.AspNetCore.RequestLoggingMiddleware HTTP OPTIONS /api/Bids/catch/20 responded 204 in 0.036 ms
2026-09-23 12:54:26.108 +05:30 [INF] Serilog.AspNetCore.RequestLoggingMiddleware HTTP OPTIONS /api/Bids/catch/17 responded 204 in 0.013 ms
2026-09-23 12:54:26.110 +05:30 [INF] Serilog.AspNetCore.RequestLoggingMiddleware HTTP OPTIONS /api/Bids/catch/16 responded 204 in 0.024 ms
2026-09-23 12:54:26.110 +05:30 [INF] Serilog.AspNetCore.RequestLoggingMiddleware HTTP OPTIONS /api/Bids/catch/15 responded 204 in 0.018 ms
2026-09-23 12:54:26.115 +05:30 [INF] Serilog.AspNetCore.RequestLoggingMiddleware HTTP GET /api/Bids/catch/20 responded 200 in 4.636 ms
2026-09-23 12:54:26.118 +05:30 [INF] Serilog.AspNetCore.RequestLoggingMiddleware HTTP GET /api/Bids/catch/20 responded 200 in 1.414 ms
2026-09-23 12:54:26.159 +05:30 [INF] Serilog.AspNetCore.RequestLoggingMiddleware HTTP GET /api/Bids/catch/17 responded 200 in 48.020 ms
2026-09-23 12:54:26.162 +05:30 [INF] Serilog.AspNetCore.RequestLoggingMiddleware HTTP GET /api/Bids/catch/20 responded 200 in 2.284 ms
2026-09-23 12:54:26.162 +05:30 [INF] Serilog.AspNetCore.RequestLoggingMiddleware HTTP GET /api/Bids/catch/17 responded 200 in 1.703 ms
2026-09-23 12:54:26.166 +05:30 [INF] Serilog.AspNetCore.RequestLoggingMiddleware HTTP GET /api/Bids/catch/20 responded 200 in 1.825 ms
2026-09-23 12:54:26.166 +05:30 [INF] Serilog.AspNetCore.RequestLoggingMiddleware HTTP GET /api/Bids/catch/17 responded 200 in 1.446 ms
2026-09-23 12:54:26.169 +05:30 [INF] Serilog.AspNetCore.RequestLoggingMiddleware HTTP GET /api/Bids/catch/17 responded 200 in 2.045 ms
2026-09-23 12:54:26.177 +05:30 [INF] Serilog.AspNetCore.RequestLoggingMiddleware HTTP GET /api/Bids/catch/16 responded 200 in 66.002 ms
2026-09-23 12:54:26.181 +05:30 [INF] Serilog.AspNetCore.RequestLoggingMiddleware HTTP GET /api/Bids/catch/15 responded 200 in 69.589 ms
2026-09-23 12:54:26.182 +05:30 [INF] Serilog.AspNetCore.RequestLoggingMiddleware HTTP GET /api/Bids/catch/16 responded 200 in 2.868 ms
2026-09-23 12:54:26.184 +05:30 [INF] Serilog.AspNetCore.RequestLoggingMiddleware HTTP GET /api/Bids/catch/15 responded 200 in 2.097 ms
2026-09-23 12:54:26.186 +05:30 [INF] Serilog.AspNetCore.RequestLoggingMiddleware HTTP GET /api/Bids/catch/16 responded 200 in 2.430 ms
2026-09-23 12:54:26.188 +05:30 [INF] Serilog.AspNetCore.RequestLoggingMiddleware HTTP GET /api/Bids/catch/15 responded 200 in 1.715 ms
2026-09-23 12:54:26.188 +05:30 [INF] Serilog.AspNetCore.RequestLoggingMiddleware HTTP GET /api/Bids/catch/16 responded 200 in 1.587 ms
2026-09-23 12:54:26.191 +05:30 [INF] Serilog.AspNetCore.RequestLoggingMiddleware HTTP GET /api/Bids/catch/15 responded 200 in 1.929 ms
2026-09-23 12:55:20.425 +05:30 [INF] Serilog.AspNetCore.RequestLoggingMiddleware HTTP OPTIONS /api/Catches responded 204 in 0.182 ms
2026-09-23 12:55:20.435 +05:30 [ERR] Microsoft.EntityFrameworkCore.Database.Command Failed executing DbCommand (0ms) [Parameters=[@p0='?' (DbType = Decimal), @p1='?' (DbType = DateTime), @p2='?' (DbType = DateTime), @p3='?' (DbType = DateTime), @p4='?', @p5='?', @p6='?' (DbType = Int32), @p7='?', @p8='?', @p9='?', @p10='?', @p11='?' (DbType = Int32), @p12='?' (DbType = Decimal), @p13='?' (DbType = Boolean), @p14='?', @p15='?', @p16='?', @p17='?' (DbType = Decimal), @p18='?' (DbType = Decimal)], CommandType='"Text"', CommandTimeout='30']
INSERT INTO "Catches" ("AskingPricePerKg", "CatchDateTime", "CatchTime", "CreatedAt", "DeclaredQualityGrade", "FishSpecies", "FishermanId", "FraudRisk", "InspectionResult", "Location", "PhotoUrl", "QualityScore", "QuantityKg", "RequiresAdminReview", "SellerNote", "Status", "ValidationSummary", "VerifiedWeightKg", "WeightDiscrepancyPct")
VALUES (@p0, @p1, @p2, @p3, @p4, @p5, @p6, @p7, @p8, @p9, @p10, @p11, @p12, @p13, @p14, @p15, @p16, @p17, @p18)
RETURNING "Id";
2026-09-23 12:55:20.443 +05:30 [ERR] Microsoft.EntityFrameworkCore.Update An exception occurred in the database while saving changes for context type 'FishLink.API.Data.ApplicationDbContext'.
Microsoft.EntityFrameworkCore.DbUpdateException: An error occurred while saving the entity changes. See the inner exception for details.
 ---> System.ArgumentException: Cannot write DateTime with Kind=Unspecified to PostgreSQL type 'timestamp with time zone', only UTC is supported. Note that it's not possible to mix DateTimes with different Kinds in an array, range, or multirange. (Parameter 'value')
   at Npgsql.Internal.Converters.DateTimeConverterResolver`1.Get(DateTime value, Nullable`1 expectedPgTypeId, Boolean validateOnly)
   at Npgsql.Internal.Converters.DateTimeConverterResolver.<>c.<CreateResolver>b__0_0(DateTimeConverterResolver`1 resolver, DateTime value, Nullable`1 expectedPgTypeId)
   at Npgsql.Internal.Converters.DateTimeConverterResolver`1.Get(T value, Nullable`1 expectedPgTypeId)
   at Npgsql.Internal.PgConverterResolver`1.GetAsObjectInternal(PgTypeInfo typeInfo, Object value, Nullable`1 expectedPgTypeId)
   at Npgsql.NpgsqlParameterCollection.ProcessParameters(ReloadableState reloadableState, Boolean validateValues, CommandType commandType)
   at Npgsql.NpgsqlCommand.ExecuteReader(Boolean async, CommandBehavior behavior, CancellationToken cancellationToken)
   at Npgsql.NpgsqlCommand.ExecuteReader(Boolean async, CommandBehavior behavior, CancellationToken cancellationToken)
   at Npgsql.NpgsqlCommand.ExecuteDbDataReaderAsync(CommandBehavior behavior, CancellationToken cancellationToken)
   at Microsoft.EntityFrameworkCore.Storage.RelationalCommand.ExecuteReaderAsync(RelationalCommandParameterObject parameterObject, CancellationToken cancellationToken)
   at Microsoft.EntityFrameworkCore.Storage.RelationalCommand.ExecuteReaderAsync(RelationalCommandParameterObject parameterObject, CancellationToken cancellationToken)
   at Microsoft.EntityFrameworkCore.Update.ReaderModificationCommandBatch.ExecuteAsync(IRelationalConnection connection, CancellationToken cancellationToken)
   --- End of inner exception stack trace ---
   at Microsoft.EntityFrameworkCore.Update.ReaderModificationCommandBatch.ExecuteAsync(IRelationalConnection connection, CancellationToken cancellationToken)
   at Microsoft.EntityFrameworkCore.Update.Internal.BatchExecutor.ExecuteAsync(IEnumerable`1 commandBatches, IRelationalConnection connection, CancellationToken cancellationToken)
   at Microsoft.EntityFrameworkCore.Update.Internal.BatchExecutor.ExecuteAsync(IEnumerable`1 commandBatches, IRelationalConnection connection, CancellationToken cancellationToken)
   at Microsoft.EntityFrameworkCore.Update.Internal.BatchExecutor.ExecuteAsync(IEnumerable`1 commandBatches, IRelationalConnection connection, CancellationToken cancellationToken)
   at Microsoft.EntityFrameworkCore.Storage.RelationalDatabase.SaveChangesAsync(IList`1 entries, CancellationToken cancellationToken)
   at Microsoft.EntityFrameworkCore.ChangeTracking.Internal.StateManager.SaveChangesAsync(IList`1 entriesToSave, CancellationToken cancellationToken)
   at Microsoft.EntityFrameworkCore.ChangeTracking.Internal.StateManager.SaveChangesAsync(StateManager stateManager, Boolean acceptAllChangesOnSuccess, CancellationToken cancellationToken)
   at Npgsql.EntityFrameworkCore.PostgreSQL.Storage.Internal.NpgsqlExecutionStrategy.ExecuteAsync[TState,TResult](TState state, Func`4 operation, Func`4 verifySucceeded, CancellationToken cancellationToken)
   at Microsoft.EntityFrameworkCore.DbContext.SaveChangesAsync(Boolean acceptAllChangesOnSuccess, CancellationToken cancellationToken)
Microsoft.EntityFrameworkCore.DbUpdateException: An error occurred while saving the entity changes. See the inner exception for details.
 ---> System.ArgumentException: Cannot write DateTime with Kind=Unspecified to PostgreSQL type 'timestamp with time zone', only UTC is supported. Note that it's not possible to mix DateTimes with different Kinds in an array, range, or multirange. (Parameter 'value')
   at Npgsql.Internal.Converters.DateTimeConverterResolver`1.Get(DateTime value, Nullable`1 expectedPgTypeId, Boolean validateOnly)
   at Npgsql.Internal.Converters.DateTimeConverterResolver.<>c.<CreateResolver>b__0_0(DateTimeConverterResolver`1 resolver, DateTime value, Nullable`1 expectedPgTypeId)
   at Npgsql.Internal.Converters.DateTimeConverterResolver`1.Get(T value, Nullable`1 expectedPgTypeId)
   at Npgsql.Internal.PgConverterResolver`1.GetAsObjectInternal(PgTypeInfo typeInfo, Object value, Nullable`1 expectedPgTypeId)
   at Npgsql.NpgsqlParameterCollection.ProcessParameters(ReloadableState reloadableState, Boolean validateValues, CommandType commandType)
   at Npgsql.NpgsqlCommand.ExecuteReader(Boolean async, CommandBehavior behavior, CancellationToken cancellationToken)
   at Npgsql.NpgsqlCommand.ExecuteReader(Boolean async, CommandBehavior behavior, CancellationToken cancellationToken)
   at Npgsql.NpgsqlCommand.ExecuteDbDataReaderAsync(CommandBehavior behavior, CancellationToken cancellationToken)
   at Microsoft.EntityFrameworkCore.Storage.RelationalCommand.ExecuteReaderAsync(RelationalCommandParameterObject parameterObject, CancellationToken cancellationToken)
   at Microsoft.EntityFrameworkCore.Storage.RelationalCommand.ExecuteReaderAsync(RelationalCommandParameterObject parameterObject, CancellationToken cancellationToken)
   at Microsoft.EntityFrameworkCore.Update.ReaderModificationCommandBatch.ExecuteAsync(IRelationalConnection connection, CancellationToken cancellationToken)
   --- End of inner exception stack trace ---
   at Microsoft.EntityFrameworkCore.Update.ReaderModificationCommandBatch.ExecuteAsync(IRelationalConnection connection, CancellationToken cancellationToken)
   at Microsoft.EntityFrameworkCore.Update.Internal.BatchExecutor.ExecuteAsync(IEnumerable`1 commandBatches, IRelationalConnection connection, CancellationToken cancellationToken)
   at Microsoft.EntityFrameworkCore.Update.Internal.BatchExecutor.ExecuteAsync(IEnumerable`1 commandBatches, IRelationalConnection connection, CancellationToken cancellationToken)
   at Microsoft.EntityFrameworkCore.Update.Internal.BatchExecutor.ExecuteAsync(IEnumerable`1 commandBatches, IRelationalConnection connection, CancellationToken cancellationToken)
   at Microsoft.EntityFrameworkCore.Storage.RelationalDatabase.SaveChangesAsync(IList`1 entries, CancellationToken cancellationToken)
   at Microsoft.EntityFrameworkCore.ChangeTracking.Internal.StateManager.SaveChangesAsync(IList`1 entriesToSave, CancellationToken cancellationToken)
   at Microsoft.EntityFrameworkCore.ChangeTracking.Internal.StateManager.SaveChangesAsync(StateManager stateManager, Boolean acceptAllChangesOnSuccess, CancellationToken cancellationToken)
   at Npgsql.EntityFrameworkCore.PostgreSQL.Storage.Internal.NpgsqlExecutionStrategy.ExecuteAsync[TState,TResult](TState state, Func`4 operation, Func`4 verifySucceeded, CancellationToken cancellationToken)
   at Microsoft.EntityFrameworkCore.DbContext.SaveChangesAsync(Boolean acceptAllChangesOnSuccess, CancellationToken cancellationToken)
2026-09-23 12:55:20.457 +05:30 [ERR] Serilog.AspNetCore.RequestLoggingMiddleware HTTP POST /api/Catches responded 500 in 30.259 ms
Microsoft.EntityFrameworkCore.DbUpdateException: An error occurred while saving the entity changes. See the inner exception for details.
 ---> System.ArgumentException: Cannot write DateTime with Kind=Unspecified to PostgreSQL type 'timestamp with time zone', only UTC is supported. Note that it's not possible to mix DateTimes with different Kinds in an array, range, or multirange. (Parameter 'value')
   at Npgsql.Internal.Converters.DateTimeConverterResolver`1.Get(DateTime value, Nullable`1 expectedPgTypeId, Boolean validateOnly)
   at Npgsql.Internal.Converters.DateTimeConverterResolver.<>c.<CreateResolver>b__0_0(DateTimeConverterResolver`1 resolver, DateTime value, Nullable`1 expectedPgTypeId)
   at Npgsql.Internal.Converters.DateTimeConverterResolver`1.Get(T value, Nullable`1 expectedPgTypeId)
   at Npgsql.Internal.PgConverterResolver`1.GetAsObjectInternal(PgTypeInfo typeInfo, Object value, Nullable`1 expectedPgTypeId)
   at Npgsql.NpgsqlParameterCollection.ProcessParameters(ReloadableState reloadableState, Boolean validateValues, CommandType commandType)
   at Npgsql.NpgsqlCommand.ExecuteReader(Boolean async, CommandBehavior behavior, CancellationToken cancellationToken)
   at Npgsql.NpgsqlCommand.ExecuteReader(Boolean async, CommandBehavior behavior, CancellationToken cancellationToken)
   at Npgsql.NpgsqlCommand.ExecuteDbDataReaderAsync(CommandBehavior behavior, CancellationToken cancellationToken)
   at Microsoft.EntityFrameworkCore.Storage.RelationalCommand.ExecuteReaderAsync(RelationalCommandParameterObject parameterObject, CancellationToken cancellationToken)
   at Microsoft.EntityFrameworkCore.Storage.RelationalCommand.ExecuteReaderAsync(RelationalCommandParameterObject parameterObject, CancellationToken cancellationToken)
   at Microsoft.EntityFrameworkCore.Update.ReaderModificationCommandBatch.ExecuteAsync(IRelationalConnection connection, CancellationToken cancellationToken)
   --- End of inner exception stack trace ---
   at Microsoft.EntityFrameworkCore.Update.ReaderModificationCommandBatch.ExecuteAsync(IRelationalConnection connection, CancellationToken cancellationToken)
   at Microsoft.EntityFrameworkCore.Update.Internal.BatchExecutor.ExecuteAsync(IEnumerable`1 commandBatches, IRelationalConnection connection, CancellationToken cancellationToken)
   at Microsoft.EntityFrameworkCore.Update.Internal.BatchExecutor.ExecuteAsync(IEnumerable`1 commandBatches, IRelationalConnection connection, CancellationToken cancellationToken)
   at Microsoft.EntityFrameworkCore.Update.Internal.BatchExecutor.ExecuteAsync(IEnumerable`1 commandBatches, IRelationalConnection connection, CancellationToken cancellationToken)
   at Microsoft.EntityFrameworkCore.Storage.RelationalDatabase.SaveChangesAsync(IList`1 entries, CancellationToken cancellationToken)
   at Microsoft.EntityFrameworkCore.ChangeTracking.Internal.StateManager.SaveChangesAsync(IList`1 entriesToSave, CancellationToken cancellationToken)
   at Microsoft.EntityFrameworkCore.ChangeTracking.Internal.StateManager.SaveChangesAsync(StateManager stateManager, Boolean acceptAllChangesOnSuccess, CancellationToken cancellationToken)
   at Npgsql.EntityFrameworkCore.PostgreSQL.Storage.Internal.NpgsqlExecutionStrategy.ExecuteAsync[TState,TResult](TState state, Func`4 operation, Func`4 verifySucceeded, CancellationToken cancellationToken)
   at Microsoft.EntityFrameworkCore.DbContext.SaveChangesAsync(Boolean acceptAllChangesOnSuccess, CancellationToken cancellationToken)
   at Microsoft.EntityFrameworkCore.DbContext.SaveChangesAsync(Boolean acceptAllChangesOnSuccess, CancellationToken cancellationToken)
   at FishLink.API.Services.CatchService.CreateAsync(CatchRequest req, Int32 fishermanId) in C:\Users\Kaveesha\Desktop\fish\FishLink.API\Services\CatchService.cs:line 159
   at FishLink.API.Controllers.CatchesController.CreateCatch(CatchRequest req) in C:\Users\Kaveesha\Desktop\fish\FishLink.API\Controllers\CatchesController.cs:line 63
   at Microsoft.AspNetCore.Mvc.Infrastructure.ActionMethodExecutor.TaskOfIActionResultExecutor.Execute(ActionContext actionContext, IActionResultTypeMapper mapper, ObjectMethodExecutor executor, Object controller, Object[] arguments)
   at Microsoft.AspNetCore.Mvc.Infrastructure.ControllerActionInvoker.<InvokeActionMethodAsync>g__Awaited|12_0(ControllerActionInvoker invoker, ValueTask`1 actionResultValueTask)
   at Microsoft.AspNetCore.Mvc.Infrastructure.ControllerActionInvoker.<InvokeNextActionFilterAsync>g__Awaited|10_0(ControllerActionInvoker invoker, Task lastTask, State next, Scope scope, Object state, Boolean isCompleted)
   at Microsoft.AspNetCore.Mvc.Infrastructure.ControllerActionInvoker.Rethrow(ActionExecutedContextSealed context)
   at Microsoft.AspNetCore.Mvc.Infrastructure.ControllerActionInvoker.InvokeInnerFilterAsync()
--- End of stack trace from previous location ---
   at Microsoft.AspNetCore.Mvc.Infrastructure.ResourceInvoker.<InvokeFilterPipelineAsync>g__Awaited|20_0(ResourceInvoker invoker, Task lastTask, State next, Scope scope, Object state, Boolean isCompleted)
   at Microsoft.AspNetCore.Mvc.Infrastructure.ResourceInvoker.<InvokeAsync>g__Awaited|17_0(ResourceInvoker invoker, Task task, IDisposable scope)
   at Microsoft.AspNetCore.Mvc.Infrastructure.ResourceInvoker.<InvokeAsync>g__Awaited|17_0(ResourceInvoker invoker, Task task, IDisposable scope)
   at System.Runtime.CompilerServices.AsyncHelpers.TransparentAwaitWithResult(Task task)
   at Microsoft.AspNetCore.Authorization.AuthorizationMiddleware.Invoke(HttpContext context)
   at Microsoft.AspNetCore.Authentication.AuthenticationMiddleware.Invoke(HttpContext context)
   at Swashbuckle.AspNetCore.SwaggerUI.SwaggerUIMiddleware.Invoke(HttpContext httpContext)
   at Swashbuckle.AspNetCore.Swagger.SwaggerMiddleware.Invoke(HttpContext httpContext, ISwaggerProvider swaggerProvider)
   at Serilog.AspNetCore.RequestLoggingMiddleware.Invoke(HttpContext httpContext)
2026-09-23 12:55:20.475 +05:30 [ERR] FishLink.API.Middleware.ErrorHandlingMiddleware Unhandled exception on POST /api/Catches — An error occurred while saving the entity changes. See the inner exception for details.
Microsoft.EntityFrameworkCore.DbUpdateException: An error occurred while saving the entity changes. See the inner exception for details.
 ---> System.ArgumentException: Cannot write DateTime with Kind=Unspecified to PostgreSQL type 'timestamp with time zone', only UTC is supported. Note that it's not possible to mix DateTimes with different Kinds in an array, range, or multirange. (Parameter 'value')
   at Npgsql.Internal.Converters.DateTimeConverterResolver`1.Get(DateTime value, Nullable`1 expectedPgTypeId, Boolean validateOnly)
   at Npgsql.Internal.Converters.DateTimeConverterResolver.<>c.<CreateResolver>b__0_0(DateTimeConverterResolver`1 resolver, DateTime value, Nullable`1 expectedPgTypeId)
   at Npgsql.Internal.Converters.DateTimeConverterResolver`1.Get(T value, Nullable`1 expectedPgTypeId)
   at Npgsql.Internal.PgConverterResolver`1.GetAsObjectInternal(PgTypeInfo typeInfo, Object value, Nullable`1 expectedPgTypeId)
   at Npgsql.NpgsqlParameterCollection.ProcessParameters(ReloadableState reloadableState, Boolean validateValues, CommandType commandType)
   at Npgsql.NpgsqlCommand.ExecuteReader(Boolean async, CommandBehavior behavior, CancellationToken cancellationToken)
   at Npgsql.NpgsqlCommand.ExecuteReader(Boolean async, CommandBehavior behavior, CancellationToken cancellationToken)
   at Npgsql.NpgsqlCommand.ExecuteDbDataReaderAsync(CommandBehavior behavior, CancellationToken cancellationToken)
   at Microsoft.EntityFrameworkCore.Storage.RelationalCommand.ExecuteReaderAsync(RelationalCommandParameterObject parameterObject, CancellationToken cancellationToken)
   at Microsoft.EntityFrameworkCore.Storage.RelationalCommand.ExecuteReaderAsync(RelationalCommandParameterObject parameterObject, CancellationToken cancellationToken)
   at Microsoft.EntityFrameworkCore.Update.ReaderModificationCommandBatch.ExecuteAsync(IRelationalConnection connection, CancellationToken cancellationToken)
   --- End of inner exception stack trace ---
   at Microsoft.EntityFrameworkCore.Update.ReaderModificationCommandBatch.ExecuteAsync(IRelationalConnection connection, CancellationToken cancellationToken)
   at Microsoft.EntityFrameworkCore.Update.Internal.BatchExecutor.ExecuteAsync(IEnumerable`1 commandBatches, IRelationalConnection connection, CancellationToken cancellationToken)
   at Microsoft.EntityFrameworkCore.Update.Internal.BatchExecutor.ExecuteAsync(IEnumerable`1 commandBatches, IRelationalConnection connection, CancellationToken cancellationToken)
   at Microsoft.EntityFrameworkCore.Update.Internal.BatchExecutor.ExecuteAsync(IEnumerable`1 commandBatches, IRelationalConnection connection, CancellationToken cancellationToken)
   at Microsoft.EntityFrameworkCore.Storage.RelationalDatabase.SaveChangesAsync(IList`1 entries, CancellationToken cancellationToken)
   at Microsoft.EntityFrameworkCore.ChangeTracking.Internal.StateManager.SaveChangesAsync(IList`1 entriesToSave, CancellationToken cancellationToken)
   at Microsoft.EntityFrameworkCore.ChangeTracking.Internal.StateManager.SaveChangesAsync(StateManager stateManager, Boolean acceptAllChangesOnSuccess, CancellationToken cancellationToken)
   at Npgsql.EntityFrameworkCore.PostgreSQL.Storage.Internal.NpgsqlExecutionStrategy.ExecuteAsync[TState,TResult](TState state, Func`4 operation, Func`4 verifySucceeded, CancellationToken cancellationToken)
   at Microsoft.EntityFrameworkCore.DbContext.SaveChangesAsync(Boolean acceptAllChangesOnSuccess, CancellationToken cancellationToken)
   at Microsoft.EntityFrameworkCore.DbContext.SaveChangesAsync(Boolean acceptAllChangesOnSuccess, CancellationToken cancellationToken)
   at FishLink.API.Services.CatchService.CreateAsync(CatchRequest req, Int32 fishermanId) in C:\Users\Kaveesha\Desktop\fish\FishLink.API\Services\CatchService.cs:line 159
   at FishLink.API.Controllers.CatchesController.CreateCatch(CatchRequest req) in C:\Users\Kaveesha\Desktop\fish\FishLink.API\Controllers\CatchesController.cs:line 63
   at Microsoft.AspNetCore.Mvc.Infrastructure.ActionMethodExecutor.TaskOfIActionResultExecutor.Execute(ActionContext actionContext, IActionResultTypeMapper mapper, ObjectMethodExecutor executor, Object controller, Object[] arguments)
   at Microsoft.AspNetCore.Mvc.Infrastructure.ControllerActionInvoker.<InvokeActionMethodAsync>g__Awaited|12_0(ControllerActionInvoker invoker, ValueTask`1 actionResultValueTask)
   at Microsoft.AspNetCore.Mvc.Infrastructure.ControllerActionInvoker.<InvokeNextActionFilterAsync>g__Awaited|10_0(ControllerActionInvoker invoker, Task lastTask, State next, Scope scope, Object state, Boolean isCompleted)
   at Microsoft.AspNetCore.Mvc.Infrastructure.ControllerActionInvoker.Rethrow(ActionExecutedContextSealed context)
   at Microsoft.AspNetCore.Mvc.Infrastructure.ControllerActionInvoker.InvokeInnerFilterAsync()
--- End of stack trace from previous location ---
   at Microsoft.AspNetCore.Mvc.Infrastructure.ResourceInvoker.<InvokeFilterPipelineAsync>g__Awaited|20_0(ResourceInvoker invoker, Task lastTask, State next, Scope scope, Object state, Boolean isCompleted)
   at Microsoft.AspNetCore.Mvc.Infrastructure.ResourceInvoker.<InvokeAsync>g__Awaited|17_0(ResourceInvoker invoker, Task task, IDisposable scope)
   at Microsoft.AspNetCore.Mvc.Infrastructure.ResourceInvoker.<InvokeAsync>g__Awaited|17_0(ResourceInvoker invoker, Task task, IDisposable scope)
   at System.Runtime.CompilerServices.AsyncHelpers.TransparentAwaitWithResult(Task task)
   at Microsoft.AspNetCore.Authorization.AuthorizationMiddleware.Invoke(HttpContext context)
   at Microsoft.AspNetCore.Authentication.AuthenticationMiddleware.Invoke(HttpContext context)
   at Swashbuckle.AspNetCore.SwaggerUI.SwaggerUIMiddleware.Invoke(HttpContext httpContext)
   at Swashbuckle.AspNetCore.Swagger.SwaggerMiddleware.Invoke(HttpContext httpContext, ISwaggerProvider swaggerProvider)
   at Serilog.AspNetCore.RequestLoggingMiddleware.Invoke(HttpContext httpContext)
   at FishLink.API.Middleware.ErrorHandlingMiddleware.InvokeAsync(HttpContext context) in C:\Users\Kaveesha\Desktop\fish\FishLink.API\Middleware\ErrorHandlingMiddleware.cs:line 26
2026-09-23 13:02:07.548 +05:30 [INF]  FishLink API starting on Development
2026-09-23 13:02:07.693 +05:30 [INF] Microsoft.Hosting.Lifetime Now listening on: http://localhost:5157
2026-09-23 13:02:07.695 +05:30 [INF] Microsoft.Hosting.Lifetime Application started. Press Ctrl+C to shut down.
2026-09-23 13:02:07.695 +05:30 [INF] Microsoft.Hosting.Lifetime Hosting environment: Development
2026-09-23 13:02:07.695 +05:30 [INF] Microsoft.Hosting.Lifetime Content root path: C:\Users\Kaveesha\Desktop\fish\FishLink.API
2026-09-23 13:02:19.942 +05:30 [INF] Serilog.AspNetCore.RequestLoggingMiddleware HTTP GET /health responded 200 in 237.174 ms
2026-09-23 13:03:16.293 +05:30 [INF] Serilog.AspNetCore.RequestLoggingMiddleware HTTP GET /api/Catches/seller-history/1 responded 200 in 757.268 ms
2026-09-23 13:04:40.543 +05:30 [INF] Serilog.AspNetCore.RequestLoggingMiddleware HTTP POST /api/Auth/register responded 400 in 39.797 ms
2026-09-23 13:04:56.558 +05:30 [INF] Serilog.AspNetCore.RequestLoggingMiddleware HTTP POST /api/Auth/register responded 400 in 6.773 ms
2026-09-23 13:05:18.386 +05:30 [INF] Serilog.AspNetCore.RequestLoggingMiddleware HTTP POST /api/Auth/register responded 400 in 9.334 ms
2026-09-23 13:05:57.461 +05:30 [INF] Serilog.AspNetCore.RequestLoggingMiddleware HTTP POST /api/Auth/register responded 200 in 472.632 ms
2026-09-23 13:05:57.657 +05:30 [INF] FishLink.API.Services.CatchService Catch 22 created by fisherman 47
2026-09-23 13:05:57.676 +05:30 [INF] Serilog.AspNetCore.RequestLoggingMiddleware HTTP POST /api/Catches responded 201 in 211.427 ms
2026-09-23 13:06:42.298 +05:30 [INF] Serilog.AspNetCore.RequestLoggingMiddleware HTTP OPTIONS /api/Catches responded 204 in 2.518 ms
2026-09-23 13:06:42.298 +05:30 [INF] Serilog.AspNetCore.RequestLoggingMiddleware HTTP OPTIONS /api/Catches responded 204 in 2.529 ms
2026-09-23 13:06:42.455 +05:30 [INF] FishLink.API.Services.CatchService GetCatches: 20 results, page 1/1
2026-09-23 13:06:42.499 +05:30 [INF] Serilog.AspNetCore.RequestLoggingMiddleware HTTP GET /api/Catches responded 200 in 197.603 ms
2026-09-23 13:06:42.520 +05:30 [INF] FishLink.API.Services.CatchService GetCatches: 20 results, page 1/1
2026-09-23 13:06:42.531 +05:30 [INF] Serilog.AspNetCore.RequestLoggingMiddleware HTTP GET /api/Catches responded 200 in 48.127 ms
2026-09-23 13:06:42.555 +05:30 [INF] Serilog.AspNetCore.RequestLoggingMiddleware HTTP OPTIONS /api/Bids/catch/20 responded 204 in 0.566 ms
2026-09-23 13:06:42.560 +05:30 [INF] Serilog.AspNetCore.RequestLoggingMiddleware HTTP OPTIONS /api/Bids/catch/17 responded 204 in 0.212 ms
2026-09-23 13:06:42.560 +05:30 [INF] Serilog.AspNetCore.RequestLoggingMiddleware HTTP OPTIONS /api/Bids/catch/16 responded 204 in 0.235 ms
2026-09-23 13:06:42.563 +05:30 [INF] Serilog.AspNetCore.RequestLoggingMiddleware HTTP OPTIONS /api/Bids/catch/15 responded 204 in 0.312 ms
2026-09-23 13:06:42.644 +05:30 [INF] Serilog.AspNetCore.RequestLoggingMiddleware HTTP GET /api/Bids/catch/16 responded 200 in 75.781 ms
2026-09-23 13:06:42.650 +05:30 [INF] Serilog.AspNetCore.RequestLoggingMiddleware HTTP GET /api/Bids/catch/16 responded 200 in 4.296 ms
2026-09-23 13:06:42.657 +05:30 [INF] Serilog.AspNetCore.RequestLoggingMiddleware HTTP GET /api/Bids/catch/16 responded 200 in 4.410 ms
2026-09-23 13:06:42.662 +05:30 [INF] Serilog.AspNetCore.RequestLoggingMiddleware HTTP GET /api/Bids/catch/16 responded 200 in 3.419 ms
2026-09-23 13:06:42.680 +05:30 [INF] Serilog.AspNetCore.RequestLoggingMiddleware HTTP GET /api/Bids/catch/15 responded 200 in 111.856 ms
2026-09-23 13:06:42.686 +05:30 [INF] Serilog.AspNetCore.RequestLoggingMiddleware HTTP GET /api/Bids/catch/15 responded 200 in 3.317 ms
2026-09-23 13:06:42.690 +05:30 [INF] Serilog.AspNetCore.RequestLoggingMiddleware HTTP GET /api/Bids/catch/20 responded 200 in 124.567 ms
2026-09-23 13:06:42.691 +05:30 [INF] Serilog.AspNetCore.RequestLoggingMiddleware HTTP GET /api/Bids/catch/15 responded 200 in 3.106 ms
2026-09-23 13:06:42.691 +05:30 [INF] Serilog.AspNetCore.RequestLoggingMiddleware HTTP GET /api/Bids/catch/17 responded 200 in 123.433 ms
2026-09-23 13:06:42.696 +05:30 [INF] Serilog.AspNetCore.RequestLoggingMiddleware HTTP GET /api/Bids/catch/20 responded 200 in 3.056 ms
2026-09-23 13:06:42.696 +05:30 [INF] Serilog.AspNetCore.RequestLoggingMiddleware HTTP GET /api/Bids/catch/15 responded 200 in 2.736 ms
2026-09-23 13:06:42.696 +05:30 [INF] Serilog.AspNetCore.RequestLoggingMiddleware HTTP GET /api/Bids/catch/17 responded 200 in 2.499 ms
2026-09-23 13:06:42.701 +05:30 [INF] Serilog.AspNetCore.RequestLoggingMiddleware HTTP GET /api/Bids/catch/20 responded 200 in 3.042 ms
2026-09-23 13:06:42.701 +05:30 [INF] Serilog.AspNetCore.RequestLoggingMiddleware HTTP GET /api/Bids/catch/17 responded 200 in 2.518 ms
2026-09-23 13:06:42.706 +05:30 [INF] Serilog.AspNetCore.RequestLoggingMiddleware HTTP GET /api/Bids/catch/20 responded 200 in 2.646 ms
2026-09-23 13:06:42.706 +05:30 [INF] Serilog.AspNetCore.RequestLoggingMiddleware HTTP GET /api/Bids/catch/17 responded 200 in 3.174 ms
2026-09-23 13:08:14.660 +05:30 [INF] Serilog.AspNetCore.RequestLoggingMiddleware HTTP OPTIONS /api/Catches responded 204 in 0.732 ms
2026-09-23 13:08:14.684 +05:30 [INF] FishLink.API.Services.CatchService Catch 23 created by fisherman 44
2026-09-23 13:08:14.717 +05:30 [INF] Serilog.AspNetCore.RequestLoggingMiddleware HTTP POST /api/Catches responded 201 in 46.672 ms
2026-09-23 13:08:16.551 +05:30 [INF] Serilog.AspNetCore.RequestLoggingMiddleware HTTP OPTIONS /api/Catches responded 204 in 1.315 ms
2026-09-23 13:08:16.675 +05:30 [INF] FishLink.API.Services.CatchService GetCatches: 21 results, page 1/1
2026-09-23 13:08:16.684 +05:30 [INF] Serilog.AspNetCore.RequestLoggingMiddleware HTTP GET /api/Catches responded 200 in 124.966 ms
2026-09-23 13:08:16.742 +05:30 [INF] Serilog.AspNetCore.RequestLoggingMiddleware HTTP OPTIONS /api/Bids/catch/17 responded 204 in 0.942 ms
2026-09-23 13:08:16.745 +05:30 [INF] Serilog.AspNetCore.RequestLoggingMiddleware HTTP OPTIONS /api/Bids/catch/16 responded 204 in 0.312 ms
2026-09-23 13:08:16.747 +05:30 [INF] Serilog.AspNetCore.RequestLoggingMiddleware HTTP OPTIONS /api/Bids/catch/15 responded 204 in 0.294 ms
2026-09-23 13:08:16.743 +05:30 [INF] Serilog.AspNetCore.RequestLoggingMiddleware HTTP OPTIONS /api/Bids/catch/20 responded 204 in 3.201 ms
2026-09-23 13:08:16.780 +05:30 [INF] Serilog.AspNetCore.RequestLoggingMiddleware HTTP GET /api/Bids/catch/16 responded 200 in 16.394 ms
2026-09-23 13:08:16.785 +05:30 [INF] Serilog.AspNetCore.RequestLoggingMiddleware HTTP GET /api/Bids/catch/17 responded 200 in 25.313 ms
2026-09-23 13:08:16.780 +05:30 [INF] Serilog.AspNetCore.RequestLoggingMiddleware HTTP GET /api/Bids/catch/15 responded 200 in 16.394 ms
2026-09-23 13:08:17.014 +05:30 [INF] Serilog.AspNetCore.RequestLoggingMiddleware HTTP GET /api/Bids/catch/20 responded 200 in 243.168 ms
2026-09-23 13:08:17.140 +05:30 [INF] Serilog.AspNetCore.RequestLoggingMiddleware HTTP GET /api/Bids/catch/20 responded 200 in 7.832 ms
2026-09-23 13:08:17.141 +05:30 [INF] Serilog.AspNetCore.RequestLoggingMiddleware HTTP GET /api/Bids/catch/17 responded 200 in 9.097 ms
2026-09-23 13:08:17.144 +05:30 [INF] Serilog.AspNetCore.RequestLoggingMiddleware HTTP GET /api/Bids/catch/16 responded 200 in 4.965 ms
2026-09-23 13:08:17.156 +05:30 [INF] Serilog.AspNetCore.RequestLoggingMiddleware HTTP GET /api/Bids/catch/15 responded 200 in 14.156 ms
2026-09-23 13:08:17.158 +05:30 [INF] Serilog.AspNetCore.RequestLoggingMiddleware HTTP GET /api/Bids/catch/20 responded 200 in 12.309 ms
2026-09-23 13:08:17.161 +05:30 [INF] Serilog.AspNetCore.RequestLoggingMiddleware HTTP GET /api/Bids/catch/17 responded 200 in 14.332 ms
2026-09-23 13:08:17.163 +05:30 [INF] Serilog.AspNetCore.RequestLoggingMiddleware HTTP GET /api/Bids/catch/16 responded 200 in 9.503 ms
2026-09-23 13:08:17.175 +05:30 [INF] Serilog.AspNetCore.RequestLoggingMiddleware HTTP GET /api/Bids/catch/15 responded 200 in 10.117 ms
2026-09-23 13:08:39.533 +05:30 [INF] Serilog.AspNetCore.RequestLoggingMiddleware HTTP OPTIONS /api/Catches/23 responded 204 in 1.453 ms
2026-09-23 13:08:39.783 +05:30 [INF] FishLink.API.Services.CatchService Catch 23 updated by fisherman 44
2026-09-23 13:08:39.894 +05:30 [INF] Serilog.AspNetCore.RequestLoggingMiddleware HTTP PUT /api/Catches/23 responded 204 in 347.569 ms
2026-09-23 13:08:41.722 +05:30 [INF] Serilog.AspNetCore.RequestLoggingMiddleware HTTP OPTIONS /api/Catches responded 204 in 0.812 ms
2026-09-23 13:08:41.775 +05:30 [INF] FishLink.API.Services.CatchService GetCatches: 21 results, page 1/1
2026-09-23 13:08:41.804 +05:30 [INF] Serilog.AspNetCore.RequestLoggingMiddleware HTTP GET /api/Catches responded 200 in 71.202 ms
2026-09-23 13:08:41.859 +05:30 [INF] Serilog.AspNetCore.RequestLoggingMiddleware HTTP OPTIONS /api/Bids/catch/20 responded 204 in 0.339 ms
2026-09-23 13:08:41.860 +05:30 [INF] Serilog.AspNetCore.RequestLoggingMiddleware HTTP OPTIONS /api/Bids/catch/17 responded 204 in 0.102 ms
2026-09-23 13:08:41.861 +05:30 [INF] Serilog.AspNetCore.RequestLoggingMiddleware HTTP OPTIONS /api/Bids/catch/16 responded 204 in 0.119 ms
2026-09-23 13:08:41.861 +05:30 [INF] Serilog.AspNetCore.RequestLoggingMiddleware HTTP OPTIONS /api/Bids/catch/15 responded 204 in 0.090 ms
2026-09-23 13:08:41.895 +05:30 [INF] Serilog.AspNetCore.RequestLoggingMiddleware HTTP GET /api/Bids/catch/20 responded 200 in 11.291 ms
2026-09-23 13:08:41.897 +05:30 [INF] Serilog.AspNetCore.RequestLoggingMiddleware HTTP GET /api/Bids/catch/16 responded 200 in 6.444 ms
2026-09-23 13:08:41.923 +05:30 [INF] Serilog.AspNetCore.RequestLoggingMiddleware HTTP GET /api/Bids/catch/15 responded 200 in 25.590 ms
2026-09-23 13:08:41.924 +05:30 [INF] Serilog.AspNetCore.RequestLoggingMiddleware HTTP GET /api/Bids/catch/17 responded 200 in 44.023 ms
2026-09-23 13:08:42.034 +05:30 [INF] Serilog.AspNetCore.RequestLoggingMiddleware HTTP GET /api/Bids/catch/20 responded 200 in 8.518 ms
2026-09-23 13:08:42.038 +05:30 [INF] Serilog.AspNetCore.RequestLoggingMiddleware HTTP GET /api/Bids/catch/17 responded 200 in 7.303 ms
2026-09-23 13:08:42.040 +05:30 [INF] Serilog.AspNetCore.RequestLoggingMiddleware HTTP GET /api/Bids/catch/15 responded 200 in 2.864 ms
2026-09-23 13:08:42.040 +05:30 [INF] Serilog.AspNetCore.RequestLoggingMiddleware HTTP GET /api/Bids/catch/16 responded 200 in 5.542 ms
2026-09-23 13:08:42.054 +05:30 [INF] Serilog.AspNetCore.RequestLoggingMiddleware HTTP GET /api/Bids/catch/20 responded 200 in 6.144 ms
2026-09-23 13:08:42.059 +05:30 [INF] Serilog.AspNetCore.RequestLoggingMiddleware HTTP GET /api/Bids/catch/17 responded 200 in 7.467 ms
2026-09-23 13:08:42.062 +05:30 [INF] Serilog.AspNetCore.RequestLoggingMiddleware HTTP GET /api/Bids/catch/15 responded 200 in 6.268 ms
2026-09-23 13:08:42.064 +05:30 [INF] Serilog.AspNetCore.RequestLoggingMiddleware HTTP GET /api/Bids/catch/16 responded 200 in 4.902 ms
2026-09-23 13:08:55.999 +05:30 [INF] Serilog.AspNetCore.RequestLoggingMiddleware HTTP OPTIONS /api/Catches/22/publish responded 204 in 0.122 ms
2026-09-23 13:08:56.061 +05:30 [ERR] Serilog.AspNetCore.RequestLoggingMiddleware HTTP PATCH /api/Catches/22/publish responded 500 in 54.768 ms
System.UnauthorizedAccessException: Not your listing.
   at FishLink.API.Services.CatchService.PublishAsync(Int32 id, Int32 fishermanId) in C:\Users\Kaveesha\Desktop\fish\FishLink.API\Services\CatchService.cs:line 209
   at FishLink.API.Controllers.CatchesController.PublishCatch(Int32 id) in C:\Users\Kaveesha\Desktop\fish\FishLink.API\Controllers\CatchesController.cs:line 83
   at System.Runtime.CompilerServices.RuntimeAsyncTaskContinuation.GetResult[T](Task task, Byte& result)
   at System.Runtime.CompilerServices.RuntimeAsyncTaskContinuation.TaskContinuationResume.ResumeTaskContinuation(Continuation cont, Byte& result)
   at Microsoft.AspNetCore.Mvc.Infrastructure.ActionMethodExecutor.TaskOfIActionResultExecutor.Execute(ActionContext actionContext, IActionResultTypeMapper mapper, ObjectMethodExecutor executor, Object controller, Object[] arguments)
   at System.Runtime.CompilerServices.RuntimeAsyncTaskContinuation.GetResult[T](Task task, Byte& result)
   at System.Runtime.CompilerServices.RuntimeAsyncTaskContinuation.TaskContinuationResume.ResumeTaskContinuation(Continuation cont, Byte& result)
   at Microsoft.AspNetCore.Mvc.Infrastructure.ControllerActionInvoker.<InvokeActionMethodAsync>g__Awaited|12_0(ControllerActionInvoker invoker, ValueTask`1 actionResultValueTask)
   at System.Runtime.CompilerServices.RuntimeAsyncTaskContinuation.TaskContinuationResume.ResumeTaskContinuation(Continuation cont, Byte& result)
   at Microsoft.AspNetCore.Mvc.Infrastructure.ControllerActionInvoker.<InvokeNextActionFilterAsync>g__Awaited|10_0(ControllerActionInvoker invoker, Task lastTask, State next, Scope scope, Object state, Boolean isCompleted)
   at Microsoft.AspNetCore.Mvc.Infrastructure.ControllerActionInvoker.Rethrow(ActionExecutedContextSealed context)
   at Microsoft.AspNetCore.Mvc.Infrastructure.ControllerActionInvoker.Next(State& next, Scope& scope, Object& state, Boolean& isCompleted)
   at Microsoft.AspNetCore.Mvc.Infrastructure.ControllerActionInvoker.<InvokeInnerFilterAsync>g__Awaited|13_0(ControllerActionInvoker invoker, Task lastTask, State next, Scope scope, Object state, Boolean isCompleted)
   at System.Runtime.CompilerServices.RuntimeAsyncTaskContinuation.TaskContinuationResume.ResumeTaskContinuation(Continuation cont, Byte& result)
   at Microsoft.AspNetCore.Mvc.Infrastructure.ResourceInvoker.<InvokeFilterPipelineAsync>g__Awaited|20_0(ResourceInvoker invoker, Task lastTask, State next, Scope scope, Object state, Boolean isCompleted)
   at System.Runtime.CompilerServices.RuntimeAsyncTaskContinuation.TaskContinuationResume.ResumeTaskContinuation(Continuation cont, Byte& result)
   at Microsoft.AspNetCore.Mvc.Infrastructure.ResourceInvoker.<InvokeAsync>g__Awaited|17_0(ResourceInvoker invoker, Task task, IDisposable scope)
   at Microsoft.AspNetCore.Mvc.Infrastructure.ResourceInvoker.<InvokeAsync>g__Awaited|17_0(ResourceInvoker invoker, Task task, IDisposable scope)
   at System.Runtime.CompilerServices.RuntimeAsyncTaskContinuation.TaskContinuationResume.ResumeTaskContinuation(Continuation cont, Byte& result)
   at Microsoft.AspNetCore.Authorization.AuthorizationMiddleware.Invoke(HttpContext context)
   at System.Runtime.CompilerServices.RuntimeAsyncTaskContinuation.TaskContinuationResume.ResumeTaskContinuation(Continuation cont, Byte& result)
   at Microsoft.AspNetCore.Authentication.AuthenticationMiddleware.Invoke(HttpContext context)
   at Swashbuckle.AspNetCore.SwaggerUI.SwaggerUIMiddleware.Invoke(HttpContext httpContext)
   at Swashbuckle.AspNetCore.Swagger.SwaggerMiddleware.Invoke(HttpContext httpContext, ISwaggerProvider swaggerProvider)
   at Serilog.AspNetCore.RequestLoggingMiddleware.Invoke(HttpContext httpContext)
2026-09-23 13:08:56.219 +05:30 [ERR] FishLink.API.Middleware.ErrorHandlingMiddleware Unhandled exception on PATCH /api/Catches/22/publish — Not your listing.
System.UnauthorizedAccessException: Not your listing.
   at FishLink.API.Services.CatchService.PublishAsync(Int32 id, Int32 fishermanId) in C:\Users\Kaveesha\Desktop\fish\FishLink.API\Services\CatchService.cs:line 209
   at FishLink.API.Controllers.CatchesController.PublishCatch(Int32 id) in C:\Users\Kaveesha\Desktop\fish\FishLink.API\Controllers\CatchesController.cs:line 83
   at System.Runtime.CompilerServices.RuntimeAsyncTaskContinuation.GetResult[T](Task task, Byte& result)
   at System.Runtime.CompilerServices.RuntimeAsyncTaskContinuation.TaskContinuationResume.ResumeTaskContinuation(Continuation cont, Byte& result)
   at Microsoft.AspNetCore.Mvc.Infrastructure.ActionMethodExecutor.TaskOfIActionResultExecutor.Execute(ActionContext actionContext, IActionResultTypeMapper mapper, ObjectMethodExecutor executor, Object controller, Object[] arguments)
   at System.Runtime.CompilerServices.RuntimeAsyncTaskContinuation.GetResult[T](Task task, Byte& result)
   at System.Runtime.CompilerServices.RuntimeAsyncTaskContinuation.TaskContinuationResume.ResumeTaskContinuation(Continuation cont, Byte& result)
   at Microsoft.AspNetCore.Mvc.Infrastructure.ControllerActionInvoker.<InvokeActionMethodAsync>g__Awaited|12_0(ControllerActionInvoker invoker, ValueTask`1 actionResultValueTask)
   at System.Runtime.CompilerServices.RuntimeAsyncTaskContinuation.TaskContinuationResume.ResumeTaskContinuation(Continuation cont, Byte& result)
   at Microsoft.AspNetCore.Mvc.Infrastructure.ControllerActionInvoker.<InvokeNextActionFilterAsync>g__Awaited|10_0(ControllerActionInvoker invoker, Task lastTask, State next, Scope scope, Object state, Boolean isCompleted)
   at Microsoft.AspNetCore.Mvc.Infrastructure.ControllerActionInvoker.Rethrow(ActionExecutedContextSealed context)
   at Microsoft.AspNetCore.Mvc.Infrastructure.ControllerActionInvoker.Next(State& next, Scope& scope, Object& state, Boolean& isCompleted)
   at Microsoft.AspNetCore.Mvc.Infrastructure.ControllerActionInvoker.<InvokeInnerFilterAsync>g__Awaited|13_0(ControllerActionInvoker invoker, Task lastTask, State next, Scope scope, Object state, Boolean isCompleted)
   at System.Runtime.CompilerServices.RuntimeAsyncTaskContinuation.TaskContinuationResume.ResumeTaskContinuation(Continuation cont, Byte& result)
   at Microsoft.AspNetCore.Mvc.Infrastructure.ResourceInvoker.<InvokeFilterPipelineAsync>g__Awaited|20_0(ResourceInvoker invoker, Task lastTask, State next, Scope scope, Object state, Boolean isCompleted)
   at System.Runtime.CompilerServices.RuntimeAsyncTaskContinuation.TaskContinuationResume.ResumeTaskContinuation(Continuation cont, Byte& result)
   at Microsoft.AspNetCore.Mvc.Infrastructure.ResourceInvoker.<InvokeAsync>g__Awaited|17_0(ResourceInvoker invoker, Task task, IDisposable scope)
   at Microsoft.AspNetCore.Mvc.Infrastructure.ResourceInvoker.<InvokeAsync>g__Awaited|17_0(ResourceInvoker invoker, Task task, IDisposable scope)
   at System.Runtime.CompilerServices.RuntimeAsyncTaskContinuation.TaskContinuationResume.ResumeTaskContinuation(Continuation cont, Byte& result)
   at Microsoft.AspNetCore.Authorization.AuthorizationMiddleware.Invoke(HttpContext context)
   at System.Runtime.CompilerServices.RuntimeAsyncTaskContinuation.TaskContinuationResume.ResumeTaskContinuation(Continuation cont, Byte& result)
   at Microsoft.AspNetCore.Authentication.AuthenticationMiddleware.Invoke(HttpContext context)
   at Swashbuckle.AspNetCore.SwaggerUI.SwaggerUIMiddleware.Invoke(HttpContext httpContext)
   at Swashbuckle.AspNetCore.Swagger.SwaggerMiddleware.Invoke(HttpContext httpContext, ISwaggerProvider swaggerProvider)
   at Serilog.AspNetCore.RequestLoggingMiddleware.Invoke(HttpContext httpContext)
   at FishLink.API.Middleware.ErrorHandlingMiddleware.InvokeAsync(HttpContext context) in C:\Users\Kaveesha\Desktop\fish\FishLink.API\Middleware\ErrorHandlingMiddleware.cs:line 26
2026-09-23 13:12:24.385 +05:30 [INF] Serilog.AspNetCore.RequestLoggingMiddleware HTTP OPTIONS /api/Catches responded 204 in 0.116 ms
2026-09-23 13:12:24.385 +05:30 [INF] Serilog.AspNetCore.RequestLoggingMiddleware HTTP OPTIONS /api/Catches responded 204 in 0.073 ms
2026-09-23 13:12:24.470 +05:30 [INF] FishLink.API.Services.CatchService GetCatches: 21 results, page 1/1
2026-09-23 13:12:24.474 +05:30 [INF] Serilog.AspNetCore.RequestLoggingMiddleware HTTP GET /api/Catches responded 200 in 87.174 ms
2026-09-23 13:12:24.481 +05:30 [INF] FishLink.API.Services.CatchService GetCatches: 21 results, page 1/1
2026-09-23 13:12:24.486 +05:30 [INF] Serilog.AspNetCore.RequestLoggingMiddleware HTTP GET /api/Catches responded 200 in 11.747 ms
2026-09-23 13:12:24.495 +05:30 [INF] Serilog.AspNetCore.RequestLoggingMiddleware HTTP OPTIONS /api/Bids/catch/20 responded 204 in 0.069 ms
2026-09-23 13:12:24.496 +05:30 [INF] Serilog.AspNetCore.RequestLoggingMiddleware HTTP OPTIONS /api/Bids/catch/17 responded 204 in 0.053 ms
2026-09-23 13:12:24.498 +05:30 [INF] Serilog.AspNetCore.RequestLoggingMiddleware HTTP OPTIONS /api/Bids/catch/16 responded 204 in 0.078 ms
2026-09-23 13:12:24.502 +05:30 [INF] Serilog.AspNetCore.RequestLoggingMiddleware HTTP OPTIONS /api/Bids/catch/15 responded 204 in 0.073 ms
2026-09-23 13:12:24.507 +05:30 [INF] Serilog.AspNetCore.RequestLoggingMiddleware HTTP GET /api/Bids/catch/20 responded 200 in 8.982 ms
2026-09-23 13:12:24.512 +05:30 [INF] Serilog.AspNetCore.RequestLoggingMiddleware HTTP GET /api/Bids/catch/20 responded 200 in 2.803 ms
2026-09-23 13:12:24.590 +05:30 [INF] Serilog.AspNetCore.RequestLoggingMiddleware HTTP GET /api/Bids/catch/17 responded 200 in 88.355 ms
2026-09-23 13:12:24.600 +05:30 [INF] Serilog.AspNetCore.RequestLoggingMiddleware HTTP GET /api/Bids/catch/20 responded 200 in 4.293 ms
2026-09-23 13:12:24.601 +05:30 [INF] Serilog.AspNetCore.RequestLoggingMiddleware HTTP GET /api/Bids/catch/17 responded 200 in 6.176 ms
2026-09-23 13:12:24.610 +05:30 [INF] Serilog.AspNetCore.RequestLoggingMiddleware HTTP GET /api/Bids/catch/20 responded 200 in 4.840 ms
2026-09-23 13:12:24.610 +05:30 [INF] Serilog.AspNetCore.RequestLoggingMiddleware HTTP GET /api/Bids/catch/17 responded 200 in 5.084 ms
2026-09-23 13:12:24.621 +05:30 [INF] Serilog.AspNetCore.RequestLoggingMiddleware HTTP GET /api/Bids/catch/17 responded 200 in 4.741 ms
2026-09-23 13:12:24.624 +05:30 [INF] Serilog.AspNetCore.RequestLoggingMiddleware HTTP GET /api/Bids/catch/15 responded 200 in 120.029 ms
2026-09-23 13:12:24.631 +05:30 [INF] Serilog.AspNetCore.RequestLoggingMiddleware HTTP GET /api/Bids/catch/15 responded 200 in 2.932 ms
2026-09-23 13:12:24.638 +05:30 [INF] Serilog.AspNetCore.RequestLoggingMiddleware HTTP GET /api/Bids/catch/15 responded 200 in 4.158 ms
2026-09-23 13:12:24.644 +05:30 [INF] Serilog.AspNetCore.RequestLoggingMiddleware HTTP GET /api/Bids/catch/15 responded 200 in 3.195 ms
2026-09-23 13:12:24.718 +05:30 [INF] Serilog.AspNetCore.RequestLoggingMiddleware HTTP GET /api/Bids/catch/16 responded 200 in 215.633 ms
2026-09-23 13:12:24.723 +05:30 [INF] Serilog.AspNetCore.RequestLoggingMiddleware HTTP GET /api/Bids/catch/16 responded 200 in 2.631 ms
2026-09-23 13:12:24.727 +05:30 [INF] Serilog.AspNetCore.RequestLoggingMiddleware HTTP GET /api/Bids/catch/16 responded 200 in 2.526 ms
2026-09-23 13:12:24.731 +05:30 [INF] Serilog.AspNetCore.RequestLoggingMiddleware HTTP GET /api/Bids/catch/16 responded 200 in 2.991 ms
2026-09-23 13:17:53.730 +05:30 [INF] Serilog.AspNetCore.RequestLoggingMiddleware HTTP OPTIONS /api/BuyerMatch/score-buyers/17 responded 204 in 0.588 ms
2026-09-23 13:17:54.018 +05:30 [INF] Serilog.AspNetCore.RequestLoggingMiddleware HTTP GET /api/BuyerMatch/score-buyers/17 responded 200 in 271.441 ms
2026-09-23 13:17:57.775 +05:30 [INF] Serilog.AspNetCore.RequestLoggingMiddleware HTTP OPTIONS /api/BuyerMatch/buyers responded 204 in 0.282 ms
2026-09-23 13:17:57.786 +05:30 [INF] Serilog.AspNetCore.RequestLoggingMiddleware HTTP OPTIONS /api/BuyerMatch/buyers responded 204 in 0.188 ms
2026-09-23 13:17:57.882 +05:30 [INF] Serilog.AspNetCore.RequestLoggingMiddleware HTTP GET /api/BuyerMatch/buyers responded 200 in 92.343 ms
2026-09-23 13:17:57.899 +05:30 [INF] Serilog.AspNetCore.RequestLoggingMiddleware HTTP OPTIONS /api/BuyerMatch/buyers/12 responded 204 in 0.145 ms
2026-09-23 13:17:57.904 +05:30 [INF] Serilog.AspNetCore.RequestLoggingMiddleware HTTP GET /api/BuyerMatch/buyers responded 200 in 14.780 ms
2026-09-23 13:17:58.042 +05:30 [INF] Serilog.AspNetCore.RequestLoggingMiddleware HTTP GET /api/BuyerMatch/buyers/12 responded 200 in 137.707 ms
2026-09-23 13:17:58.055 +05:30 [INF] Serilog.AspNetCore.RequestLoggingMiddleware HTTP GET /api/BuyerMatch/buyers/12 responded 200 in 11.186 ms
2026-09-23 13:26:33.896 +05:30 [INF] Serilog.AspNetCore.RequestLoggingMiddleware HTTP POST /api/Auth/login responded 200 in 349.884 ms
2026-09-23 13:26:33.942 +05:30 [INF] FishLink.API.Services.CatchService Catch 22 deleted by fisherman 47
2026-09-23 13:26:33.943 +05:30 [INF] Serilog.AspNetCore.RequestLoggingMiddleware HTTP DELETE /api/Catches/22 responded 204 in 44.232 ms
2026-09-23 13:38:23.421 +05:30 [INF] Serilog.AspNetCore.RequestLoggingMiddleware HTTP OPTIONS /api/Catches responded 204 in 0.274 ms
2026-09-23 13:38:23.424 +05:30 [INF] Serilog.AspNetCore.RequestLoggingMiddleware HTTP OPTIONS /api/Catches responded 204 in 0.053 ms
2026-09-23 13:38:23.547 +05:30 [INF] FishLink.API.Services.CatchService GetCatches: 20 results, page 1/1
2026-09-23 13:38:23.553 +05:30 [INF] Serilog.AspNetCore.RequestLoggingMiddleware HTTP GET /api/Catches responded 200 in 126.531 ms
2026-09-23 13:38:23.563 +05:30 [INF] FishLink.API.Services.CatchService GetCatches: 20 results, page 1/1
2026-09-23 13:38:23.565 +05:30 [INF] Serilog.AspNetCore.RequestLoggingMiddleware HTTP GET /api/Catches responded 200 in 10.513 ms
2026-09-23 13:38:23.581 +05:30 [INF] Serilog.AspNetCore.RequestLoggingMiddleware HTTP OPTIONS /api/Bids/catch/20 responded 204 in 0.058 ms
2026-09-23 13:38:23.582 +05:30 [INF] Serilog.AspNetCore.RequestLoggingMiddleware HTTP OPTIONS /api/Bids/catch/17 responded 204 in 0.065 ms
2026-09-23 13:38:23.584 +05:30 [INF] Serilog.AspNetCore.RequestLoggingMiddleware HTTP OPTIONS /api/Bids/catch/16 responded 204 in 0.034 ms
2026-09-23 13:38:23.588 +05:30 [INF] Serilog.AspNetCore.RequestLoggingMiddleware HTTP OPTIONS /api/Bids/catch/15 responded 204 in 0.033 ms
2026-09-23 13:38:23.595 +05:30 [INF] Serilog.AspNetCore.RequestLoggingMiddleware HTTP GET /api/Bids/catch/20 responded 200 in 10.201 ms
2026-09-23 13:38:23.603 +05:30 [INF] Serilog.AspNetCore.RequestLoggingMiddleware HTTP GET /api/Bids/catch/20 responded 200 in 2.751 ms
2026-09-23 13:38:23.671 +05:30 [INF] Serilog.AspNetCore.RequestLoggingMiddleware HTTP GET /api/Bids/catch/17 responded 200 in 84.020 ms
2026-09-23 13:38:23.676 +05:30 [INF] Serilog.AspNetCore.RequestLoggingMiddleware HTTP GET /api/Bids/catch/17 responded 200 in 2.839 ms
2026-09-23 13:38:23.677 +05:30 [INF] Serilog.AspNetCore.RequestLoggingMiddleware HTTP GET /api/Bids/catch/20 responded 200 in 2.486 ms
2026-09-23 13:38:23.681 +05:30 [INF] Serilog.AspNetCore.RequestLoggingMiddleware HTTP GET /api/Bids/catch/17 responded 200 in 2.198 ms
2026-09-23 13:38:23.683 +05:30 [INF] Serilog.AspNetCore.RequestLoggingMiddleware HTTP GET /api/Bids/catch/20 responded 200 in 2.369 ms
2026-09-23 13:38:23.685 +05:30 [INF] Serilog.AspNetCore.RequestLoggingMiddleware HTTP GET /api/Bids/catch/17 responded 200 in 2.012 ms
2026-09-23 13:38:23.686 +05:30 [INF] Serilog.AspNetCore.RequestLoggingMiddleware HTTP GET /api/Bids/catch/15 responded 200 in 94.785 ms
2026-09-23 13:38:23.690 +05:30 [INF] Serilog.AspNetCore.RequestLoggingMiddleware HTTP GET /api/Bids/catch/15 responded 200 in 2.044 ms
2026-09-23 13:38:23.693 +05:30 [INF] Serilog.AspNetCore.RequestLoggingMiddleware HTTP GET /api/Bids/catch/15 responded 200 in 2.109 ms
2026-09-23 13:38:23.693 +05:30 [INF] Serilog.AspNetCore.RequestLoggingMiddleware HTTP GET /api/Bids/catch/16 responded 200 in 103.200 ms
2026-09-23 13:38:23.697 +05:30 [INF] Serilog.AspNetCore.RequestLoggingMiddleware HTTP GET /api/Bids/catch/16 responded 200 in 1.831 ms
2026-09-23 13:38:23.697 +05:30 [INF] Serilog.AspNetCore.RequestLoggingMiddleware HTTP GET /api/Bids/catch/15 responded 200 in 1.847 ms
2026-09-23 13:38:23.701 +05:30 [INF] Serilog.AspNetCore.RequestLoggingMiddleware HTTP GET /api/Bids/catch/16 responded 200 in 1.575 ms
2026-09-23 13:38:23.705 +05:30 [INF] Serilog.AspNetCore.RequestLoggingMiddleware HTTP GET /api/Bids/catch/16 responded 200 in 1.722 ms
2026-09-23 13:39:13.075 +05:30 [INF] Serilog.AspNetCore.RequestLoggingMiddleware HTTP OPTIONS /api/Catches responded 204 in 0.181 ms
2026-09-23 13:39:13.095 +05:30 [INF] FishLink.API.Services.CatchService Catch 24 created by fisherman 44
2026-09-23 13:39:13.095 +05:30 [INF] Serilog.AspNetCore.RequestLoggingMiddleware HTTP POST /api/Catches responded 201 in 18.419 ms
2026-09-23 13:39:14.902 +05:30 [INF] Serilog.AspNetCore.RequestLoggingMiddleware HTTP OPTIONS /api/Catches responded 204 in 0.081 ms
2026-09-23 13:39:14.935 +05:30 [INF] FishLink.API.Services.CatchService GetCatches: 21 results, page 1/1
2026-09-23 13:39:14.941 +05:30 [INF] Serilog.AspNetCore.RequestLoggingMiddleware HTTP GET /api/Catches responded 200 in 36.259 ms
2026-09-23 13:39:14.977 +05:30 [INF] Serilog.AspNetCore.RequestLoggingMiddleware HTTP OPTIONS /api/Bids/catch/20 responded 204 in 0.255 ms
2026-09-23 13:39:14.978 +05:30 [INF] Serilog.AspNetCore.RequestLoggingMiddleware HTTP OPTIONS /api/Bids/catch/17 responded 204 in 0.084 ms
2026-09-23 13:39:14.980 +05:30 [INF] Serilog.AspNetCore.RequestLoggingMiddleware HTTP OPTIONS /api/Bids/catch/16 responded 204 in 0.116 ms
2026-09-23 13:39:14.985 +05:30 [INF] Serilog.AspNetCore.RequestLoggingMiddleware HTTP OPTIONS /api/Bids/catch/15 responded 204 in 0.056 ms
2026-09-23 13:39:14.990 +05:30 [INF] Serilog.AspNetCore.RequestLoggingMiddleware HTTP GET /api/Bids/catch/20 responded 200 in 4.903 ms
2026-09-23 13:39:14.990 +05:30 [INF] Serilog.AspNetCore.RequestLoggingMiddleware HTTP GET /api/Bids/catch/16 responded 200 in 3.576 ms
2026-09-23 13:39:14.991 +05:30 [INF] Serilog.AspNetCore.RequestLoggingMiddleware HTTP GET /api/Bids/catch/17 responded 200 in 5.009 ms
2026-09-23 13:39:14.994 +05:30 [INF] Serilog.AspNetCore.RequestLoggingMiddleware HTTP GET /api/Bids/catch/15 responded 200 in 4.762 ms
2026-09-23 13:39:15.076 +05:30 [INF] Serilog.AspNetCore.RequestLoggingMiddleware HTTP GET /api/Bids/catch/17 responded 200 in 2.262 ms
2026-09-23 13:39:15.076 +05:30 [INF] Serilog.AspNetCore.RequestLoggingMiddleware HTTP GET /api/Bids/catch/20 responded 200 in 2.656 ms
2026-09-23 13:39:15.079 +05:30 [INF] Serilog.AspNetCore.RequestLoggingMiddleware HTTP GET /api/Bids/catch/15 responded 200 in 2.552 ms
2026-09-23 13:39:15.079 +05:30 [INF] Serilog.AspNetCore.RequestLoggingMiddleware HTTP GET /api/Bids/catch/16 responded 200 in 2.819 ms
2026-09-23 13:39:15.086 +05:30 [INF] Serilog.AspNetCore.RequestLoggingMiddleware HTTP GET /api/Bids/catch/20 responded 200 in 5.276 ms
2026-09-23 13:39:15.087 +05:30 [INF] Serilog.AspNetCore.RequestLoggingMiddleware HTTP GET /api/Bids/catch/17 responded 200 in 6.489 ms
2026-09-23 13:39:15.087 +05:30 [INF] Serilog.AspNetCore.RequestLoggingMiddleware HTTP GET /api/Bids/catch/16 responded 200 in 2.822 ms
2026-09-23 13:39:15.088 +05:30 [INF] Serilog.AspNetCore.RequestLoggingMiddleware HTTP GET /api/Bids/catch/15 responded 200 in 3.112 ms
2026-09-23 13:39:34.697 +05:30 [INF] Serilog.AspNetCore.RequestLoggingMiddleware HTTP OPTIONS /api/Catches/24 responded 204 in 0.146 ms
2026-09-23 13:39:34.750 +05:30 [INF] FishLink.API.Services.CatchService Catch 24 updated by fisherman 44
2026-09-23 13:39:34.751 +05:30 [INF] Serilog.AspNetCore.RequestLoggingMiddleware HTTP PUT /api/Catches/24 responded 204 in 48.346 ms
2026-09-23 13:39:36.578 +05:30 [INF] Serilog.AspNetCore.RequestLoggingMiddleware HTTP OPTIONS /api/Catches responded 204 in 0.119 ms
2026-09-23 13:39:36.604 +05:30 [INF] FishLink.API.Services.CatchService GetCatches: 21 results, page 1/1
2026-09-23 13:39:36.613 +05:30 [INF] Serilog.AspNetCore.RequestLoggingMiddleware HTTP GET /api/Catches responded 200 in 28.958 ms
2026-09-23 13:39:36.657 +05:30 [INF] Serilog.AspNetCore.RequestLoggingMiddleware HTTP OPTIONS /api/Bids/catch/20 responded 204 in 0.099 ms
2026-09-23 13:39:36.660 +05:30 [INF] Serilog.AspNetCore.RequestLoggingMiddleware HTTP OPTIONS /api/Bids/catch/17 responded 204 in 0.120 ms
2026-09-23 13:39:36.661 +05:30 [INF] Serilog.AspNetCore.RequestLoggingMiddleware HTTP OPTIONS /api/Bids/catch/16 responded 204 in 0.097 ms
2026-09-23 13:39:36.667 +05:30 [INF] Serilog.AspNetCore.RequestLoggingMiddleware HTTP OPTIONS /api/Bids/catch/15 responded 204 in 0.071 ms
2026-09-23 13:39:36.672 +05:30 [INF] Serilog.AspNetCore.RequestLoggingMiddleware HTTP GET /api/Bids/catch/17 responded 200 in 5.651 ms
2026-09-23 13:39:36.672 +05:30 [INF] Serilog.AspNetCore.RequestLoggingMiddleware HTTP GET /api/Bids/catch/20 responded 200 in 6.457 ms
2026-09-23 13:39:36.673 +05:30 [INF] Serilog.AspNetCore.RequestLoggingMiddleware HTTP GET /api/Bids/catch/16 responded 200 in 5.396 ms
2026-09-23 13:39:36.680 +05:30 [INF] Serilog.AspNetCore.RequestLoggingMiddleware HTTP GET /api/Bids/catch/15 responded 200 in 6.027 ms
2026-09-23 13:39:36.751 +05:30 [INF] Serilog.AspNetCore.RequestLoggingMiddleware HTTP GET /api/Bids/catch/20 responded 200 in 2.427 ms
2026-09-23 13:39:36.751 +05:30 [INF] Serilog.AspNetCore.RequestLoggingMiddleware HTTP GET /api/Bids/catch/17 responded 200 in 2.548 ms
2026-09-23 13:39:36.752 +05:30 [INF] Serilog.AspNetCore.RequestLoggingMiddleware HTTP GET /api/Bids/catch/15 responded 200 in 2.191 ms
2026-09-23 13:39:36.753 +05:30 [INF] Serilog.AspNetCore.RequestLoggingMiddleware HTTP GET /api/Bids/catch/16 responded 200 in 2.497 ms
2026-09-23 13:39:36.756 +05:30 [INF] Serilog.AspNetCore.RequestLoggingMiddleware HTTP GET /api/Bids/catch/20 responded 200 in 2.240 ms
2026-09-23 13:39:36.758 +05:30 [INF] Serilog.AspNetCore.RequestLoggingMiddleware HTTP GET /api/Bids/catch/17 responded 200 in 2.395 ms
2026-09-23 13:39:36.758 +05:30 [INF] Serilog.AspNetCore.RequestLoggingMiddleware HTTP GET /api/Bids/catch/16 responded 200 in 2.138 ms
2026-09-23 13:39:36.759 +05:30 [INF] Serilog.AspNetCore.RequestLoggingMiddleware HTTP GET /api/Bids/catch/15 responded 200 in 1.758 ms
2026-09-23 13:39:42.838 +05:30 [INF] Serilog.AspNetCore.RequestLoggingMiddleware HTTP OPTIONS /api/Catches/24/publish responded 204 in 0.424 ms
2026-09-23 13:39:42.878 +05:30 [INF] FishLink.API.Services.CatchService Catch 24 published
2026-09-23 13:39:42.892 +05:30 [INF] Serilog.AspNetCore.RequestLoggingMiddleware HTTP PATCH /api/Catches/24/publish responded 200 in 47.169 ms
2026-09-23 13:39:42.903 +05:30 [INF] Serilog.AspNetCore.RequestLoggingMiddleware HTTP OPTIONS /api/Catches responded 204 in 0.108 ms
2026-09-23 13:39:42.925 +05:30 [INF] FishLink.API.Services.CatchService GetCatches: 21 results, page 1/1
2026-09-23 13:39:42.932 +05:30 [INF] Serilog.AspNetCore.RequestLoggingMiddleware HTTP GET /api/Catches responded 200 in 24.757 ms
2026-09-23 13:39:42.957 +05:30 [INF] Serilog.AspNetCore.RequestLoggingMiddleware HTTP OPTIONS /api/Bids/catch/20 responded 204 in 0.049 ms
2026-09-23 13:39:42.957 +05:30 [INF] Serilog.AspNetCore.RequestLoggingMiddleware HTTP OPTIONS /api/Bids/catch/17 responded 204 in 0.049 ms
2026-09-23 13:39:42.958 +05:30 [INF] Serilog.AspNetCore.RequestLoggingMiddleware HTTP OPTIONS /api/Bids/catch/16 responded 204 in 0.038 ms
2026-09-23 13:39:42.961 +05:30 [INF] Serilog.AspNetCore.RequestLoggingMiddleware HTTP OPTIONS /api/Bids/catch/15 responded 204 in 0.040 ms
2026-09-23 13:39:42.964 +05:30 [INF] Serilog.AspNetCore.RequestLoggingMiddleware HTTP GET /api/Bids/catch/20 responded 200 in 2.675 ms
2026-09-23 13:39:42.964 +05:30 [INF] Serilog.AspNetCore.RequestLoggingMiddleware HTTP GET /api/Bids/catch/17 responded 200 in 2.672 ms
2026-09-23 13:39:42.964 +05:30 [INF] Serilog.AspNetCore.RequestLoggingMiddleware HTTP GET /api/Bids/catch/16 responded 200 in 2.463 ms
2026-09-23 13:39:42.965 +05:30 [INF] Serilog.AspNetCore.RequestLoggingMiddleware HTTP GET /api/Bids/catch/15 responded 200 in 2.349 ms
2026-09-23 13:39:42.992 +05:30 [INF] Serilog.AspNetCore.RequestLoggingMiddleware HTTP OPTIONS /api/AgentGateway/workflow/start responded 204 in 0.067 ms
2026-09-23 13:39:43.030 +05:30 [INF] FishLink.API.Controllers.AgentGatewayController Starting AI workflow workflow-24-1790150982989 for catch 24
2026-09-23 13:39:43.108 +05:30 [INF] System.Net.Http.HttpClient.AiAgent.LogicalHandler Start processing HTTP request POST http://localhost:8000/api/workflow/start
2026-09-23 13:39:43.110 +05:30 [INF] System.Net.Http.HttpClient.AiAgent.ClientHandler Sending HTTP request POST http://localhost:8000/api/workflow/start
2026-09-23 13:39:45.418 +05:30 [INF] System.Net.Http.HttpClient.AiAgent.ClientHandler Received HTTP response headers after 2302.5807ms - 422
2026-09-23 13:39:45.420 +05:30 [INF] System.Net.Http.HttpClient.AiAgent.LogicalHandler End processing HTTP request after 2315.1148ms - 422
2026-09-23 13:39:45.425 +05:30 [WRN] FishLink.API.Controllers.AgentGatewayController AI agent returned "UnprocessableEntity" for workflow workflow-24-1790150982989
2026-09-23 13:39:45.433 +05:30 [INF] Serilog.AspNetCore.RequestLoggingMiddleware HTTP POST /api/AgentGateway/workflow/start responded 200 in 2436.634 ms
2026-09-23 13:39:51.448 +05:30 [INF] Serilog.AspNetCore.RequestLoggingMiddleware HTTP OPTIONS /api/Catches responded 204 in 0.048 ms
2026-09-23 13:39:51.455 +05:30 [INF] FishLink.API.Services.CatchService GetCatches: 21 results, page 1/1
2026-09-23 13:39:51.457 +05:30 [INF] Serilog.AspNetCore.RequestLoggingMiddleware HTTP GET /api/Catches responded 200 in 7.088 ms
2026-09-23 13:39:51.472 +05:30 [INF] Serilog.AspNetCore.RequestLoggingMiddleware HTTP OPTIONS /api/Bids/catch/20 responded 204 in 0.051 ms
2026-09-23 13:39:51.473 +05:30 [INF] Serilog.AspNetCore.RequestLoggingMiddleware HTTP OPTIONS /api/Bids/catch/17 responded 204 in 0.052 ms
2026-09-23 13:39:51.474 +05:30 [INF] Serilog.AspNetCore.RequestLoggingMiddleware HTTP OPTIONS /api/Bids/catch/16 responded 204 in 0.026 ms
2026-09-23 13:39:51.476 +05:30 [INF] Serilog.AspNetCore.RequestLoggingMiddleware HTTP OPTIONS /api/Bids/catch/15 responded 204 in 0.052 ms
2026-09-23 13:39:51.478 +05:30 [INF] Serilog.AspNetCore.RequestLoggingMiddleware HTTP GET /api/Bids/catch/20 responded 200 in 2.289 ms
2026-09-23 13:39:51.480 +05:30 [INF] Serilog.AspNetCore.RequestLoggingMiddleware HTTP GET /api/Bids/catch/17 responded 200 in 2.539 ms
2026-09-23 13:39:51.481 +05:30 [INF] Serilog.AspNetCore.RequestLoggingMiddleware HTTP GET /api/Bids/catch/16 responded 200 in 1.845 ms
2026-09-23 13:39:51.482 +05:30 [INF] Serilog.AspNetCore.RequestLoggingMiddleware HTTP GET /api/Bids/catch/15 responded 200 in 2.726 ms
2026-09-23 13:39:52.107 +05:30 [INF] Serilog.AspNetCore.RequestLoggingMiddleware HTTP OPTIONS /api/BuyerMatch/score-buyers/24 responded 204 in 0.196 ms
2026-09-23 13:39:52.159 +05:30 [INF] Serilog.AspNetCore.RequestLoggingMiddleware HTTP GET /api/BuyerMatch/score-buyers/24 responded 200 in 47.319 ms
2026-09-23 13:39:56.107 +05:30 [INF] Serilog.AspNetCore.RequestLoggingMiddleware HTTP OPTIONS /api/BuyerMatch/buyers responded 204 in 0.145 ms
2026-09-23 13:39:56.109 +05:30 [INF] Serilog.AspNetCore.RequestLoggingMiddleware HTTP OPTIONS /api/BuyerMatch/buyers responded 204 in 0.079 ms
2026-09-23 13:39:56.139 +05:30 [INF] Serilog.AspNetCore.RequestLoggingMiddleware HTTP GET /api/BuyerMatch/buyers responded 200 in 23.027 ms
2026-09-23 13:39:56.161 +05:30 [INF] Serilog.AspNetCore.RequestLoggingMiddleware HTTP OPTIONS /api/BuyerMatch/buyers/10 responded 204 in 0.111 ms
2026-09-23 13:39:56.165 +05:30 [INF] Serilog.AspNetCore.RequestLoggingMiddleware HTTP GET /api/BuyerMatch/buyers responded 200 in 19.792 ms
2026-09-23 13:39:56.187 +05:30 [INF] Serilog.AspNetCore.RequestLoggingMiddleware HTTP GET /api/BuyerMatch/buyers/10 responded 200 in 21.179 ms
2026-09-23 13:39:56.201 +05:30 [INF] Serilog.AspNetCore.RequestLoggingMiddleware HTTP GET /api/BuyerMatch/buyers/10 responded 200 in 10.001 ms
2026-09-23 13:40:17.351 +05:30 [INF] Serilog.AspNetCore.RequestLoggingMiddleware HTTP OPTIONS /api/Catches/23/publish responded 204 in 0.128 ms
2026-09-23 13:40:17.378 +05:30 [INF] FishLink.API.Services.CatchService Catch 23 published
2026-09-23 13:40:17.379 +05:30 [INF] Serilog.AspNetCore.RequestLoggingMiddleware HTTP PATCH /api/Catches/23/publish responded 200 in 21.659 ms
2026-09-23 13:40:17.389 +05:30 [INF] Serilog.AspNetCore.RequestLoggingMiddleware HTTP OPTIONS /api/Catches responded 204 in 0.152 ms
2026-09-23 13:40:17.409 +05:30 [INF] FishLink.API.Services.CatchService GetCatches: 21 results, page 1/1
2026-09-23 13:40:17.418 +05:30 [INF] Serilog.AspNetCore.RequestLoggingMiddleware HTTP GET /api/Catches responded 200 in 22.849 ms
2026-09-23 13:40:17.447 +05:30 [INF] Serilog.AspNetCore.RequestLoggingMiddleware HTTP OPTIONS /api/Bids/catch/20 responded 204 in 0.109 ms
2026-09-23 13:40:17.448 +05:30 [INF] Serilog.AspNetCore.RequestLoggingMiddleware HTTP OPTIONS /api/Bids/catch/17 responded 204 in 0.077 ms
2026-09-23 13:40:17.450 +05:30 [INF] Serilog.AspNetCore.RequestLoggingMiddleware HTTP OPTIONS /api/Bids/catch/16 responded 204 in 0.092 ms
2026-09-23 13:40:17.453 +05:30 [INF] Serilog.AspNetCore.RequestLoggingMiddleware HTTP OPTIONS /api/Bids/catch/15 responded 204 in 0.065 ms
2026-09-23 13:40:17.458 +05:30 [INF] Serilog.AspNetCore.RequestLoggingMiddleware HTTP GET /api/Bids/catch/20 responded 200 in 4.808 ms
2026-09-23 13:40:17.461 +05:30 [INF] Serilog.AspNetCore.RequestLoggingMiddleware HTTP GET /api/Bids/catch/16 responded 200 in 5.022 ms
2026-09-23 13:40:17.461 +05:30 [INF] Serilog.AspNetCore.RequestLoggingMiddleware HTTP GET /api/Bids/catch/17 responded 200 in 3.695 ms
2026-09-23 13:40:17.462 +05:30 [INF] Serilog.AspNetCore.RequestLoggingMiddleware HTTP GET /api/Bids/catch/15 responded 200 in 3.863 ms
2026-09-23 13:40:17.497 +05:30 [INF] Serilog.AspNetCore.RequestLoggingMiddleware HTTP OPTIONS /api/AgentGateway/workflow/start responded 204 in 0.053 ms
2026-09-23 13:40:17.499 +05:30 [INF] FishLink.API.Controllers.AgentGatewayController Starting AI workflow workflow-23-1790151017495 for catch 23
2026-09-23 13:40:17.503 +05:30 [INF] System.Net.Http.HttpClient.AiAgent.LogicalHandler Start processing HTTP request POST http://localhost:8000/api/workflow/start
2026-09-23 13:40:17.503 +05:30 [INF] System.Net.Http.HttpClient.AiAgent.ClientHandler Sending HTTP request POST http://localhost:8000/api/workflow/start
2026-09-23 13:40:19.541 +05:30 [INF] Serilog.AspNetCore.RequestLoggingMiddleware HTTP OPTIONS /api/BuyerMatch/score-buyers/23 responded 204 in 0.251 ms
2026-09-23 13:40:19.563 +05:30 [INF] System.Net.Http.HttpClient.AiAgent.ClientHandler Received HTTP response headers after 2059.2826ms - 422
2026-09-23 13:40:19.563 +05:30 [INF] System.Net.Http.HttpClient.AiAgent.LogicalHandler End processing HTTP request after 2059.7921ms - 422
2026-09-23 13:40:19.563 +05:30 [WRN] FishLink.API.Controllers.AgentGatewayController AI agent returned "UnprocessableEntity" for workflow workflow-23-1790151017495
2026-09-23 13:40:19.563 +05:30 [INF] Serilog.AspNetCore.RequestLoggingMiddleware HTTP POST /api/AgentGateway/workflow/start responded 200 in 2064.935 ms
2026-09-23 13:40:19.563 +05:30 [INF] Serilog.AspNetCore.RequestLoggingMiddleware HTTP GET /api/BuyerMatch/score-buyers/23 responded 200 in 17.184 ms
2026-09-23 13:40:25.580 +05:30 [INF] Serilog.AspNetCore.RequestLoggingMiddleware HTTP OPTIONS /api/Catches responded 204 in 0.051 ms
2026-09-23 13:40:25.589 +05:30 [INF] FishLink.API.Services.CatchService GetCatches: 21 results, page 1/1
2026-09-23 13:40:25.593 +05:30 [INF] Serilog.AspNetCore.RequestLoggingMiddleware HTTP GET /api/Catches responded 200 in 10.317 ms
2026-09-23 13:40:25.614 +05:30 [INF] Serilog.AspNetCore.RequestLoggingMiddleware HTTP OPTIONS /api/Bids/catch/20 responded 204 in 0.037 ms
2026-09-23 13:40:25.615 +05:30 [INF] Serilog.AspNetCore.RequestLoggingMiddleware HTTP OPTIONS /api/Bids/catch/17 responded 204 in 0.079 ms
2026-09-23 13:40:25.618 +05:30 [INF] Serilog.AspNetCore.RequestLoggingMiddleware HTTP OPTIONS /api/Bids/catch/16 responded 204 in 0.084 ms
2026-09-23 13:40:25.625 +05:30 [INF] Serilog.AspNetCore.RequestLoggingMiddleware HTTP OPTIONS /api/Bids/catch/15 responded 204 in 0.225 ms
2026-09-23 13:40:25.628 +05:30 [INF] Serilog.AspNetCore.RequestLoggingMiddleware HTTP GET /api/Bids/catch/17 responded 200 in 4.806 ms
2026-09-23 13:40:25.628 +05:30 [INF] Serilog.AspNetCore.RequestLoggingMiddleware HTTP GET /api/Bids/catch/16 responded 200 in 4.720 ms
2026-09-23 13:40:25.629 +05:30 [INF] Serilog.AspNetCore.RequestLoggingMiddleware HTTP GET /api/Bids/catch/20 responded 200 in 6.308 ms
2026-09-23 13:40:25.633 +05:30 [INF] Serilog.AspNetCore.RequestLoggingMiddleware HTTP GET /api/Bids/catch/15 responded 200 in 4.545 ms
2026-09-23 13:47:14.123 +05:30 [INF]  FishLink API starting on Development
2026-09-23 13:47:14.251 +05:30 [INF] Microsoft.Hosting.Lifetime Now listening on: http://localhost:5157
2026-09-23 13:47:14.253 +05:30 [INF] Microsoft.Hosting.Lifetime Application started. Press Ctrl+C to shut down.
2026-09-23 13:47:14.253 +05:30 [INF] Microsoft.Hosting.Lifetime Hosting environment: Development
2026-09-23 13:47:14.253 +05:30 [INF] Microsoft.Hosting.Lifetime Content root path: C:\Users\Kaveesha\Desktop\fish\FishLink.API
2026-09-23 13:47:23.853 +05:30 [INF] Serilog.AspNetCore.RequestLoggingMiddleware HTTP GET /health responded 200 in 320.324 ms
2026-09-23 13:50:34.891 +05:30 [INF] Serilog.AspNetCore.RequestLoggingMiddleware HTTP OPTIONS /api/Users/me responded 204 in 5.216 ms
2026-09-23 13:50:34.891 +05:30 [INF] Serilog.AspNetCore.RequestLoggingMiddleware HTTP OPTIONS /api/Catches responded 204 in 5.218 ms
2026-09-23 13:50:34.891 +05:30 [INF] Serilog.AspNetCore.RequestLoggingMiddleware HTTP OPTIONS /api/Users/me responded 204 in 5.213 ms
2026-09-23 13:50:34.891 +05:30 [INF] Serilog.AspNetCore.RequestLoggingMiddleware HTTP OPTIONS /api/Catches responded 204 in 5.207 ms
2026-09-23 13:50:36.507 +05:30 [INF] Serilog.AspNetCore.RequestLoggingMiddleware HTTP GET /api/Users/me responded 200 in 1605.843 ms
2026-09-23 13:50:36.579 +05:30 [INF] FishLink.API.Services.CatchService GetCatches: 21 results, page 1/1
2026-09-23 13:50:36.614 +05:30 [INF] Serilog.AspNetCore.RequestLoggingMiddleware HTTP GET /api/Catches responded 200 in 1713.072 ms
2026-09-23 13:50:36.614 +05:30 [INF] Serilog.AspNetCore.RequestLoggingMiddleware HTTP GET /api/Users/me responded 200 in 97.396 ms
2026-09-23 13:50:36.620 +05:30 [INF] FishLink.API.Services.CatchService GetCatches: 21 results, page 1/1
2026-09-23 13:50:36.648 +05:30 [INF] Serilog.AspNetCore.RequestLoggingMiddleware HTTP OPTIONS /api/Bids/catch/16 responded 204 in 0.099 ms
2026-09-23 13:50:36.648 +05:30 [INF] Serilog.AspNetCore.RequestLoggingMiddleware HTTP GET /api/Catches responded 200 in 41.064 ms
2026-09-23 13:50:36.648 +05:30 [INF] Serilog.AspNetCore.RequestLoggingMiddleware HTTP OPTIONS /api/Bids/catch/17 responded 204 in 0.193 ms
2026-09-23 13:50:36.648 +05:30 [INF] Serilog.AspNetCore.RequestLoggingMiddleware HTTP OPTIONS /api/Bids/catch/15 responded 204 in 0.074 ms
2026-09-23 13:50:36.648 +05:30 [INF] Serilog.AspNetCore.RequestLoggingMiddleware HTTP OPTIONS /api/Bids/catch/20 responded 204 in 0.099 ms
2026-09-23 13:50:36.738 +05:30 [INF] Serilog.AspNetCore.RequestLoggingMiddleware HTTP GET /api/Bids/catch/20 responded 200 in 82.597 ms
2026-09-23 13:50:36.738 +05:30 [INF] Serilog.AspNetCore.RequestLoggingMiddleware HTTP GET /api/Bids/catch/16 responded 200 in 82.701 ms
2026-09-23 13:50:36.748 +05:30 [INF] Serilog.AspNetCore.RequestLoggingMiddleware HTTP GET /api/Bids/catch/20 responded 200 in 6.592 ms
2026-09-23 13:50:36.749 +05:30 [INF] Serilog.AspNetCore.RequestLoggingMiddleware HTTP GET /api/Bids/catch/16 responded 200 in 6.644 ms
2026-09-23 13:50:36.756 +05:30 [INF] Serilog.AspNetCore.RequestLoggingMiddleware HTTP GET /api/Bids/catch/20 responded 200 in 4.596 ms
2026-09-23 13:50:36.757 +05:30 [INF] Serilog.AspNetCore.RequestLoggingMiddleware HTTP GET /api/Bids/catch/16 responded 200 in 4.968 ms
2026-09-23 13:50:36.763 +05:30 [INF] Serilog.AspNetCore.RequestLoggingMiddleware HTTP GET /api/Bids/catch/20 responded 200 in 4.733 ms
2026-09-23 13:50:36.765 +05:30 [INF] Serilog.AspNetCore.RequestLoggingMiddleware HTTP GET /api/Bids/catch/16 responded 200 in 4.701 ms
2026-09-23 13:50:36.769 +05:30 [INF] Serilog.AspNetCore.RequestLoggingMiddleware HTTP GET /api/Bids/catch/15 responded 200 in 113.452 ms
2026-09-23 13:50:36.773 +05:30 [INF] Serilog.AspNetCore.RequestLoggingMiddleware HTTP GET /api/Bids/catch/15 responded 200 in 2.720 ms
2026-09-23 13:50:36.779 +05:30 [INF] Serilog.AspNetCore.RequestLoggingMiddleware HTTP GET /api/Bids/catch/15 responded 200 in 3.385 ms
2026-09-23 13:50:36.784 +05:30 [INF] Serilog.AspNetCore.RequestLoggingMiddleware HTTP GET /api/Bids/catch/15 responded 200 in 3.224 ms
2026-09-23 13:50:36.875 +05:30 [INF] Serilog.AspNetCore.RequestLoggingMiddleware HTTP GET /api/Bids/catch/17 responded 200 in 219.096 ms
2026-09-23 13:50:36.881 +05:30 [INF] Serilog.AspNetCore.RequestLoggingMiddleware HTTP GET /api/Bids/catch/17 responded 200 in 3.774 ms
2026-09-23 13:50:36.888 +05:30 [INF] Serilog.AspNetCore.RequestLoggingMiddleware HTTP GET /api/Bids/catch/17 responded 200 in 4.750 ms
2026-09-23 13:50:36.894 +05:30 [INF] Serilog.AspNetCore.RequestLoggingMiddleware HTTP GET /api/Bids/catch/17 responded 200 in 3.692 ms
2026-09-23 13:51:08.187 +05:30 [INF] Serilog.AspNetCore.RequestLoggingMiddleware HTTP POST /api/Auth/login responded 200 in 435.530 ms
2026-09-23 13:51:08.194 +05:30 [INF] Serilog.AspNetCore.RequestLoggingMiddleware HTTP GET /api/Users/me responded 200 in 3.663 ms
2026-09-23 13:51:22.150 +05:30 [INF] Serilog.AspNetCore.RequestLoggingMiddleware HTTP POST /api/Auth/login responded 200 in 312.803 ms
2026-09-23 13:51:22.280 +05:30 [INF] FishLink.API.Services.UserService Profile updated for User 47
2026-09-23 13:51:22.283 +05:30 [INF] Serilog.AspNetCore.RequestLoggingMiddleware HTTP PUT /api/Users/profile responded 200 in 130.759 ms
2026-09-23 13:51:32.461 +05:30 [INF] Serilog.AspNetCore.RequestLoggingMiddleware HTTP POST /api/Auth/login responded 401 in 6.184 ms
2026-09-23 13:51:50.517 +05:30 [INF] Serilog.AspNetCore.RequestLoggingMiddleware HTTP OPTIONS /api/Users/me responded 204 in 0.179 ms
2026-09-23 13:51:50.517 +05:30 [INF] Serilog.AspNetCore.RequestLoggingMiddleware HTTP OPTIONS /api/Users/me responded 204 in 0.068 ms
2026-09-23 13:51:50.524 +05:30 [INF] Serilog.AspNetCore.RequestLoggingMiddleware HTTP GET /api/Users/me responded 200 in 4.712 ms
2026-09-23 13:51:50.534 +05:30 [INF] Serilog.AspNetCore.RequestLoggingMiddleware HTTP GET /api/Users/me responded 200 in 6.975 ms
2026-09-23 13:52:08.818 +05:30 [INF] Serilog.AspNetCore.RequestLoggingMiddleware HTTP OPTIONS /api/Users/me responded 204 in 0.075 ms
2026-09-23 13:52:08.818 +05:30 [INF] Serilog.AspNetCore.RequestLoggingMiddleware HTTP OPTIONS /api/Users/me responded 204 in 0.048 ms
2026-09-23 13:52:08.824 +05:30 [INF] Serilog.AspNetCore.RequestLoggingMiddleware HTTP GET /api/Users/me responded 200 in 3.603 ms
2026-09-23 13:52:08.828 +05:30 [INF] Serilog.AspNetCore.RequestLoggingMiddleware HTTP GET /api/Users/me responded 200 in 2.754 ms
2026-09-23 13:55:17.107 +05:30 [INF]  FishLink API starting on Development
2026-09-23 13:55:17.189 +05:30 [INF] Microsoft.Hosting.Lifetime Now listening on: http://localhost:5157
2026-09-23 13:55:17.190 +05:30 [INF] Microsoft.Hosting.Lifetime Application started. Press Ctrl+C to shut down.
2026-09-23 13:55:17.191 +05:30 [INF] Microsoft.Hosting.Lifetime Hosting environment: Development
2026-09-23 13:55:17.191 +05:30 [INF] Microsoft.Hosting.Lifetime Content root path: C:\Users\Kaveesha\Desktop\fish\FishLink.API
2026-09-23 13:55:30.418 +05:30 [INF] Serilog.AspNetCore.RequestLoggingMiddleware HTTP GET /health responded 200 in 167.331 ms
2026-09-23 13:57:03.467 +05:30 [INF] Serilog.AspNetCore.RequestLoggingMiddleware HTTP POST /api/Auth/register responded 200 in 1022.514 ms
2026-09-23 13:57:03.588 +05:30 [INF] FishLink.API.Services.UserService User 48 and associated records deleted
2026-09-23 13:57:03.589 +05:30 [INF] Serilog.AspNetCore.RequestLoggingMiddleware HTTP DELETE /api/Users/me responded 200 in 119.755 ms
2026-09-23 13:57:13.156 +05:30 [INF] Serilog.AspNetCore.RequestLoggingMiddleware HTTP POST /api/Auth/login responded 401 in 61.170 ms
2026-09-23 13:57:30.835 +05:30 [INF] Serilog.AspNetCore.RequestLoggingMiddleware HTTP OPTIONS /api/Catches responded 204 in 1.200 ms
2026-09-23 13:57:30.835 +05:30 [INF] Serilog.AspNetCore.RequestLoggingMiddleware HTTP OPTIONS /api/Users/me responded 204 in 1.016 ms
2026-09-23 13:57:30.835 +05:30 [INF] Serilog.AspNetCore.RequestLoggingMiddleware HTTP OPTIONS /api/Catches responded 204 in 1.416 ms
2026-09-23 13:57:30.835 +05:30 [INF] Serilog.AspNetCore.RequestLoggingMiddleware HTTP OPTIONS /api/Users/me responded 204 in 0.752 ms
2026-09-23 13:57:30.859 +05:30 [INF] Serilog.AspNetCore.RequestLoggingMiddleware HTTP GET /api/Users/me responded 200 in 20.620 ms
2026-09-23 13:57:30.866 +05:30 [INF] Serilog.AspNetCore.RequestLoggingMiddleware HTTP GET /api/Users/me responded 200 in 5.631 ms
2026-09-23 13:57:30.983 +05:30 [INF] FishLink.API.Services.CatchService GetCatches: 21 results, page 1/1
2026-09-23 13:57:31.017 +05:30 [INF] Serilog.AspNetCore.RequestLoggingMiddleware HTTP GET /api/Catches responded 200 in 178.711 ms
2026-09-23 13:57:31.018 +05:30 [INF] FishLink.API.Services.CatchService GetCatches: 21 results, page 1/1
2026-09-23 13:57:31.021 +05:30 [INF] Serilog.AspNetCore.RequestLoggingMiddleware HTTP GET /api/Catches responded 200 in 8.478 ms
2026-09-23 13:57:31.026 +05:30 [INF] Serilog.AspNetCore.RequestLoggingMiddleware HTTP OPTIONS /api/Bids/catch/17 responded 204 in 0.060 ms
2026-09-23 13:57:31.026 +05:30 [INF] Serilog.AspNetCore.RequestLoggingMiddleware HTTP OPTIONS /api/Bids/catch/20 responded 204 in 0.131 ms
2026-09-23 13:57:31.027 +05:30 [INF] Serilog.AspNetCore.RequestLoggingMiddleware HTTP OPTIONS /api/Bids/catch/15 responded 204 in 0.058 ms
2026-09-23 13:57:31.027 +05:30 [INF] Serilog.AspNetCore.RequestLoggingMiddleware HTTP OPTIONS /api/Bids/catch/16 responded 204 in 0.061 ms
2026-09-23 13:57:31.060 +05:30 [INF] Serilog.AspNetCore.RequestLoggingMiddleware HTTP GET /api/Bids/catch/17 responded 200 in 33.131 ms
2026-09-23 13:57:31.064 +05:30 [INF] Serilog.AspNetCore.RequestLoggingMiddleware HTTP GET /api/Bids/catch/17 responded 200 in 2.629 ms
2026-09-23 13:57:31.083 +05:30 [INF] Serilog.AspNetCore.RequestLoggingMiddleware HTTP GET /api/Bids/catch/17 responded 200 in 4.116 ms
2026-09-23 13:57:31.087 +05:30 [INF] Serilog.AspNetCore.RequestLoggingMiddleware HTTP GET /api/Bids/catch/17 responded 200 in 3.313 ms
2026-09-23 13:57:31.089 +05:30 [INF] Serilog.AspNetCore.RequestLoggingMiddleware HTTP GET /api/Bids/catch/20 responded 200 in 62.065 ms
2026-09-23 13:57:31.094 +05:30 [INF] Serilog.AspNetCore.RequestLoggingMiddleware HTTP GET /api/Bids/catch/20 responded 200 in 2.985 ms
2026-09-23 13:57:31.097 +05:30 [INF] Serilog.AspNetCore.RequestLoggingMiddleware HTTP GET /api/Bids/catch/20 responded 200 in 2.485 ms
2026-09-23 13:57:31.100 +05:30 [INF] Serilog.AspNetCore.RequestLoggingMiddleware HTTP GET /api/Bids/catch/16 responded 200 in 71.635 ms
2026-09-23 13:57:31.101 +05:30 [INF] Serilog.AspNetCore.RequestLoggingMiddleware HTTP GET /api/Bids/catch/15 responded 200 in 72.338 ms
2026-09-23 13:57:31.101 +05:30 [INF] Serilog.AspNetCore.RequestLoggingMiddleware HTTP GET /api/Bids/catch/20 responded 200 in 2.485 ms
2026-09-23 13:57:31.105 +05:30 [INF] Serilog.AspNetCore.RequestLoggingMiddleware HTTP GET /api/Bids/catch/16 responded 200 in 3.110 ms
2026-09-23 13:57:31.105 +05:30 [INF] Serilog.AspNetCore.RequestLoggingMiddleware HTTP GET /api/Bids/catch/15 responded 200 in 2.372 ms
2026-09-23 13:57:31.109 +05:30 [INF] Serilog.AspNetCore.RequestLoggingMiddleware HTTP GET /api/Bids/catch/16 responded 200 in 2.585 ms
2026-09-23 13:57:31.109 +05:30 [INF] Serilog.AspNetCore.RequestLoggingMiddleware HTTP GET /api/Bids/catch/15 responded 200 in 2.330 ms
2026-09-23 13:57:31.113 +05:30 [INF] Serilog.AspNetCore.RequestLoggingMiddleware HTTP GET /api/Bids/catch/15 responded 200 in 2.642 ms
2026-09-23 13:57:31.113 +05:30 [INF] Serilog.AspNetCore.RequestLoggingMiddleware HTTP GET /api/Bids/catch/16 responded 200 in 2.659 ms
2026-09-23 13:57:33.765 +05:30 [INF] Serilog.AspNetCore.RequestLoggingMiddleware HTTP GET /api/Users/me responded 200 in 9.617 ms
2026-09-23 13:57:33.771 +05:30 [INF] Serilog.AspNetCore.RequestLoggingMiddleware HTTP GET /api/Users/me responded 200 in 3.396 ms
2026-09-23 13:59:59.693 +05:30 [INF] Serilog.AspNetCore.RequestLoggingMiddleware HTTP OPTIONS /api/AgentGateway/prices/Mackerel/predict responded 204 in 0.263 ms
2026-09-23 13:59:59.693 +05:30 [INF] Serilog.AspNetCore.RequestLoggingMiddleware HTTP OPTIONS /api/AgentGateway/prices/Skipjack/predict responded 204 in 0.350 ms
2026-09-23 13:59:59.694 +05:30 [INF] Serilog.AspNetCore.RequestLoggingMiddleware HTTP OPTIONS /api/Catches/market-stats responded 204 in 0.194 ms
2026-09-23 13:59:59.696 +05:30 [INF] Serilog.AspNetCore.RequestLoggingMiddleware HTTP OPTIONS /api/AgentGateway/prices/Trevally (Paraw)/predict responded 204 in 0.109 ms
2026-09-23 13:59:59.696 +05:30 [INF] Serilog.AspNetCore.RequestLoggingMiddleware HTTP OPTIONS /api/AgentGateway/prices/Tuna (Yellowfin)/predict responded 204 in 0.112 ms
2026-09-23 13:59:59.697 +05:30 [INF] Serilog.AspNetCore.RequestLoggingMiddleware HTTP OPTIONS /api/AgentGateway/prices/Tuna (Yellowfin)/predict responded 204 in 0.080 ms
2026-09-23 13:59:59.697 +05:30 [INF] Serilog.AspNetCore.RequestLoggingMiddleware HTTP OPTIONS /api/AgentGateway/prices/Trevally (Paraw)/predict responded 204 in 0.067 ms
2026-09-23 13:59:59.697 +05:30 [INF] Serilog.AspNetCore.RequestLoggingMiddleware HTTP OPTIONS /api/AgentGateway/prices/Skipjack/predict responded 204 in 0.151 ms
2026-09-23 13:59:59.699 +05:30 [INF] Serilog.AspNetCore.RequestLoggingMiddleware HTTP OPTIONS /api/AgentGateway/prices/Mackerel/predict responded 204 in 0.048 ms
2026-09-23 13:59:59.717 +05:30 [INF] System.Net.Http.HttpClient.Default.LogicalHandler Start processing HTTP request GET http://localhost:8001/api/prices/Skipjack/predict
2026-09-23 13:59:59.717 +05:30 [INF] System.Net.Http.HttpClient.Default.LogicalHandler Start processing HTTP request GET http://localhost:8001/api/prices/Tuna%20%28Yellowfin%29/predict
2026-09-23 13:59:59.717 +05:30 [INF] System.Net.Http.HttpClient.Default.LogicalHandler Start processing HTTP request GET http://localhost:8001/api/prices/Trevally%20%28Paraw%29/predict
2026-09-23 13:59:59.717 +05:30 [INF] System.Net.Http.HttpClient.Default.LogicalHandler Start processing HTTP request GET http://localhost:8001/api/prices/Mackerel/predict
2026-09-23 13:59:59.718 +05:30 [INF] System.Net.Http.HttpClient.Default.ClientHandler Sending HTTP request GET http://localhost:8001/api/prices/Trevally%20%28Paraw%29/predict
2026-09-23 13:59:59.719 +05:30 [INF] System.Net.Http.HttpClient.Default.ClientHandler Sending HTTP request GET http://localhost:8001/api/prices/Skipjack/predict
2026-09-23 13:59:59.718 +05:30 [INF] System.Net.Http.HttpClient.Default.ClientHandler Sending HTTP request GET http://localhost:8001/api/prices/Tuna%20%28Yellowfin%29/predict
2026-09-23 13:59:59.719 +05:30 [INF] System.Net.Http.HttpClient.Default.ClientHandler Sending HTTP request GET http://localhost:8001/api/prices/Mackerel/predict
2026-09-23 13:59:59.766 +05:30 [INF] Serilog.AspNetCore.RequestLoggingMiddleware HTTP GET /api/Catches/market-stats responded 200 in 64.453 ms
2026-09-23 13:59:59.777 +05:30 [INF] Serilog.AspNetCore.RequestLoggingMiddleware HTTP GET /api/Catches/market-stats responded 200 in 9.871 ms
2026-09-23 14:00:01.868 +05:30 [INF] System.Net.Http.HttpClient.Default.ClientHandler Received HTTP response headers after 2147.1608ms - 200
2026-09-23 14:00:01.868 +05:30 [INF] System.Net.Http.HttpClient.Default.ClientHandler Received HTTP response headers after 2147.0257ms - 200
2026-09-23 14:00:01.868 +05:30 [INF] System.Net.Http.HttpClient.Default.ClientHandler Received HTTP response headers after 2148.4843ms - 200
2026-09-23 14:00:01.868 +05:30 [INF] System.Net.Http.HttpClient.Default.ClientHandler Received HTTP response headers after 2146.8626ms - 200
2026-09-23 14:00:01.869 +05:30 [INF] System.Net.Http.HttpClient.Default.LogicalHandler End processing HTTP request after 2156.3239ms - 200
2026-09-23 14:00:01.869 +05:30 [INF] System.Net.Http.HttpClient.Default.LogicalHandler End processing HTTP request after 2156.3689ms - 200
2026-09-23 14:00:01.869 +05:30 [INF] System.Net.Http.HttpClient.Default.LogicalHandler End processing HTTP request after 2156.3003ms - 200
2026-09-23 14:00:01.870 +05:30 [INF] System.Net.Http.HttpClient.Default.LogicalHandler End processing HTTP request after 2156.3981ms - 200
2026-09-23 14:00:01.878 +05:30 [INF] Serilog.AspNetCore.RequestLoggingMiddleware HTTP GET /api/AgentGateway/prices/Tuna (Yellowfin)/predict responded 200 in 2177.782 ms
2026-09-23 14:00:01.878 +05:30 [INF] Serilog.AspNetCore.RequestLoggingMiddleware HTTP GET /api/AgentGateway/prices/Trevally (Paraw)/predict responded 200 in 2177.865 ms
2026-09-23 14:00:01.878 +05:30 [INF] Serilog.AspNetCore.RequestLoggingMiddleware HTTP GET /api/AgentGateway/prices/Mackerel/predict responded 200 in 2178.164 ms
2026-09-23 14:00:01.878 +05:30 [INF] Serilog.AspNetCore.RequestLoggingMiddleware HTTP GET /api/AgentGateway/prices/Skipjack/predict responded 200 in 2178.098 ms
2026-09-23 14:00:01.879 +05:30 [INF] System.Net.Http.HttpClient.Default.LogicalHandler Start processing HTTP request GET http://localhost:8001/api/prices/Skipjack/predict
2026-09-23 14:00:01.879 +05:30 [INF] System.Net.Http.HttpClient.Default.LogicalHandler Start processing HTTP request GET http://localhost:8001/api/prices/Tuna%20%28Yellowfin%29/predict
2026-09-23 14:00:01.879 +05:30 [INF] System.Net.Http.HttpClient.Default.LogicalHandler Start processing HTTP request GET http://localhost:8001/api/prices/Trevally%20%28Paraw%29/predict
2026-09-23 14:00:01.880 +05:30 [INF] System.Net.Http.HttpClient.Default.ClientHandler Sending HTTP request GET http://localhost:8001/api/prices/Skipjack/predict
2026-09-23 14:00:01.879 +05:30 [INF] System.Net.Http.HttpClient.Default.LogicalHandler Start processing HTTP request GET http://localhost:8001/api/prices/Mackerel/predict
2026-09-23 14:00:01.880 +05:30 [INF] System.Net.Http.HttpClient.Default.ClientHandler Sending HTTP request GET http://localhost:8001/api/prices/Trevally%20%28Paraw%29/predict
2026-09-23 14:00:01.880 +05:30 [INF] System.Net.Http.HttpClient.Default.ClientHandler Sending HTTP request GET http://localhost:8001/api/prices/Mackerel/predict
2026-09-23 14:00:01.880 +05:30 [INF] System.Net.Http.HttpClient.Default.ClientHandler Sending HTTP request GET http://localhost:8001/api/prices/Tuna%20%28Yellowfin%29/predict
2026-09-23 14:00:01.889 +05:30 [INF] System.Net.Http.HttpClient.Default.ClientHandler Received HTTP response headers after 8.8415ms - 200
2026-09-23 14:00:01.889 +05:30 [INF] System.Net.Http.HttpClient.Default.LogicalHandler End processing HTTP request after 9.5536ms - 200
2026-09-23 14:00:01.889 +05:30 [INF] System.Net.Http.HttpClient.Default.ClientHandler Received HTTP response headers after 9.6702ms - 200
2026-09-23 14:00:01.889 +05:30 [INF] System.Net.Http.HttpClient.Default.LogicalHandler End processing HTTP request after 9.9957ms - 200
2026-09-23 14:00:01.890 +05:30 [INF] System.Net.Http.HttpClient.Default.ClientHandler Received HTTP response headers after 10.2622ms - 200
2026-09-23 14:00:01.890 +05:30 [INF] System.Net.Http.HttpClient.Default.LogicalHandler End processing HTTP request after 10.8437ms - 200
2026-09-23 14:00:01.891 +05:30 [INF] System.Net.Http.HttpClient.Default.ClientHandler Received HTTP response headers after 11.2103ms - 200
2026-09-23 14:00:01.891 +05:30 [INF] System.Net.Http.HttpClient.Default.LogicalHandler End processing HTTP request after 11.5893ms - 200
2026-09-23 14:00:01.892 +05:30 [INF] Serilog.AspNetCore.RequestLoggingMiddleware HTTP GET /api/AgentGateway/prices/Skipjack/predict responded 200 in 13.106 ms
2026-09-23 14:00:01.892 +05:30 [INF] Serilog.AspNetCore.RequestLoggingMiddleware HTTP GET /api/AgentGateway/prices/Tuna (Yellowfin)/predict responded 200 in 13.079 ms
2026-09-23 14:00:01.892 +05:30 [INF] Serilog.AspNetCore.RequestLoggingMiddleware HTTP GET /api/AgentGateway/prices/Mackerel/predict responded 200 in 13.088 ms
2026-09-23 14:00:01.892 +05:30 [INF] Serilog.AspNetCore.RequestLoggingMiddleware HTTP GET /api/AgentGateway/prices/Trevally (Paraw)/predict responded 200 in 12.928 ms
2026-09-23 14:00:06.338 +05:30 [INF] Serilog.AspNetCore.RequestLoggingMiddleware HTTP OPTIONS /api/Catches responded 204 in 0.224 ms
2026-09-23 14:00:06.338 +05:30 [INF] Serilog.AspNetCore.RequestLoggingMiddleware HTTP OPTIONS /api/Catches responded 204 in 0.060 ms
2026-09-23 14:00:06.364 +05:30 [INF] FishLink.API.Services.CatchService GetCatches: 21 results, page 1/1
2026-09-23 14:00:06.388 +05:30 [INF] Serilog.AspNetCore.RequestLoggingMiddleware HTTP GET /api/Catches responded 200 in 43.628 ms
2026-09-23 14:00:06.392 +05:30 [INF] FishLink.API.Services.CatchService GetCatches: 21 results, page 1/1
2026-09-23 14:00:06.400 +05:30 [INF] Serilog.AspNetCore.RequestLoggingMiddleware HTTP OPTIONS /api/Bids/catch/16 responded 204 in 0.077 ms
2026-09-23 14:00:06.400 +05:30 [INF] Serilog.AspNetCore.RequestLoggingMiddleware HTTP OPTIONS /api/Bids/catch/20 responded 204 in 0.072 ms
2026-09-23 14:00:06.400 +05:30 [INF] Serilog.AspNetCore.RequestLoggingMiddleware HTTP OPTIONS /api/Bids/catch/15 responded 204 in 0.062 ms
2026-09-23 14:00:06.400 +05:30 [INF] Serilog.AspNetCore.RequestLoggingMiddleware HTTP OPTIONS /api/Bids/catch/17 responded 204 in 0.067 ms
2026-09-23 14:00:06.402 +05:30 [INF] Serilog.AspNetCore.RequestLoggingMiddleware HTTP GET /api/Catches responded 200 in 17.213 ms
2026-09-23 14:00:06.407 +05:30 [INF] Serilog.AspNetCore.RequestLoggingMiddleware HTTP GET /api/Bids/catch/20 responded 200 in 2.352 ms
2026-09-23 14:00:06.407 +05:30 [INF] Serilog.AspNetCore.RequestLoggingMiddleware HTTP GET /api/Bids/catch/15 responded 200 in 2.379 ms
2026-09-23 14:00:06.407 +05:30 [INF] Serilog.AspNetCore.RequestLoggingMiddleware HTTP GET /api/Bids/catch/16 responded 200 in 2.567 ms
2026-09-23 14:00:06.407 +05:30 [INF] Serilog.AspNetCore.RequestLoggingMiddleware HTTP GET /api/Bids/catch/17 responded 200 in 1.665 ms
2026-09-23 14:00:06.429 +05:30 [INF] Serilog.AspNetCore.RequestLoggingMiddleware HTTP GET /api/Bids/catch/20 responded 200 in 1.615 ms
2026-09-23 14:00:06.429 +05:30 [INF] Serilog.AspNetCore.RequestLoggingMiddleware HTTP GET /api/Bids/catch/15 responded 200 in 1.106 ms
2026-09-23 14:00:06.429 +05:30 [INF] Serilog.AspNetCore.RequestLoggingMiddleware HTTP GET /api/Bids/catch/17 responded 200 in 1.534 ms
2026-09-23 14:00:06.429 +05:30 [INF] Serilog.AspNetCore.RequestLoggingMiddleware HTTP GET /api/Bids/catch/16 responded 200 in 1.326 ms
2026-09-23 14:00:06.432 +05:30 [INF] Serilog.AspNetCore.RequestLoggingMiddleware HTTP GET /api/Bids/catch/17 responded 200 in 1.629 ms
2026-09-23 14:00:06.432 +05:30 [INF] Serilog.AspNetCore.RequestLoggingMiddleware HTTP GET /api/Bids/catch/20 responded 200 in 1.877 ms
2026-09-23 14:00:06.432 +05:30 [INF] Serilog.AspNetCore.RequestLoggingMiddleware HTTP GET /api/Bids/catch/15 responded 200 in 1.231 ms
2026-09-23 14:00:06.432 +05:30 [INF] Serilog.AspNetCore.RequestLoggingMiddleware HTTP GET /api/Bids/catch/16 responded 200 in 1.450 ms
2026-09-23 14:00:06.436 +05:30 [INF] Serilog.AspNetCore.RequestLoggingMiddleware HTTP GET /api/Bids/catch/17 responded 200 in 1.458 ms
2026-09-23 14:00:06.436 +05:30 [INF] Serilog.AspNetCore.RequestLoggingMiddleware HTTP GET /api/Bids/catch/16 responded 200 in 1.578 ms
2026-09-23 14:00:06.436 +05:30 [INF] Serilog.AspNetCore.RequestLoggingMiddleware HTTP GET /api/Bids/catch/15 responded 200 in 1.681 ms
2026-09-23 14:00:06.436 +05:30 [INF] Serilog.AspNetCore.RequestLoggingMiddleware HTTP GET /api/Bids/catch/20 responded 200 in 1.667 ms
2026-09-23 14:05:31.087 +05:30 [INF] FishLink.API.Controllers.AgentGatewayController Workflow test-wf-1 → Agent=Planning Status=InProgress
2026-09-23 14:05:31.089 +05:30 [INF] Serilog.AspNetCore.RequestLoggingMiddleware HTTP POST /api/AgentGateway/webhook/status responded 200 in 74.451 ms
2026-09-23 14:05:32.104 +05:30 [INF] FishLink.API.Controllers.AgentGatewayController Workflow test-wf-1 → Agent=QualityValidation Status=InProgress
2026-09-23 14:05:32.104 +05:30 [INF] Serilog.AspNetCore.RequestLoggingMiddleware HTTP POST /api/AgentGateway/webhook/status responded 200 in 11.455 ms
2026-09-23 14:05:33.133 +05:30 [INF] Serilog.AspNetCore.RequestLoggingMiddleware HTTP GET /api/Catches responded 401 in 5.153 ms
2026-09-23 14:05:35.237 +05:30 [INF] Serilog.AspNetCore.RequestLoggingMiddleware HTTP GET /api/Catches/seller-history/1 responded 200 in 35.275 ms
2026-09-23 14:05:35.240 +05:30 [INF] Serilog.AspNetCore.RequestLoggingMiddleware HTTP GET /api/Bids/catch/99999 responded 401 in 0.267 ms
2026-09-23 14:05:35.277 +05:30 [ERR] Serilog.AspNetCore.RequestLoggingMiddleware HTTP POST /api/Catches/validate responded 500 in 19.062 ms
System.Collections.Generic.KeyNotFoundException: Catch 99999 not found.
   at FishLink.API.Services.CatchService.ReceiveValidationResultAsync(ValidationResultRequest result) in C:\Users\Kaveesha\Desktop\fish\FishLink.API\Services\CatchService.cs:line 252
   at FishLink.API.Controllers.CatchesController.ReceiveValidationResult(ValidationResultRequest result) in C:\Users\Kaveesha\Desktop\fish\FishLink.API\Controllers\CatchesController.cs:line 112
   at System.Runtime.CompilerServices.RuntimeAsyncTaskContinuation.GetResult[T](Task task, Byte& result)
   at System.Runtime.CompilerServices.RuntimeAsyncTaskContinuation.TaskContinuationResume.ResumeTaskContinuation(Continuation cont, Byte& result)
   at Microsoft.AspNetCore.Mvc.Infrastructure.ActionMethodExecutor.TaskOfIActionResultExecutor.Execute(ActionContext actionContext, IActionResultTypeMapper mapper, ObjectMethodExecutor executor, Object controller, Object[] arguments)
   at System.Runtime.CompilerServices.RuntimeAsyncTaskContinuation.GetResult[T](Task task, Byte& result)
   at System.Runtime.CompilerServices.RuntimeAsyncTaskContinuation.TaskContinuationResume.ResumeTaskContinuation(Continuation cont, Byte& result)
   at Microsoft.AspNetCore.Mvc.Infrastructure.ControllerActionInvoker.<InvokeActionMethodAsync>g__Awaited|12_0(ControllerActionInvoker invoker, ValueTask`1 actionResultValueTask)
   at System.Runtime.CompilerServices.RuntimeAsyncTaskContinuation.TaskContinuationResume.ResumeTaskContinuation(Continuation cont, Byte& result)
   at Microsoft.AspNetCore.Mvc.Infrastructure.ControllerActionInvoker.<InvokeNextActionFilterAsync>g__Awaited|10_0(ControllerActionInvoker invoker, Task lastTask, State next, Scope scope, Object state, Boolean isCompleted)
   at Microsoft.AspNetCore.Mvc.Infrastructure.ControllerActionInvoker.Rethrow(ActionExecutedContextSealed context)
   at Microsoft.AspNetCore.Mvc.Infrastructure.ControllerActionInvoker.Next(State& next, Scope& scope, Object& state, Boolean& isCompleted)
   at Microsoft.AspNetCore.Mvc.Infrastructure.ControllerActionInvoker.<InvokeInnerFilterAsync>g__Awaited|13_0(ControllerActionInvoker invoker, Task lastTask, State next, Scope scope, Object state, Boolean isCompleted)
   at System.Runtime.CompilerServices.RuntimeAsyncTaskContinuation.TaskContinuationResume.ResumeTaskContinuation(Continuation cont, Byte& result)
   at Microsoft.AspNetCore.Mvc.Infrastructure.ResourceInvoker.<InvokeFilterPipelineAsync>g__Awaited|20_0(ResourceInvoker invoker, Task lastTask, State next, Scope scope, Object state, Boolean isCompleted)
   at System.Runtime.CompilerServices.RuntimeAsyncTaskContinuation.TaskContinuationResume.ResumeTaskContinuation(Continuation cont, Byte& result)
   at Microsoft.AspNetCore.Mvc.Infrastructure.ResourceInvoker.<InvokeAsync>g__Awaited|17_0(ResourceInvoker invoker, Task task, IDisposable scope)
   at Microsoft.AspNetCore.Mvc.Infrastructure.ResourceInvoker.<InvokeAsync>g__Awaited|17_0(ResourceInvoker invoker, Task task, IDisposable scope)
   at System.Runtime.CompilerServices.RuntimeAsyncTaskContinuation.TaskContinuationResume.ResumeTaskContinuation(Continuation cont, Byte& result)
   at Microsoft.AspNetCore.Authorization.AuthorizationMiddleware.Invoke(HttpContext context)
   at System.Runtime.CompilerServices.RuntimeAsyncTaskContinuation.TaskContinuationResume.ResumeTaskContinuation(Continuation cont, Byte& result)
   at Microsoft.AspNetCore.Authentication.AuthenticationMiddleware.Invoke(HttpContext context)
   at Swashbuckle.AspNetCore.SwaggerUI.SwaggerUIMiddleware.Invoke(HttpContext httpContext)
   at Swashbuckle.AspNetCore.Swagger.SwaggerMiddleware.Invoke(HttpContext httpContext, ISwaggerProvider swaggerProvider)
   at Serilog.AspNetCore.RequestLoggingMiddleware.Invoke(HttpContext httpContext)
2026-09-23 14:05:35.290 +05:30 [ERR] FishLink.API.Middleware.ErrorHandlingMiddleware Unhandled exception on POST /api/Catches/validate — Catch 99999 not found.
System.Collections.Generic.KeyNotFoundException: Catch 99999 not found.
   at FishLink.API.Services.CatchService.ReceiveValidationResultAsync(ValidationResultRequest result) in C:\Users\Kaveesha\Desktop\fish\FishLink.API\Services\CatchService.cs:line 252
   at FishLink.API.Controllers.CatchesController.ReceiveValidationResult(ValidationResultRequest result) in C:\Users\Kaveesha\Desktop\fish\FishLink.API\Controllers\CatchesController.cs:line 112
   at System.Runtime.CompilerServices.RuntimeAsyncTaskContinuation.GetResult[T](Task task, Byte& result)
   at System.Runtime.CompilerServices.RuntimeAsyncTaskContinuation.TaskContinuationResume.ResumeTaskContinuation(Continuation cont, Byte& result)
   at Microsoft.AspNetCore.Mvc.Infrastructure.ActionMethodExecutor.TaskOfIActionResultExecutor.Execute(ActionContext actionContext, IActionResultTypeMapper mapper, ObjectMethodExecutor executor, Object controller, Object[] arguments)
   at System.Runtime.CompilerServices.RuntimeAsyncTaskContinuation.GetResult[T](Task task, Byte& result)
   at System.Runtime.CompilerServices.RuntimeAsyncTaskContinuation.TaskContinuationResume.ResumeTaskContinuation(Continuation cont, Byte& result)
   at Microsoft.AspNetCore.Mvc.Infrastructure.ControllerActionInvoker.<InvokeActionMethodAsync>g__Awaited|12_0(ControllerActionInvoker invoker, ValueTask`1 actionResultValueTask)
   at System.Runtime.CompilerServices.RuntimeAsyncTaskContinuation.TaskContinuationResume.ResumeTaskContinuation(Continuation cont, Byte& result)
   at Microsoft.AspNetCore.Mvc.Infrastructure.ControllerActionInvoker.<InvokeNextActionFilterAsync>g__Awaited|10_0(ControllerActionInvoker invoker, Task lastTask, State next, Scope scope, Object state, Boolean isCompleted)
   at Microsoft.AspNetCore.Mvc.Infrastructure.ControllerActionInvoker.Rethrow(ActionExecutedContextSealed context)
   at Microsoft.AspNetCore.Mvc.Infrastructure.ControllerActionInvoker.Next(State& next, Scope& scope, Object& state, Boolean& isCompleted)
   at Microsoft.AspNetCore.Mvc.Infrastructure.ControllerActionInvoker.<InvokeInnerFilterAsync>g__Awaited|13_0(ControllerActionInvoker invoker, Task lastTask, State next, Scope scope, Object state, Boolean isCompleted)
   at System.Runtime.CompilerServices.RuntimeAsyncTaskContinuation.TaskContinuationResume.ResumeTaskContinuation(Continuation cont, Byte& result)
   at Microsoft.AspNetCore.Mvc.Infrastructure.ResourceInvoker.<InvokeFilterPipelineAsync>g__Awaited|20_0(ResourceInvoker invoker, Task lastTask, State next, Scope scope, Object state, Boolean isCompleted)
   at System.Runtime.CompilerServices.RuntimeAsyncTaskContinuation.TaskContinuationResume.ResumeTaskContinuation(Continuation cont, Byte& result)
   at Microsoft.AspNetCore.Mvc.Infrastructure.ResourceInvoker.<InvokeAsync>g__Awaited|17_0(ResourceInvoker invoker, Task task, IDisposable scope)
   at Microsoft.AspNetCore.Mvc.Infrastructure.ResourceInvoker.<InvokeAsync>g__Awaited|17_0(ResourceInvoker invoker, Task task, IDisposable scope)
   at System.Runtime.CompilerServices.RuntimeAsyncTaskContinuation.TaskContinuationResume.ResumeTaskContinuation(Continuation cont, Byte& result)
   at Microsoft.AspNetCore.Authorization.AuthorizationMiddleware.Invoke(HttpContext context)
   at System.Runtime.CompilerServices.RuntimeAsyncTaskContinuation.TaskContinuationResume.ResumeTaskContinuation(Continuation cont, Byte& result)
   at Microsoft.AspNetCore.Authentication.AuthenticationMiddleware.Invoke(HttpContext context)
   at Swashbuckle.AspNetCore.SwaggerUI.SwaggerUIMiddleware.Invoke(HttpContext httpContext)
   at Swashbuckle.AspNetCore.Swagger.SwaggerMiddleware.Invoke(HttpContext httpContext, ISwaggerProvider swaggerProvider)
   at Serilog.AspNetCore.RequestLoggingMiddleware.Invoke(HttpContext httpContext)
   at FishLink.API.Middleware.ErrorHandlingMiddleware.InvokeAsync(HttpContext context) in C:\Users\Kaveesha\Desktop\fish\FishLink.API\Middleware\ErrorHandlingMiddleware.cs:line 26
2026-09-23 14:05:35.301 +05:30 [INF] FishLink.API.Controllers.AgentGatewayController Workflow test-wf-1 → Agent=QualityValidation Status=Success
2026-09-23 14:05:35.302 +05:30 [INF] Serilog.AspNetCore.RequestLoggingMiddleware HTTP POST /api/AgentGateway/webhook/status responded 200 in 3.487 ms
2026-09-23 14:05:36.315 +05:30 [INF] FishLink.API.Controllers.AgentGatewayController Workflow test-wf-1 → Agent=MarketIntelligence Status=InProgress
2026-09-23 14:05:36.315 +05:30 [INF] Serilog.AspNetCore.RequestLoggingMiddleware HTTP POST /api/AgentGateway/webhook/status responded 200 in 9.525 ms
2026-09-23 14:05:39.423 +05:30 [INF] Serilog.AspNetCore.RequestLoggingMiddleware HTTP GET /api/Catches/market-stats responded 200 in 50.516 ms
2026-09-23 14:05:39.446 +05:30 [INF] FishLink.API.Controllers.AgentGatewayController Workflow test-wf-1 → Agent=MarketIntelligence Status=Success
2026-09-23 14:05:39.446 +05:30 [INF] Serilog.AspNetCore.RequestLoggingMiddleware HTTP POST /api/AgentGateway/webhook/status responded 200 in 7.221 ms
2026-09-23 14:05:40.473 +05:30 [INF] FishLink.API.Controllers.AgentGatewayController Workflow test-wf-1 → Agent=BuyerMatching Status=InProgress
2026-09-23 14:05:40.473 +05:30 [INF] Serilog.AspNetCore.RequestLoggingMiddleware HTTP POST /api/AgentGateway/webhook/status responded 200 in 4.584 ms
2026-09-23 14:05:41.497 +05:30 [INF] Serilog.AspNetCore.RequestLoggingMiddleware HTTP GET /api/BuyerMatch/available responded 401 in 0.156 ms
2026-09-23 14:05:41.515 +05:30 [INF] FishLink.API.Controllers.AgentGatewayController Workflow test-wf-1 → Agent=BuyerMatching Status=Success
2026-09-23 14:05:41.516 +05:30 [INF] Serilog.AspNetCore.RequestLoggingMiddleware HTTP POST /api/AgentGateway/webhook/status responded 200 in 2.862 ms
2026-09-23 14:05:42.523 +05:30 [INF] FishLink.API.Controllers.AgentGatewayController Workflow test-wf-1 → Agent=Logistics Status=InProgress
2026-09-23 14:05:42.523 +05:30 [INF] Serilog.AspNetCore.RequestLoggingMiddleware HTTP POST /api/AgentGateway/webhook/status responded 200 in 2.479 ms
2026-09-23 14:05:43.582 +05:30 [INF] Serilog.AspNetCore.RequestLoggingMiddleware HTTP GET /api/Logistics/vehicles/available responded 200 in 33.721 ms
2026-09-23 15:20:25.042 +05:30 [INF] Serilog.AspNetCore.RequestLoggingMiddleware HTTP POST /api/Auth/login responded 401 in 39.972 ms
2026-09-23 15:22:17.296 +05:30 [INF] Serilog.AspNetCore.RequestLoggingMiddleware HTTP GET /api/Catches responded 401 in 0.130 ms
2026-09-23 15:22:30.470 +05:30 [INF] Serilog.AspNetCore.RequestLoggingMiddleware HTTP GET /api/Catches responded 401 in 0.106 ms
2026-09-23 15:23:49.626 +05:30 [INF] Serilog.AspNetCore.RequestLoggingMiddleware HTTP POST /api/Auth/register responded 200 in 136.813 ms
2026-09-23 15:23:49.745 +05:30 [INF] Serilog.AspNetCore.RequestLoggingMiddleware HTTP POST /api/Auth/login responded 200 in 117.192 ms
2026-09-23 15:23:49.780 +05:30 [INF] FishLink.API.Services.CatchService Catch 25 created by fisherman 49
2026-09-23 15:23:49.792 +05:30 [INF] Serilog.AspNetCore.RequestLoggingMiddleware HTTP POST /api/Catches responded 201 in 44.520 ms
2026-09-23 15:23:49.804 +05:30 [INF] FishLink.API.Services.CatchService Catch 25 published
2026-09-23 15:23:49.805 +05:30 [INF] Serilog.AspNetCore.RequestLoggingMiddleware HTTP PATCH /api/Catches/25/publish responded 200 in 11.499 ms
2026-09-23 15:23:49.816 +05:30 [INF] FishLink.API.Controllers.AgentGatewayController Starting AI workflow wf-25 for catch 25
2026-09-23 15:23:49.825 +05:30 [INF] System.Net.Http.HttpClient.AiAgent.LogicalHandler Start processing HTTP request POST http://localhost:8000/api/workflow/start
2026-09-23 15:23:49.825 +05:30 [INF] System.Net.Http.HttpClient.AiAgent.ClientHandler Sending HTTP request POST http://localhost:8000/api/workflow/start
2026-09-23 15:23:51.884 +05:30 [INF] System.Net.Http.HttpClient.AiAgent.ClientHandler Received HTTP response headers after 2058.8725ms - 200
2026-09-23 15:23:51.884 +05:30 [INF] System.Net.Http.HttpClient.AiAgent.LogicalHandler End processing HTTP request after 2059.154ms - 200
2026-09-23 15:23:51.884 +05:30 [INF] FishLink.API.Controllers.AgentGatewayController AI agent accepted workflow wf-25
2026-09-23 15:23:51.885 +05:30 [INF] Serilog.AspNetCore.RequestLoggingMiddleware HTTP POST /api/AgentGateway/workflow/start responded 200 in 2078.694 ms
2026-09-23 15:23:51.889 +05:30 [INF] FishLink.API.Controllers.AgentGatewayController Workflow wf-25 → Agent=Planning Status=InProgress
2026-09-23 15:23:51.890 +05:30 [INF] Serilog.AspNetCore.RequestLoggingMiddleware HTTP POST /api/AgentGateway/webhook/status responded 200 in 3.378 ms
2026-09-23 15:23:52.907 +05:30 [INF] FishLink.API.Controllers.AgentGatewayController Workflow wf-25 → Agent=QualityValidation Status=InProgress
2026-09-23 15:23:52.907 +05:30 [INF] Serilog.AspNetCore.RequestLoggingMiddleware HTTP POST /api/AgentGateway/webhook/status responded 200 in 9.166 ms
2026-09-23 15:23:53.916 +05:30 [INF] Serilog.AspNetCore.RequestLoggingMiddleware HTTP GET /api/Catches responded 401 in 0.202 ms
2026-09-23 15:23:54.902 +05:30 [INF] Serilog.AspNetCore.RequestLoggingMiddleware HTTP GET /api/Catches/25 responded 200 in 13.048 ms
2026-09-23 15:23:56.019 +05:30 [INF] Serilog.AspNetCore.RequestLoggingMiddleware HTTP GET /api/Catches/seller-history/49 responded 200 in 3.082 ms
2026-09-23 15:23:56.024 +05:30 [INF] Serilog.AspNetCore.RequestLoggingMiddleware HTTP GET /api/Bids/catch/25 responded 401 in 0.105 ms
2026-09-23 15:23:56.039 +05:30 [INF] FishLink.API.Services.CatchService Validation saved for Catch 25: High
2026-09-23 15:23:56.049 +05:30 [INF] Serilog.AspNetCore.RequestLoggingMiddleware HTTP POST /api/Catches/validate responded 200 in 20.873 ms
2026-09-23 15:23:56.079 +05:30 [INF] FishLink.API.Controllers.AgentGatewayController Workflow wf-25 → Agent=QualityValidation Status=PendingApproval
2026-09-23 15:23:56.079 +05:30 [INF] Serilog.AspNetCore.RequestLoggingMiddleware HTTP POST /api/AgentGateway/webhook/status responded 200 in 2.118 ms
2026-09-23 15:23:56.094 +05:30 [INF] FishLink.API.Controllers.AgentGatewayController Workflow wf-25 → Agent=AdminApproval Status=PendingApproval
2026-09-23 15:23:56.095 +05:30 [INF] Serilog.AspNetCore.RequestLoggingMiddleware HTTP POST /api/AgentGateway/webhook/status responded 200 in 1.903 ms
2026-09-23 15:26:49.981 +05:30 [INF]  FishLink API starting on Development
2026-09-23 15:26:50.086 +05:30 [INF] Microsoft.Hosting.Lifetime Now listening on: http://localhost:5157
2026-09-23 15:26:50.089 +05:30 [INF] Microsoft.Hosting.Lifetime Application started. Press Ctrl+C to shut down.
2026-09-23 15:26:50.089 +05:30 [INF] Microsoft.Hosting.Lifetime Hosting environment: Development
2026-09-23 15:26:50.089 +05:30 [INF] Microsoft.Hosting.Lifetime Content root path: C:\Users\Kaveesha\Desktop\fish\FishLink.API
2026-09-23 15:27:12.472 +05:30 [INF] Serilog.AspNetCore.RequestLoggingMiddleware HTTP POST /api/Auth/register responded 200 in 1126.906 ms
2026-09-23 15:27:12.711 +05:30 [INF] Serilog.AspNetCore.RequestLoggingMiddleware HTTP POST /api/Auth/login responded 200 in 233.300 ms
2026-09-23 15:27:12.849 +05:30 [INF] FishLink.API.Services.CatchService Catch 26 created by fisherman 50
2026-09-23 15:27:12.865 +05:30 [INF] Serilog.AspNetCore.RequestLoggingMiddleware HTTP POST /api/Catches responded 201 in 151.644 ms
2026-09-23 15:27:12.897 +05:30 [INF] FishLink.API.Services.CatchService Catch 26 published
2026-09-23 15:27:12.897 +05:30 [INF] Serilog.AspNetCore.RequestLoggingMiddleware HTTP PATCH /api/Catches/26/publish responded 200 in 29.896 ms
2026-09-23 15:27:12.911 +05:30 [INF] FishLink.API.Controllers.AgentGatewayController Starting AI workflow wf-26 for catch 26
2026-09-23 15:27:12.948 +05:30 [INF] System.Net.Http.HttpClient.AiAgent.LogicalHandler Start processing HTTP request POST http://localhost:8000/api/workflow/start
2026-09-23 15:27:12.948 +05:30 [INF] System.Net.Http.HttpClient.AiAgent.ClientHandler Sending HTTP request POST http://localhost:8000/api/workflow/start
2026-09-23 15:27:15.032 +05:30 [INF] System.Net.Http.HttpClient.AiAgent.ClientHandler Received HTTP response headers after 2080.4254ms - 200
2026-09-23 15:27:15.033 +05:30 [INF] System.Net.Http.HttpClient.AiAgent.LogicalHandler End processing HTTP request after 2087.032ms - 200
2026-09-23 15:27:15.056 +05:30 [INF] FishLink.API.Controllers.AgentGatewayController AI agent accepted workflow wf-26
2026-09-23 15:27:15.058 +05:30 [INF] Serilog.AspNetCore.RequestLoggingMiddleware HTTP POST /api/AgentGateway/workflow/start responded 200 in 2158.224 ms
2026-09-23 15:27:15.099 +05:30 [INF] FishLink.API.Controllers.AgentGatewayController Workflow wf-26 → Agent=Planning Status=InProgress
2026-09-23 15:27:15.101 +05:30 [INF] Serilog.AspNetCore.RequestLoggingMiddleware HTTP POST /api/AgentGateway/webhook/status responded 200 in 18.804 ms
2026-09-23 15:27:16.114 +05:30 [INF] FishLink.API.Controllers.AgentGatewayController Workflow wf-26 → Agent=QualityValidation Status=InProgress
2026-09-23 15:27:16.115 +05:30 [INF] Serilog.AspNetCore.RequestLoggingMiddleware HTTP POST /api/AgentGateway/webhook/status responded 200 in 9.875 ms
2026-09-23 15:27:17.186 +05:30 [INF] Serilog.AspNetCore.RequestLoggingMiddleware HTTP GET /api/Catches/26 responded 200 in 49.276 ms
2026-09-23 15:27:19.275 +05:30 [INF] Serilog.AspNetCore.RequestLoggingMiddleware HTTP GET /api/Catches/seller-history/50 responded 200 in 16.226 ms
2026-09-23 15:27:19.296 +05:30 [INF] Serilog.AspNetCore.RequestLoggingMiddleware HTTP GET /api/Bids/catch/26 responded 200 in 18.689 ms
2026-09-23 15:27:19.306 +05:30 [INF] FishLink.API.Services.CatchService Validation saved for Catch 26: High
2026-09-23 15:27:19.308 +05:30 [INF] Serilog.AspNetCore.RequestLoggingMiddleware HTTP POST /api/Catches/validate responded 200 in 10.324 ms
2026-09-23 15:27:19.324 +05:30 [INF] FishLink.API.Controllers.AgentGatewayController Workflow wf-26 → Agent=QualityValidation Status=PendingApproval
2026-09-23 15:27:19.324 +05:30 [INF] Serilog.AspNetCore.RequestLoggingMiddleware HTTP POST /api/AgentGateway/webhook/status responded 200 in 2.566 ms
2026-09-23 15:27:19.328 +05:30 [INF] FishLink.API.Controllers.AgentGatewayController Workflow wf-26 → Agent=AdminApproval Status=PendingApproval
2026-09-23 15:27:19.328 +05:30 [INF] Serilog.AspNetCore.RequestLoggingMiddleware HTTP POST /api/AgentGateway/webhook/status responded 200 in 2.214 ms
2026-09-23 15:27:21.063 +05:30 [INF] Serilog.AspNetCore.RequestLoggingMiddleware HTTP GET /api/Catches/26 responded 200 in 2.958 ms
2026-09-23 15:27:49.807 +05:30 [INF] Serilog.AspNetCore.RequestLoggingMiddleware HTTP POST /api/Auth/register responded 200 in 266.808 ms
2026-09-23 15:27:49.950 +05:30 [INF] Serilog.AspNetCore.RequestLoggingMiddleware HTTP POST /api/Auth/login responded 200 in 140.648 ms
2026-09-23 15:27:52.021 +05:30 [INF] Serilog.AspNetCore.RequestLoggingMiddleware HTTP POST /api/Bids responded 201 in 2069.327 ms
2026-09-23 15:27:52.027 +05:30 [INF] FishLink.API.Controllers.AgentGatewayController Workflow wf-26 → Agent=Planning Status=InProgress
2026-09-23 15:27:52.032 +05:30 [INF] Serilog.AspNetCore.RequestLoggingMiddleware HTTP POST /api/AgentGateway/webhook/status responded 200 in 11.365 ms
2026-09-23 15:27:52.074 +05:30 [INF] Serilog.AspNetCore.RequestLoggingMiddleware HTTP GET /api/Catches/26 responded 200 in 49.645 ms
2026-09-23 15:27:52.079 +05:30 [INF] Serilog.AspNetCore.RequestLoggingMiddleware HTTP GET /api/Bids/catch/26 responded 200 in 2.520 ms
2026-09-23 15:27:53.066 +05:30 [INF] FishLink.API.Controllers.AgentGatewayController Workflow wf-26 → Agent=QualityValidation Status=InProgress
2026-09-23 15:27:53.066 +05:30 [INF] Serilog.AspNetCore.RequestLoggingMiddleware HTTP POST /api/AgentGateway/webhook/status responded 200 in 10.300 ms
2026-09-23 15:27:54.084 +05:30 [INF] Serilog.AspNetCore.RequestLoggingMiddleware HTTP GET /api/Catches/26 responded 200 in 7.527 ms
2026-09-23 15:27:56.169 +05:30 [INF] Serilog.AspNetCore.RequestLoggingMiddleware HTTP GET /api/Catches/seller-history/50 responded 200 in 7.384 ms
2026-09-23 15:27:56.200 +05:30 [INF] Serilog.AspNetCore.RequestLoggingMiddleware HTTP GET /api/Bids/catch/26 responded 200 in 4.346 ms
2026-09-23 15:27:56.206 +05:30 [INF] FishLink.API.Services.CatchService Validation saved for Catch 26: Medium
2026-09-23 15:27:56.207 +05:30 [INF] Serilog.AspNetCore.RequestLoggingMiddleware HTTP POST /api/Catches/validate responded 200 in 3.724 ms
2026-09-23 15:27:56.210 +05:30 [INF] FishLink.API.Controllers.AgentGatewayController Workflow wf-26 → Agent=QualityValidation Status=PendingApproval
2026-09-23 15:27:56.210 +05:30 [INF] Serilog.AspNetCore.RequestLoggingMiddleware HTTP POST /api/AgentGateway/webhook/status responded 200 in 1.521 ms
2026-09-23 15:27:56.213 +05:30 [INF] FishLink.API.Controllers.AgentGatewayController Workflow wf-26 → Agent=AdminApproval Status=PendingApproval
2026-09-23 15:27:56.214 +05:30 [INF] Serilog.AspNetCore.RequestLoggingMiddleware HTTP POST /api/AgentGateway/webhook/status responded 200 in 2.601 ms
2026-09-23 15:31:37.738 +05:30 [INF] Serilog.AspNetCore.RequestLoggingMiddleware HTTP OPTIONS /api/Users/me responded 204 in 1.635 ms
2026-09-23 15:31:37.738 +05:30 [INF] Serilog.AspNetCore.RequestLoggingMiddleware HTTP OPTIONS /api/Catches responded 204 in 1.673 ms
2026-09-23 15:31:37.738 +05:30 [INF] Serilog.AspNetCore.RequestLoggingMiddleware HTTP OPTIONS /api/Users/me responded 204 in 1.681 ms
2026-09-23 15:31:37.738 +05:30 [INF] Serilog.AspNetCore.RequestLoggingMiddleware HTTP OPTIONS /api/Catches responded 204 in 1.681 ms
2026-09-23 15:31:37.755 +05:30 [INF] Serilog.AspNetCore.RequestLoggingMiddleware HTTP GET /api/Users/me responded 200 in 12.851 ms
2026-09-23 15:31:37.758 +05:30 [INF] Serilog.AspNetCore.RequestLoggingMiddleware HTTP GET /api/Users/me responded 200 in 1.853 ms
2026-09-23 15:31:37.791 +05:30 [INF] FishLink.API.Services.CatchService GetCatches: 23 results, page 1/1
2026-09-23 15:31:37.799 +05:30 [INF] Serilog.AspNetCore.RequestLoggingMiddleware HTTP GET /api/Catches responded 200 in 57.419 ms
2026-09-23 15:31:37.806 +05:30 [INF] FishLink.API.Services.CatchService GetCatches: 23 results, page 1/1
2026-09-23 15:31:37.810 +05:30 [INF] Serilog.AspNetCore.RequestLoggingMiddleware HTTP GET /api/Catches responded 200 in 13.722 ms
2026-09-23 15:31:37.825 +05:30 [INF] Serilog.AspNetCore.RequestLoggingMiddleware HTTP OPTIONS /api/Bids/catch/26 responded 204 in 0.129 ms
2026-09-23 15:31:37.826 +05:30 [INF] Serilog.AspNetCore.RequestLoggingMiddleware HTTP OPTIONS /api/Bids/catch/20 responded 204 in 0.094 ms
2026-09-23 15:31:37.827 +05:30 [INF] Serilog.AspNetCore.RequestLoggingMiddleware HTTP OPTIONS /api/Bids/catch/17 responded 204 in 0.072 ms
2026-09-23 15:31:37.830 +05:30 [INF] Serilog.AspNetCore.RequestLoggingMiddleware HTTP OPTIONS /api/Bids/catch/16 responded 204 in 0.082 ms
2026-09-23 15:31:37.832 +05:30 [INF] Serilog.AspNetCore.RequestLoggingMiddleware HTTP OPTIONS /api/Bids/catch/15 responded 204 in 0.089 ms
2026-09-23 15:31:37.833 +05:30 [INF] Serilog.AspNetCore.RequestLoggingMiddleware HTTP GET /api/Bids/catch/26 responded 200 in 4.136 ms
2026-09-23 15:31:37.834 +05:30 [INF] Serilog.AspNetCore.RequestLoggingMiddleware HTTP GET /api/Bids/catch/17 responded 200 in 4.473 ms
2026-09-23 15:31:37.837 +05:30 [INF] Serilog.AspNetCore.RequestLoggingMiddleware HTTP GET /api/Bids/catch/16 responded 200 in 4.469 ms
2026-09-23 15:31:37.841 +05:30 [INF] Serilog.AspNetCore.RequestLoggingMiddleware HTTP GET /api/Bids/catch/15 responded 200 in 5.223 ms
2026-09-23 15:31:37.847 +05:30 [INF] Serilog.AspNetCore.RequestLoggingMiddleware HTTP GET /api/Bids/catch/26 responded 200 in 3.674 ms
2026-09-23 15:31:37.848 +05:30 [INF] Serilog.AspNetCore.RequestLoggingMiddleware HTTP GET /api/Bids/catch/15 responded 200 in 2.896 ms
2026-09-23 15:31:37.888 +05:30 [INF] Serilog.AspNetCore.RequestLoggingMiddleware HTTP GET /api/Bids/catch/20 responded 200 in 58.531 ms
2026-09-23 15:31:37.890 +05:30 [INF] Serilog.AspNetCore.RequestLoggingMiddleware HTTP GET /api/Bids/catch/16 responded 200 in 45.233 ms
2026-09-23 15:31:37.891 +05:30 [INF] Serilog.AspNetCore.RequestLoggingMiddleware HTTP GET /api/Bids/catch/20 responded 200 in 1.623 ms
2026-09-23 15:31:37.895 +05:30 [INF] Serilog.AspNetCore.RequestLoggingMiddleware HTTP GET /api/Bids/catch/17 responded 200 in 50.397 ms
2026-09-23 15:31:37.903 +05:30 [INF] Serilog.AspNetCore.RequestLoggingMiddleware HTTP GET /api/Bids/catch/20 responded 200 in 1.593 ms
2026-09-23 15:31:37.903 +05:30 [INF] Serilog.AspNetCore.RequestLoggingMiddleware HTTP GET /api/Bids/catch/17 responded 200 in 1.594 ms
2026-09-23 15:31:37.903 +05:30 [INF] Serilog.AspNetCore.RequestLoggingMiddleware HTTP GET /api/Bids/catch/16 responded 200 in 1.176 ms
2026-09-23 15:31:37.902 +05:30 [INF] Serilog.AspNetCore.RequestLoggingMiddleware HTTP GET /api/Bids/catch/26 responded 200 in 1.997 ms
2026-09-23 15:31:37.903 +05:30 [INF] Serilog.AspNetCore.RequestLoggingMiddleware HTTP GET /api/Bids/catch/15 responded 200 in 1.181 ms
2026-09-23 15:31:37.906 +05:30 [INF] Serilog.AspNetCore.RequestLoggingMiddleware HTTP GET /api/Bids/catch/15 responded 200 in 1.063 ms
2026-09-23 15:31:37.906 +05:30 [INF] Serilog.AspNetCore.RequestLoggingMiddleware HTTP GET /api/Bids/catch/20 responded 200 in 1.593 ms
2026-09-23 15:31:37.906 +05:30 [INF] Serilog.AspNetCore.RequestLoggingMiddleware HTTP GET /api/Bids/catch/26 responded 200 in 1.593 ms
2026-09-23 15:31:37.906 +05:30 [INF] Serilog.AspNetCore.RequestLoggingMiddleware HTTP GET /api/Bids/catch/16 responded 200 in 1.541 ms
2026-09-23 15:31:37.906 +05:30 [INF] Serilog.AspNetCore.RequestLoggingMiddleware HTTP GET /api/Bids/catch/17 responded 200 in 1.558 ms
2026-09-23 15:32:07.761 +05:30 [INF] Serilog.AspNetCore.RequestLoggingMiddleware HTTP OPTIONS /api/BuyerMatch/score-buyers/24 responded 204 in 0.756 ms
2026-09-23 15:32:08.252 +05:30 [INF] Serilog.AspNetCore.RequestLoggingMiddleware HTTP GET /api/BuyerMatch/score-buyers/24 responded 200 in 476.004 ms
2026-09-23 15:32:23.587 +05:30 [INF] Serilog.AspNetCore.RequestLoggingMiddleware HTTP OPTIONS /api/BuyerMatch/score-buyers/26 responded 204 in 0.204 ms
2026-09-23 15:32:23.656 +05:30 [INF] Serilog.AspNetCore.RequestLoggingMiddleware HTTP GET /api/BuyerMatch/score-buyers/26 responded 200 in 63.335 ms
2026-09-23 15:36:05.432 +05:30 [INF] Serilog.AspNetCore.RequestLoggingMiddleware HTTP OPTIONS /api/AgentGateway/prices/Tuna (Yellowfin)/predict responded 204 in 0.087 ms
2026-09-23 15:36:05.432 +05:30 [INF] Serilog.AspNetCore.RequestLoggingMiddleware HTTP OPTIONS /api/AgentGateway/prices/Skipjack/predict responded 204 in 0.028 ms
2026-09-23 15:36:05.432 +05:30 [INF] Serilog.AspNetCore.RequestLoggingMiddleware HTTP OPTIONS /api/AgentGateway/prices/Trevally (Paraw)/predict responded 204 in 0.020 ms
2026-09-23 15:36:05.433 +05:30 [INF] Serilog.AspNetCore.RequestLoggingMiddleware HTTP OPTIONS /api/Catches/market-stats responded 204 in 0.020 ms
2026-09-23 15:36:05.433 +05:30 [INF] Serilog.AspNetCore.RequestLoggingMiddleware HTTP OPTIONS /api/AgentGateway/prices/Mackerel/predict responded 204 in 0.018 ms
2026-09-23 15:36:05.433 +05:30 [INF] Serilog.AspNetCore.RequestLoggingMiddleware HTTP OPTIONS /api/AgentGateway/prices/Tuna (Yellowfin)/predict responded 204 in 0.027 ms
2026-09-23 15:36:05.438 +05:30 [INF] Serilog.AspNetCore.RequestLoggingMiddleware HTTP OPTIONS /api/AgentGateway/prices/Mackerel/predict responded 204 in 0.028 ms
2026-09-23 15:36:05.439 +05:30 [INF] Serilog.AspNetCore.RequestLoggingMiddleware HTTP OPTIONS /api/AgentGateway/prices/Trevally (Paraw)/predict responded 204 in 0.012 ms
2026-09-23 15:36:05.438 +05:30 [INF] Serilog.AspNetCore.RequestLoggingMiddleware HTTP OPTIONS /api/AgentGateway/prices/Skipjack/predict responded 204 in 0.087 ms
2026-09-23 15:36:05.439 +05:30 [INF] Serilog.AspNetCore.RequestLoggingMiddleware HTTP OPTIONS /api/Catches/market-stats responded 204 in 0.028 ms
2026-09-23 15:36:05.447 +05:30 [INF] System.Net.Http.HttpClient.Default.LogicalHandler Start processing HTTP request GET http://localhost:8001/api/prices/Skipjack/predict
2026-09-23 15:36:05.447 +05:30 [INF] System.Net.Http.HttpClient.Default.LogicalHandler Start processing HTTP request GET http://localhost:8001/api/prices/Trevally%20%28Paraw%29/predict
2026-09-23 15:36:05.447 +05:30 [INF] System.Net.Http.HttpClient.Default.ClientHandler Sending HTTP request GET http://localhost:8001/api/prices/Skipjack/predict
2026-09-23 15:36:05.447 +05:30 [INF] System.Net.Http.HttpClient.Default.LogicalHandler Start processing HTTP request GET http://localhost:8001/api/prices/Mackerel/predict
2026-09-23 15:36:05.447 +05:30 [INF] System.Net.Http.HttpClient.Default.LogicalHandler Start processing HTTP request GET http://localhost:8001/api/prices/Tuna%20%28Yellowfin%29/predict
2026-09-23 15:36:05.447 +05:30 [INF] System.Net.Http.HttpClient.Default.ClientHandler Sending HTTP request GET http://localhost:8001/api/prices/Mackerel/predict
2026-09-23 15:36:05.447 +05:30 [INF] System.Net.Http.HttpClient.Default.ClientHandler Sending HTTP request GET http://localhost:8001/api/prices/Trevally%20%28Paraw%29/predict
2026-09-23 15:36:05.447 +05:30 [INF] System.Net.Http.HttpClient.Default.ClientHandler Sending HTTP request GET http://localhost:8001/api/prices/Tuna%20%28Yellowfin%29/predict
2026-09-23 15:36:05.462 +05:30 [INF] Serilog.AspNetCore.RequestLoggingMiddleware HTTP GET /api/Catches/market-stats responded 200 in 23.757 ms
2026-09-23 15:36:05.468 +05:30 [INF] Serilog.AspNetCore.RequestLoggingMiddleware HTTP GET /api/Catches/market-stats responded 200 in 4.795 ms
2026-09-23 15:36:07.479 +05:30 [INF] System.Net.Http.HttpClient.Default.ClientHandler Received HTTP response headers after 2031.4693ms - 200
2026-09-23 15:36:07.479 +05:30 [INF] System.Net.Http.HttpClient.Default.LogicalHandler End processing HTTP request after 2032.0441ms - 200
2026-09-23 15:36:07.481 +05:30 [INF] System.Net.Http.HttpClient.Default.ClientHandler Received HTTP response headers after 2033.1416ms - 200
2026-09-23 15:36:07.481 +05:30 [INF] System.Net.Http.HttpClient.Default.LogicalHandler End processing HTTP request after 2033.7209ms - 200
2026-09-23 15:36:07.490 +05:30 [INF] Serilog.AspNetCore.RequestLoggingMiddleware HTTP GET /api/AgentGateway/prices/Tuna (Yellowfin)/predict responded 200 in 2049.824 ms
2026-09-23 15:36:07.490 +05:30 [INF] Serilog.AspNetCore.RequestLoggingMiddleware HTTP GET /api/AgentGateway/prices/Trevally (Paraw)/predict responded 200 in 2049.949 ms
2026-09-23 15:36:07.493 +05:30 [INF] System.Net.Http.HttpClient.Default.LogicalHandler Start processing HTTP request GET http://localhost:8001/api/prices/Trevally%20%28Paraw%29/predict
2026-09-23 15:36:07.493 +05:30 [INF] System.Net.Http.HttpClient.Default.LogicalHandler Start processing HTTP request GET http://localhost:8001/api/prices/Tuna%20%28Yellowfin%29/predict
2026-09-23 15:36:07.493 +05:30 [INF] System.Net.Http.HttpClient.Default.ClientHandler Received HTTP response headers after 2045.207ms - 200
2026-09-23 15:36:07.493 +05:30 [INF] System.Net.Http.HttpClient.Default.ClientHandler Sending HTTP request GET http://localhost:8001/api/prices/Tuna%20%28Yellowfin%29/predict
2026-09-23 15:36:07.493 +05:30 [INF] System.Net.Http.HttpClient.Default.ClientHandler Received HTTP response headers after 2045.8763ms - 200
2026-09-23 15:36:07.494 +05:30 [INF] System.Net.Http.HttpClient.Default.LogicalHandler End processing HTTP request after 2046.4213ms - 200
2026-09-23 15:36:07.493 +05:30 [INF] System.Net.Http.HttpClient.Default.ClientHandler Sending HTTP request GET http://localhost:8001/api/prices/Trevally%20%28Paraw%29/predict
2026-09-23 15:36:07.494 +05:30 [INF] System.Net.Http.HttpClient.Default.LogicalHandler End processing HTTP request after 2046.837ms - 200
2026-09-23 15:36:07.495 +05:30 [INF] Serilog.AspNetCore.RequestLoggingMiddleware HTTP GET /api/AgentGateway/prices/Skipjack/predict responded 200 in 2056.467 ms
2026-09-23 15:36:07.495 +05:30 [INF] Serilog.AspNetCore.RequestLoggingMiddleware HTTP GET /api/AgentGateway/prices/Mackerel/predict responded 200 in 2055.424 ms
2026-09-23 15:36:07.503 +05:30 [INF] System.Net.Http.HttpClient.Default.LogicalHandler Start processing HTTP request GET http://localhost:8001/api/prices/Skipjack/predict
2026-09-23 15:36:07.504 +05:30 [INF] System.Net.Http.HttpClient.Default.LogicalHandler Start processing HTTP request GET http://localhost:8001/api/prices/Mackerel/predict
2026-09-23 15:36:07.504 +05:30 [INF] System.Net.Http.HttpClient.Default.ClientHandler Sending HTTP request GET http://localhost:8001/api/prices/Skipjack/predict
2026-09-23 15:36:07.504 +05:30 [INF] System.Net.Http.HttpClient.Default.ClientHandler Sending HTTP request GET http://localhost:8001/api/prices/Mackerel/predict
2026-09-23 15:36:07.508 +05:30 [INF] System.Net.Http.HttpClient.Default.ClientHandler Received HTTP response headers after 13.4401ms - 200
2026-09-23 15:36:07.508 +05:30 [INF] System.Net.Http.HttpClient.Default.LogicalHandler End processing HTTP request after 15.5526ms - 200
2026-09-23 15:36:07.509 +05:30 [INF] Serilog.AspNetCore.RequestLoggingMiddleware HTTP GET /api/AgentGateway/prices/Trevally (Paraw)/predict responded 200 in 18.457 ms
2026-09-23 15:36:07.510 +05:30 [INF] System.Net.Http.HttpClient.Default.ClientHandler Received HTTP response headers after 16.6326ms - 200
2026-09-23 15:36:07.511 +05:30 [INF] System.Net.Http.HttpClient.Default.LogicalHandler End processing HTTP request after 17.8777ms - 200
2026-09-23 15:36:07.512 +05:30 [INF] Serilog.AspNetCore.RequestLoggingMiddleware HTTP GET /api/AgentGateway/prices/Tuna (Yellowfin)/predict responded 200 in 22.187 ms
2026-09-23 15:36:07.520 +05:30 [INF] System.Net.Http.HttpClient.Default.ClientHandler Received HTTP response headers after 16.5203ms - 200
2026-09-23 15:36:07.521 +05:30 [INF] System.Net.Http.HttpClient.Default.LogicalHandler End processing HTTP request after 17.3301ms - 200
2026-09-23 15:36:07.522 +05:30 [INF] System.Net.Http.HttpClient.Default.ClientHandler Received HTTP response headers after 17.7257ms - 200
2026-09-23 15:36:07.522 +05:30 [INF] System.Net.Http.HttpClient.Default.LogicalHandler End processing HTTP request after 18.4978ms - 200
2026-09-23 15:36:07.522 +05:30 [INF] Serilog.AspNetCore.RequestLoggingMiddleware HTTP GET /api/AgentGateway/prices/Skipjack/predict responded 200 in 20.714 ms
2026-09-23 15:36:07.523 +05:30 [INF] Serilog.AspNetCore.RequestLoggingMiddleware HTTP GET /api/AgentGateway/prices/Mackerel/predict responded 200 in 20.671 ms
2026-09-23 15:36:45.125 +05:30 [INF] Serilog.AspNetCore.RequestLoggingMiddleware HTTP OPTIONS /api/Auth/register responded 204 in 0.748 ms
2026-09-23 15:36:45.281 +05:30 [INF] Serilog.AspNetCore.RequestLoggingMiddleware HTTP POST /api/Auth/register responded 200 in 147.680 ms
2026-09-23 15:36:50.942 +05:30 [INF] Serilog.AspNetCore.RequestLoggingMiddleware HTTP OPTIONS /api/Auth/login responded 204 in 0.080 ms
2026-09-23 15:36:51.061 +05:30 [INF] Serilog.AspNetCore.RequestLoggingMiddleware HTTP POST /api/Auth/login responded 200 in 117.619 ms
2026-09-23 15:36:51.085 +05:30 [INF] Serilog.AspNetCore.RequestLoggingMiddleware HTTP OPTIONS /api/BuyerMatch/preferences/me responded 204 in 0.082 ms
2026-09-23 15:36:51.085 +05:30 [INF] Serilog.AspNetCore.RequestLoggingMiddleware HTTP OPTIONS /api/BuyerMatch/available responded 204 in 0.061 ms
2026-09-23 15:36:51.085 +05:30 [INF] Serilog.AspNetCore.RequestLoggingMiddleware HTTP OPTIONS /api/BuyerMatch/recommend responded 204 in 0.050 ms
2026-09-23 15:36:51.086 +05:30 [INF] Serilog.AspNetCore.RequestLoggingMiddleware HTTP OPTIONS /api/Users/me responded 204 in 0.037 ms
2026-09-23 15:36:51.087 +05:30 [INF] Serilog.AspNetCore.RequestLoggingMiddleware HTTP OPTIONS /api/Users/me responded 204 in 0.036 ms
2026-09-23 15:36:51.091 +05:30 [INF] Serilog.AspNetCore.RequestLoggingMiddleware HTTP GET /api/Users/me responded 200 in 2.887 ms
2026-09-23 15:36:51.095 +05:30 [INF] Serilog.AspNetCore.RequestLoggingMiddleware HTTP GET /api/Users/me responded 200 in 1.961 ms
2026-09-23 15:36:51.100 +05:30 [INF] Serilog.AspNetCore.RequestLoggingMiddleware HTTP GET /api/BuyerMatch/preferences/me responded 404 in 13.680 ms
2026-09-23 15:36:51.102 +05:30 [INF] Serilog.AspNetCore.RequestLoggingMiddleware HTTP GET /api/BuyerMatch/preferences/me responded 404 in 1.405 ms
2026-09-23 15:36:51.114 +05:30 [INF] Serilog.AspNetCore.RequestLoggingMiddleware HTTP GET /api/BuyerMatch/available responded 200 in 27.606 ms
2026-09-23 15:36:51.120 +05:30 [INF] Serilog.AspNetCore.RequestLoggingMiddleware HTTP GET /api/BuyerMatch/available responded 200 in 5.508 ms
2026-09-23 15:36:51.124 +05:30 [INF] Serilog.AspNetCore.RequestLoggingMiddleware HTTP POST /api/BuyerMatch/recommend responded 200 in 37.551 ms
2026-09-23 15:36:51.124 +05:30 [INF] Serilog.AspNetCore.RequestLoggingMiddleware HTTP POST /api/BuyerMatch/recommend responded 200 in 38.297 ms
2026-09-23 15:37:02.104 +05:30 [INF] Serilog.AspNetCore.RequestLoggingMiddleware HTTP OPTIONS /api/Users/me responded 204 in 0.067 ms
2026-09-23 15:37:02.104 +05:30 [INF] Serilog.AspNetCore.RequestLoggingMiddleware HTTP OPTIONS /api/Users/me responded 204 in 0.160 ms
2026-09-23 15:37:02.107 +05:30 [INF] Serilog.AspNetCore.RequestLoggingMiddleware HTTP GET /api/Users/me responded 200 in 1.797 ms
2026-09-23 15:37:02.111 +05:30 [INF] Serilog.AspNetCore.RequestLoggingMiddleware HTTP GET /api/Users/me responded 200 in 2.259 ms
2026-09-23 15:37:19.105 +05:30 [INF] Serilog.AspNetCore.RequestLoggingMiddleware HTTP OPTIONS /api/Weather/locations responded 204 in 0.082 ms
2026-09-23 15:37:19.108 +05:30 [INF] Serilog.AspNetCore.RequestLoggingMiddleware HTTP OPTIONS /api/Catches/flagged responded 204 in 0.056 ms
2026-09-23 15:37:19.110 +05:30 [INF] Serilog.AspNetCore.RequestLoggingMiddleware HTTP OPTIONS /api/Catches responded 204 in 0.138 ms
2026-09-23 15:37:19.114 +05:30 [INF] Serilog.AspNetCore.RequestLoggingMiddleware HTTP OPTIONS /api/Logistics/plans responded 204 in 0.027 ms
2026-09-23 15:37:19.116 +05:30 [INF] Serilog.AspNetCore.RequestLoggingMiddleware HTTP OPTIONS /api/Logistics/plans responded 204 in 0.025 ms
2026-09-23 15:37:19.117 +05:30 [INF] Serilog.AspNetCore.RequestLoggingMiddleware HTTP GET /api/Catches/flagged responded 403 in 2.196 ms
2026-09-23 15:37:19.118 +05:30 [INF] Serilog.AspNetCore.RequestLoggingMiddleware HTTP GET /api/Catches/flagged responded 403 in 0.238 ms
2026-09-23 15:37:19.121 +05:30 [INF] FishLink.API.Services.WeatherService OpenWeatherMap API key not configured — using simulated weather for Negombo
2026-09-23 15:37:19.123 +05:30 [INF] FishLink.API.Services.WeatherService OpenWeatherMap API key not configured — using simulated weather for Colombo
2026-09-23 15:37:19.123 +05:30 [INF] FishLink.API.Services.WeatherService OpenWeatherMap API key not configured — using simulated weather for Galle
2026-09-23 15:37:19.123 +05:30 [INF] FishLink.API.Services.WeatherService OpenWeatherMap API key not configured — using simulated weather for Jaffna
2026-09-23 15:37:19.123 +05:30 [INF] FishLink.API.Services.WeatherService OpenWeatherMap API key not configured — using simulated weather for Matara
2026-09-23 15:37:19.130 +05:30 [INF] Serilog.AspNetCore.RequestLoggingMiddleware HTTP GET /api/Weather/locations responded 200 in 19.656 ms
2026-09-23 15:37:19.132 +05:30 [INF] Serilog.AspNetCore.RequestLoggingMiddleware HTTP GET /api/Weather/locations responded 200 in 1.037 ms
2026-09-23 15:37:19.146 +05:30 [INF] Serilog.AspNetCore.RequestLoggingMiddleware HTTP GET /api/Weather/locations responded 200 in 0.461 ms
2026-09-23 15:37:19.148 +05:30 [INF] Serilog.AspNetCore.RequestLoggingMiddleware HTTP GET /api/Weather/locations responded 200 in 0.584 ms
2026-09-23 15:37:19.164 +05:30 [INF] FishLink.API.Services.CatchService GetCatches: 23 results, page 1/3
2026-09-23 15:37:19.165 +05:30 [INF] Serilog.AspNetCore.RequestLoggingMiddleware HTTP GET /api/Catches responded 200 in 51.198 ms
2026-09-23 15:37:19.169 +05:30 [INF] FishLink.API.Services.CatchService GetCatches: 23 results, page 1/3
2026-09-23 15:37:19.169 +05:30 [INF] Serilog.AspNetCore.RequestLoggingMiddleware HTTP GET /api/Catches responded 200 in 3.476 ms
2026-09-23 15:37:19.196 +05:30 [INF] Serilog.AspNetCore.RequestLoggingMiddleware HTTP GET /api/Logistics/plans responded 200 in 80.110 ms
2026-09-23 15:37:19.199 +05:30 [INF] Serilog.AspNetCore.RequestLoggingMiddleware HTTP GET /api/Logistics/plans responded 200 in 2.457 ms
2026-09-23 15:37:33.882 +05:30 [INF] Serilog.AspNetCore.RequestLoggingMiddleware HTTP OPTIONS /api/BuyerMatch/preferences/me responded 204 in 0.045 ms
2026-09-23 15:37:33.882 +05:30 [INF] Serilog.AspNetCore.RequestLoggingMiddleware HTTP OPTIONS /api/BuyerMatch/available responded 204 in 0.026 ms
2026-09-23 15:37:33.882 +05:30 [INF] Serilog.AspNetCore.RequestLoggingMiddleware HTTP OPTIONS /api/BuyerMatch/recommend responded 204 in 0.024 ms
2026-09-23 15:37:33.890 +05:30 [INF] Serilog.AspNetCore.RequestLoggingMiddleware HTTP GET /api/BuyerMatch/preferences/me responded 404 in 5.391 ms
2026-09-23 15:37:33.891 +05:30 [INF] Serilog.AspNetCore.RequestLoggingMiddleware HTTP GET /api/BuyerMatch/available responded 200 in 7.260 ms
2026-09-23 15:37:33.892 +05:30 [INF] Serilog.AspNetCore.RequestLoggingMiddleware HTTP GET /api/BuyerMatch/preferences/me responded 404 in 1.472 ms
2026-09-23 15:37:33.895 +05:30 [INF] Serilog.AspNetCore.RequestLoggingMiddleware HTTP GET /api/BuyerMatch/available responded 200 in 3.070 ms
2026-09-23 15:37:33.939 +05:30 [INF] Serilog.AspNetCore.RequestLoggingMiddleware HTTP POST /api/BuyerMatch/recommend responded 200 in 55.179 ms
2026-09-23 15:37:34.056 +05:30 [INF] Serilog.AspNetCore.RequestLoggingMiddleware HTTP POST /api/BuyerMatch/recommend responded 200 in 171.685 ms
2026-09-23 15:48:16.190 +05:30 [INF] Serilog.AspNetCore.RequestLoggingMiddleware HTTP OPTIONS /api/Bids responded 204 in 0.128 ms
2026-09-23 15:48:18.287 +05:30 [INF] Serilog.AspNetCore.RequestLoggingMiddleware HTTP POST /api/Bids responded 201 in 2095.134 ms
2026-09-23 15:48:18.294 +05:30 [INF] FishLink.API.Controllers.AgentGatewayController Workflow wf-25 → Agent=Planning Status=InProgress
2026-09-23 15:48:18.294 +05:30 [INF] Serilog.AspNetCore.RequestLoggingMiddleware HTTP POST /api/AgentGateway/webhook/status responded 200 in 2.325 ms
2026-09-23 15:48:19.306 +05:30 [INF] FishLink.API.Controllers.AgentGatewayController Workflow wf-25 → Agent=QualityValidation Status=InProgress
2026-09-23 15:48:19.307 +05:30 [INF] Serilog.AspNetCore.RequestLoggingMiddleware HTTP POST /api/AgentGateway/webhook/status responded 200 in 7.049 ms
2026-09-23 15:48:20.311 +05:30 [INF] Serilog.AspNetCore.RequestLoggingMiddleware HTTP GET /api/Catches/25 responded 200 in 1.667 ms
2026-09-23 15:48:22.382 +05:30 [INF] Serilog.AspNetCore.RequestLoggingMiddleware HTTP GET /api/Catches/seller-history/49 responded 200 in 1.823 ms
2026-09-23 15:48:22.389 +05:30 [INF] Serilog.AspNetCore.RequestLoggingMiddleware HTTP GET /api/Bids/catch/25 responded 200 in 4.586 ms
2026-09-23 15:48:22.394 +05:30 [INF] FishLink.API.Services.CatchService Validation saved for Catch 25: Medium
2026-09-23 15:48:22.395 +05:30 [INF] Serilog.AspNetCore.RequestLoggingMiddleware HTTP POST /api/Catches/validate responded 200 in 3.055 ms
2026-09-23 15:48:22.400 +05:30 [INF] FishLink.API.Controllers.AgentGatewayController Workflow wf-25 → Agent=QualityValidation Status=PendingApproval
2026-09-23 15:48:22.400 +05:30 [INF] Serilog.AspNetCore.RequestLoggingMiddleware HTTP POST /api/AgentGateway/webhook/status responded 200 in 2.602 ms
2026-09-23 15:48:22.418 +05:30 [INF] FishLink.API.Controllers.AgentGatewayController Workflow wf-25 → Agent=AdminApproval Status=PendingApproval
2026-09-23 15:48:22.418 +05:30 [INF] Serilog.AspNetCore.RequestLoggingMiddleware HTTP POST /api/AgentGateway/webhook/status responded 200 in 2.156 ms
2026-09-23 15:49:07.691 +05:30 [INF] Serilog.AspNetCore.RequestLoggingMiddleware HTTP OPTIONS /api/Weather/locations responded 204 in 1.408 ms
2026-09-23 15:49:07.696 +05:30 [INF] Serilog.AspNetCore.RequestLoggingMiddleware HTTP OPTIONS /api/Catches/flagged responded 204 in 0.126 ms
2026-09-23 15:49:07.697 +05:30 [INF] Serilog.AspNetCore.RequestLoggingMiddleware HTTP OPTIONS /api/Catches responded 204 in 0.020 ms
2026-09-23 15:49:07.701 +05:30 [INF] Serilog.AspNetCore.RequestLoggingMiddleware HTTP OPTIONS /api/Logistics/plans responded 204 in 0.042 ms
2026-09-23 15:49:07.702 +05:30 [INF] Serilog.AspNetCore.RequestLoggingMiddleware HTTP GET /api/Catches/flagged responded 403 in 0.272 ms
2026-09-23 15:49:07.703 +05:30 [INF] Serilog.AspNetCore.RequestLoggingMiddleware HTTP GET /api/Weather/locations responded 200 in 1.053 ms
2026-09-23 15:49:07.710 +05:30 [INF] Serilog.AspNetCore.RequestLoggingMiddleware HTTP GET /api/Catches/flagged responded 403 in 0.176 ms
2026-09-23 15:49:07.710 +05:30 [INF] Serilog.AspNetCore.RequestLoggingMiddleware HTTP GET /api/Weather/locations responded 200 in 0.337 ms
2026-09-23 15:49:07.716 +05:30 [INF] FishLink.API.Services.CatchService GetCatches: 23 results, page 1/3
2026-09-23 15:49:07.718 +05:30 [INF] Serilog.AspNetCore.RequestLoggingMiddleware HTTP GET /api/Weather/locations responded 200 in 0.340 ms
2026-09-23 15:49:07.719 +05:30 [INF] Serilog.AspNetCore.RequestLoggingMiddleware HTTP GET /api/Catches responded 200 in 14.853 ms
2026-09-23 15:49:07.720 +05:30 [INF] Serilog.AspNetCore.RequestLoggingMiddleware HTTP GET /api/Weather/locations responded 200 in 0.238 ms
2026-09-23 15:49:07.722 +05:30 [INF] FishLink.API.Services.CatchService GetCatches: 23 results, page 1/3
2026-09-23 15:49:07.723 +05:30 [INF] Serilog.AspNetCore.RequestLoggingMiddleware HTTP GET /api/Catches responded 200 in 4.219 ms
2026-09-23 15:49:07.749 +05:30 [INF] Serilog.AspNetCore.RequestLoggingMiddleware HTTP GET /api/Logistics/plans responded 200 in 41.408 ms
2026-09-23 15:49:07.752 +05:30 [INF] Serilog.AspNetCore.RequestLoggingMiddleware HTTP GET /api/Logistics/plans responded 200 in 2.706 ms
2026-09-23 15:51:15.165 +05:30 [INF] Serilog.AspNetCore.RequestLoggingMiddleware HTTP OPTIONS /api/Weather/locations responded 204 in 0.027 ms
2026-09-23 15:51:15.165 +05:30 [INF] Serilog.AspNetCore.RequestLoggingMiddleware HTTP OPTIONS /api/Weather/locations responded 204 in 0.137 ms
2026-09-23 15:51:15.166 +05:30 [INF] Serilog.AspNetCore.RequestLoggingMiddleware HTTP GET /api/Weather/locations responded 200 in 0.314 ms
2026-09-23 15:51:15.167 +05:30 [INF] Serilog.AspNetCore.RequestLoggingMiddleware HTTP GET /api/Weather/locations responded 200 in 0.153 ms
2026-09-23 15:51:16.489 +05:30 [INF] Serilog.AspNetCore.RequestLoggingMiddleware HTTP OPTIONS /api/Catches/flagged responded 204 in 0.070 ms
2026-09-23 15:51:16.490 +05:30 [INF] Serilog.AspNetCore.RequestLoggingMiddleware HTTP OPTIONS /api/Catches responded 204 in 0.028 ms
2026-09-23 15:51:16.491 +05:30 [INF] Serilog.AspNetCore.RequestLoggingMiddleware HTTP OPTIONS /api/Logistics/plans responded 204 in 0.020 ms
2026-09-23 15:51:16.492 +05:30 [INF] Serilog.AspNetCore.RequestLoggingMiddleware HTTP GET /api/Catches/flagged responded 403 in 0.505 ms
2026-09-23 15:51:16.497 +05:30 [INF] Serilog.AspNetCore.RequestLoggingMiddleware HTTP GET /api/Logistics/plans responded 200 in 3.704 ms
2026-09-23 15:51:16.505 +05:30 [INF] FishLink.API.Services.CatchService GetCatches: 23 results, page 1/3
2026-09-23 15:51:16.508 +05:30 [INF] Serilog.AspNetCore.RequestLoggingMiddleware HTTP GET /api/Catches responded 200 in 16.161 ms
2026-09-23 15:51:16.520 +05:30 [INF] Serilog.AspNetCore.RequestLoggingMiddleware HTTP GET /api/Weather/locations responded 200 in 0.610 ms
2026-09-23 15:51:16.523 +05:30 [INF] Serilog.AspNetCore.RequestLoggingMiddleware HTTP GET /api/Weather/locations responded 200 in 0.419 ms
2026-09-23 15:51:18.115 +05:30 [INF] Serilog.AspNetCore.RequestLoggingMiddleware HTTP GET /api/Catches/flagged responded 403 in 0.192 ms
2026-09-23 15:51:18.116 +05:30 [INF] Serilog.AspNetCore.RequestLoggingMiddleware HTTP GET /api/Logistics/plans responded 200 in 0.938 ms
2026-09-23 15:51:18.117 +05:30 [INF] FishLink.API.Services.CatchService GetCatches: 23 results, page 1/3
2026-09-23 15:51:18.119 +05:30 [INF] Serilog.AspNetCore.RequestLoggingMiddleware HTTP GET /api/Catches responded 200 in 3.725 ms
2026-09-23 15:51:18.128 +05:30 [INF] Serilog.AspNetCore.RequestLoggingMiddleware HTTP GET /api/Weather/locations responded 200 in 0.348 ms
2026-09-23 15:51:18.129 +05:30 [INF] Serilog.AspNetCore.RequestLoggingMiddleware HTTP GET /api/Weather/locations responded 200 in 0.263 ms
2026-09-23 15:51:32.112 +05:30 [INF] Serilog.AspNetCore.RequestLoggingMiddleware HTTP OPTIONS /api/BuyerMatch/preferences/me responded 204 in 0.027 ms
2026-09-23 15:51:32.113 +05:30 [INF] Serilog.AspNetCore.RequestLoggingMiddleware HTTP OPTIONS /api/BuyerMatch/available responded 204 in 0.018 ms
2026-09-23 15:51:32.114 +05:30 [INF] Serilog.AspNetCore.RequestLoggingMiddleware HTTP OPTIONS /api/BuyerMatch/recommend responded 204 in 0.040 ms
2026-09-23 15:51:32.116 +05:30 [INF] Serilog.AspNetCore.RequestLoggingMiddleware HTTP OPTIONS /api/BuyerMatch/recommend responded 204 in 0.034 ms
2026-09-23 15:51:32.117 +05:30 [INF] Serilog.AspNetCore.RequestLoggingMiddleware HTTP GET /api/BuyerMatch/available responded 200 in 2.688 ms
2026-09-23 15:51:32.117 +05:30 [INF] Serilog.AspNetCore.RequestLoggingMiddleware HTTP GET /api/BuyerMatch/preferences/me responded 404 in 2.996 ms
2026-09-23 15:51:32.122 +05:30 [INF] Serilog.AspNetCore.RequestLoggingMiddleware HTTP POST /api/BuyerMatch/recommend responded 200 in 5.550 ms
2026-09-23 15:51:32.124 +05:30 [INF] Serilog.AspNetCore.RequestLoggingMiddleware HTTP POST /api/BuyerMatch/recommend responded 200 in 6.968 ms
2026-09-23 15:51:32.150 +05:30 [INF] Serilog.AspNetCore.RequestLoggingMiddleware HTTP GET /api/BuyerMatch/available responded 200 in 31.995 ms
2026-09-23 15:51:32.151 +05:30 [INF] Serilog.AspNetCore.RequestLoggingMiddleware HTTP GET /api/BuyerMatch/preferences/me responded 404 in 32.684 ms
2026-09-23 15:52:45.366 +05:30 [INF] Serilog.AspNetCore.RequestLoggingMiddleware HTTP OPTIONS /api/Catches/flagged responded 204 in 0.158 ms
2026-09-23 15:52:45.366 +05:30 [INF] Serilog.AspNetCore.RequestLoggingMiddleware HTTP OPTIONS /api/Weather/locations responded 204 in 0.097 ms
2026-09-23 15:52:45.368 +05:30 [INF] Serilog.AspNetCore.RequestLoggingMiddleware HTTP OPTIONS /api/Catches responded 204 in 0.082 ms
2026-09-23 15:52:45.377 +05:30 [INF] Serilog.AspNetCore.RequestLoggingMiddleware HTTP OPTIONS /api/Logistics/plans responded 204 in 0.087 ms
2026-09-23 15:52:45.383 +05:30 [INF] Serilog.AspNetCore.RequestLoggingMiddleware HTTP GET /api/Catches/flagged responded 403 in 0.727 ms
2026-09-23 15:52:45.383 +05:30 [INF] FishLink.API.Services.WeatherService OpenWeatherMap API key not configured — using simulated weather for Negombo
2026-09-23 15:52:45.383 +05:30 [INF] FishLink.API.Services.WeatherService OpenWeatherMap API key not configured — using simulated weather for Colombo
2026-09-23 15:52:45.383 +05:30 [INF] FishLink.API.Services.WeatherService OpenWeatherMap API key not configured — using simulated weather for Galle
2026-09-23 15:52:45.383 +05:30 [INF] FishLink.API.Services.WeatherService OpenWeatherMap API key not configured — using simulated weather for Jaffna
2026-09-23 15:52:45.383 +05:30 [INF] FishLink.API.Services.WeatherService OpenWeatherMap API key not configured — using simulated weather for Matara
2026-09-23 15:52:45.384 +05:30 [INF] Serilog.AspNetCore.RequestLoggingMiddleware HTTP GET /api/Weather/locations responded 200 in 2.034 ms
2026-09-23 15:52:45.391 +05:30 [INF] Serilog.AspNetCore.RequestLoggingMiddleware HTTP GET /api/Weather/locations responded 200 in 0.899 ms
2026-09-23 15:52:45.391 +05:30 [INF] Serilog.AspNetCore.RequestLoggingMiddleware HTTP GET /api/Catches/flagged responded 403 in 0.428 ms
2026-09-23 15:52:45.393 +05:30 [INF] Serilog.AspNetCore.RequestLoggingMiddleware HTTP GET /api/Logistics/plans responded 200 in 6.073 ms
2026-09-23 15:52:45.398 +05:30 [INF] FishLink.API.Services.CatchService GetCatches: 23 results, page 1/3
2026-09-23 15:52:45.404 +05:30 [INF] Serilog.AspNetCore.RequestLoggingMiddleware HTTP GET /api/Catches responded 200 in 20.469 ms
2026-09-23 15:52:45.409 +05:30 [INF] Serilog.AspNetCore.RequestLoggingMiddleware HTTP GET /api/Logistics/plans responded 200 in 11.203 ms
2026-09-23 15:52:45.414 +05:30 [INF] FishLink.API.Services.CatchService GetCatches: 23 results, page 1/3
2026-09-23 15:52:45.415 +05:30 [INF] Serilog.AspNetCore.RequestLoggingMiddleware HTTP GET /api/Catches responded 200 in 11.186 ms
2026-09-23 15:52:45.426 +05:30 [INF] Serilog.AspNetCore.RequestLoggingMiddleware HTTP GET /api/Weather/locations responded 200 in 0.363 ms
2026-09-23 15:52:45.429 +05:30 [INF] Serilog.AspNetCore.RequestLoggingMiddleware HTTP GET /api/Weather/locations responded 200 in 0.452 ms
2026-09-23 16:00:16.656 +05:30 [INF] Serilog.AspNetCore.RequestLoggingMiddleware HTTP OPTIONS /api/Weather/locations responded 204 in 0.121 ms
2026-09-23 16:00:16.656 +05:30 [INF] Serilog.AspNetCore.RequestLoggingMiddleware HTTP OPTIONS /api/Weather/locations responded 204 in 0.015 ms
2026-09-23 16:00:16.657 +05:30 [INF] Serilog.AspNetCore.RequestLoggingMiddleware HTTP GET /api/Weather/locations responded 200 in 0.403 ms
2026-09-23 16:00:16.658 +05:30 [INF] Serilog.AspNetCore.RequestLoggingMiddleware HTTP GET /api/Weather/locations responded 200 in 0.232 ms
2026-09-23 16:01:01.816 +05:30 [INF] Serilog.AspNetCore.RequestLoggingMiddleware HTTP OPTIONS /api/Weather/locations responded 204 in 0.071 ms
2026-09-23 16:01:01.816 +05:30 [INF] Serilog.AspNetCore.RequestLoggingMiddleware HTTP OPTIONS /api/Weather/locations responded 204 in 0.019 ms
2026-09-23 16:01:01.818 +05:30 [INF] Serilog.AspNetCore.RequestLoggingMiddleware HTTP GET /api/Weather/locations responded 200 in 0.190 ms
2026-09-23 16:01:01.821 +05:30 [INF] Serilog.AspNetCore.RequestLoggingMiddleware HTTP GET /api/Weather/locations responded 200 in 0.189 ms
2026-09-23 16:02:32.990 +05:30 [INF] Serilog.AspNetCore.RequestLoggingMiddleware HTTP GET /api/Catches/market-stats responded 200 in 30.414 ms
2026-09-23 16:02:46.814 +05:30 [INF] Serilog.AspNetCore.RequestLoggingMiddleware HTTP POST /api/Auth/login responded 401 in 3.186 ms
2026-09-23 16:02:46.817 +05:30 [INF] Serilog.AspNetCore.RequestLoggingMiddleware HTTP POST /api/Auth/login responded 401 in 1.037 ms
2026-09-23 16:02:46.819 +05:30 [INF] Serilog.AspNetCore.RequestLoggingMiddleware HTTP POST /api/Auth/login responded 401 in 0.723 ms
2026-09-23 16:02:55.884 +05:30 [INF] Serilog.AspNetCore.RequestLoggingMiddleware HTTP POST /api/Auth/register responded 200 in 143.500 ms
2026-09-23 16:03:17.205 +05:30 [INF] Serilog.AspNetCore.RequestLoggingMiddleware HTTP POST /api/Auth/login responded 200 in 125.071 ms
2026-09-23 16:03:17.218 +05:30 [INF] Serilog.AspNetCore.RequestLoggingMiddleware HTTP GET /api/Catches/flagged responded 200 in 11.621 ms
2026-09-23 16:03:58.956 +05:30 [INF]  FishLink API starting on Development
2026-09-23 16:03:59.047 +05:30 [INF] Microsoft.Hosting.Lifetime Now listening on: http://localhost:5157
2026-09-23 16:03:59.049 +05:30 [INF] Microsoft.Hosting.Lifetime Application started. Press Ctrl+C to shut down.
2026-09-23 16:03:59.049 +05:30 [INF] Microsoft.Hosting.Lifetime Hosting environment: Development
2026-09-23 16:03:59.049 +05:30 [INF] Microsoft.Hosting.Lifetime Content root path: C:\Users\Kaveesha\Desktop\fish\FishLink.API
2026-09-23 16:04:25.888 +05:30 [INF] Serilog.AspNetCore.RequestLoggingMiddleware HTTP POST /api/Auth/login responded 200 in 1109.496 ms
2026-09-23 16:04:25.923 +05:30 [INF] Serilog.AspNetCore.RequestLoggingMiddleware HTTP POST /api/Catches responded 403 in 26.837 ms
2026-09-23 16:04:25.928 +05:30 [INF] Serilog.AspNetCore.RequestLoggingMiddleware HTTP POST /api/Catches responded 403 in 2.536 ms
2026-09-23 16:04:25.931 +05:30 [INF] Serilog.AspNetCore.RequestLoggingMiddleware HTTP POST /api/Catches responded 403 in 0.824 ms
2026-09-23 16:04:25.932 +05:30 [INF] Serilog.AspNetCore.RequestLoggingMiddleware HTTP POST /api/Catches responded 403 in 0.227 ms
2026-09-23 16:04:26.109 +05:30 [INF] Serilog.AspNetCore.RequestLoggingMiddleware HTTP POST /api/Logistics/plans responded 200 in 174.939 ms
2026-09-23 16:04:26.170 +05:30 [INF] Serilog.AspNetCore.RequestLoggingMiddleware HTTP POST /api/Logistics/plans responded 200 in 58.846 ms
2026-09-23 16:04:26.274 +05:30 [INF] Serilog.AspNetCore.RequestLoggingMiddleware HTTP GET /api/Catches/flagged responded 200 in 101.170 ms
2026-09-23 16:04:44.231 +05:30 [INF] Serilog.AspNetCore.RequestLoggingMiddleware HTTP POST /api/Auth/register responded 200 in 199.389 ms
2026-09-23 16:04:44.482 +05:30 [INF] Serilog.AspNetCore.RequestLoggingMiddleware HTTP POST /api/Auth/login responded 200 in 248.217 ms
2026-09-23 16:04:44.526 +05:30 [INF] FishLink.API.Services.CatchService Catch 27 created by fisherman 54
2026-09-23 16:04:44.542 +05:30 [INF] Serilog.AspNetCore.RequestLoggingMiddleware HTTP POST /api/Catches responded 201 in 56.652 ms
2026-09-23 16:04:44.580 +05:30 [INF] FishLink.API.Services.CatchService Validation saved for Catch 27: High
2026-09-23 16:04:44.582 +05:30 [INF] Serilog.AspNetCore.RequestLoggingMiddleware HTTP POST /api/Catches/validate responded 200 in 36.994 ms
2026-09-23 16:04:44.591 +05:30 [INF] FishLink.API.Services.CatchService Catch 28 created by fisherman 54
2026-09-23 16:04:44.592 +05:30 [INF] Serilog.AspNetCore.RequestLoggingMiddleware HTTP POST /api/Catches responded 201 in 5.495 ms
2026-09-23 16:04:44.600 +05:30 [INF] FishLink.API.Services.CatchService Validation saved for Catch 28: High
2026-09-23 16:04:44.600 +05:30 [INF] Serilog.AspNetCore.RequestLoggingMiddleware HTTP POST /api/Catches/validate responded 200 in 5.059 ms
2026-09-23 16:04:44.606 +05:30 [INF] FishLink.API.Services.CatchService Catch 29 created by fisherman 54
2026-09-23 16:04:44.607 +05:30 [INF] Serilog.AspNetCore.RequestLoggingMiddleware HTTP POST /api/Catches responded 201 in 3.869 ms
2026-09-23 16:04:44.615 +05:30 [INF] FishLink.API.Services.CatchService Validation saved for Catch 29: Medium
2026-09-23 16:04:44.615 +05:30 [INF] Serilog.AspNetCore.RequestLoggingMiddleware HTTP POST /api/Catches/validate responded 200 in 4.935 ms
2026-09-23 16:04:44.622 +05:30 [INF] FishLink.API.Services.CatchService Catch 30 created by fisherman 54
2026-09-23 16:04:44.622 +05:30 [INF] Serilog.AspNetCore.RequestLoggingMiddleware HTTP POST /api/Catches responded 201 in 4.716 ms
2026-09-23 16:04:44.630 +05:30 [INF] FishLink.API.Services.CatchService Validation saved for Catch 30: Medium
2026-09-23 16:04:44.630 +05:30 [INF] Serilog.AspNetCore.RequestLoggingMiddleware HTTP POST /api/Catches/validate responded 200 in 4.931 ms
2026-09-23 16:04:44.639 +05:30 [INF] Serilog.AspNetCore.RequestLoggingMiddleware HTTP GET /api/Catches/flagged responded 200 in 6.028 ms
2026-09-23 16:04:56.301 +05:30 [INF] Serilog.AspNetCore.RequestLoggingMiddleware HTTP POST /api/Auth/login responded 200 in 123.342 ms
2026-09-23 16:04:56.306 +05:30 [INF] Serilog.AspNetCore.RequestLoggingMiddleware HTTP GET /api/Catches/flagged responded 200 in 2.136 ms
2026-09-23 16:04:56.320 +05:30 [INF] Serilog.AspNetCore.RequestLoggingMiddleware HTTP GET /api/Logistics/plans responded 200 in 12.727 ms
2026-09-23 16:05:39.423 +05:30 [INF] Serilog.AspNetCore.RequestLoggingMiddleware HTTP OPTIONS /api/BuyerMatch/preferences/me responded 204 in 3.021 ms
2026-09-23 16:05:39.423 +05:30 [INF] Serilog.AspNetCore.RequestLoggingMiddleware HTTP OPTIONS /api/BuyerMatch/available responded 204 in 3.658 ms
2026-09-23 16:05:39.423 +05:30 [INF] Serilog.AspNetCore.RequestLoggingMiddleware HTTP OPTIONS /api/Users/me responded 204 in 3.110 ms
2026-09-23 16:05:39.423 +05:30 [INF] Serilog.AspNetCore.RequestLoggingMiddleware HTTP OPTIONS /api/BuyerMatch/preferences/me responded 204 in 3.001 ms
2026-09-23 16:05:39.423 +05:30 [INF] Serilog.AspNetCore.RequestLoggingMiddleware HTTP OPTIONS /api/BuyerMatch/recommend responded 204 in 3.154 ms
2026-09-23 16:05:39.425 +05:30 [INF] Serilog.AspNetCore.RequestLoggingMiddleware HTTP OPTIONS /api/BuyerMatch/available responded 204 in 0.475 ms
2026-09-23 16:05:39.427 +05:30 [INF] Serilog.AspNetCore.RequestLoggingMiddleware HTTP OPTIONS /api/BuyerMatch/recommend responded 204 in 0.072 ms
2026-09-23 16:05:39.429 +05:30 [INF] Serilog.AspNetCore.RequestLoggingMiddleware HTTP OPTIONS /api/Users/me responded 204 in 0.109 ms
2026-09-23 16:05:39.458 +05:30 [INF] Serilog.AspNetCore.RequestLoggingMiddleware HTTP GET /api/BuyerMatch/preferences/me responded 404 in 28.815 ms
2026-09-23 16:05:39.461 +05:30 [INF] Serilog.AspNetCore.RequestLoggingMiddleware HTTP GET /api/Users/me responded 200 in 31.730 ms
2026-09-23 16:05:39.462 +05:30 [INF] Serilog.AspNetCore.RequestLoggingMiddleware HTTP GET /api/BuyerMatch/preferences/me responded 404 in 2.429 ms
2026-09-23 16:05:39.466 +05:30 [INF] Serilog.AspNetCore.RequestLoggingMiddleware HTTP GET /api/Users/me responded 200 in 3.018 ms
2026-09-23 16:05:39.487 +05:30 [INF] Serilog.AspNetCore.RequestLoggingMiddleware HTTP GET /api/BuyerMatch/available responded 200 in 57.160 ms
2026-09-23 16:05:39.487 +05:30 [INF] Serilog.AspNetCore.RequestLoggingMiddleware HTTP GET /api/BuyerMatch/available responded 200 in 4.652 ms
2026-09-23 16:05:39.532 +05:30 [INF] Serilog.AspNetCore.RequestLoggingMiddleware HTTP POST /api/BuyerMatch/recommend responded 200 in 101.137 ms
2026-09-23 16:05:39.532 +05:30 [INF] Serilog.AspNetCore.RequestLoggingMiddleware HTTP POST /api/BuyerMatch/recommend responded 200 in 101.121 ms
2026-09-23 16:05:42.413 +05:30 [INF] Serilog.AspNetCore.RequestLoggingMiddleware HTTP OPTIONS /api/Weather/locations responded 204 in 0.726 ms
2026-09-23 16:05:42.413 +05:30 [INF] Serilog.AspNetCore.RequestLoggingMiddleware HTTP OPTIONS /api/Catches/flagged responded 204 in 0.682 ms
2026-09-23 16:05:42.415 +05:30 [INF] Serilog.AspNetCore.RequestLoggingMiddleware HTTP OPTIONS /api/Catches responded 204 in 0.858 ms
2026-09-23 16:05:42.415 +05:30 [INF] Serilog.AspNetCore.RequestLoggingMiddleware HTTP OPTIONS /api/Logistics/plans responded 204 in 0.332 ms
2026-09-23 16:05:42.435 +05:30 [INF] Serilog.AspNetCore.RequestLoggingMiddleware HTTP GET /api/Logistics/plans responded 200 in 13.342 ms
2026-09-23 16:05:42.436 +05:30 [INF] Serilog.AspNetCore.RequestLoggingMiddleware HTTP GET /api/Catches/flagged responded 200 in 14.756 ms
2026-09-23 16:05:42.443 +05:30 [INF] Serilog.AspNetCore.RequestLoggingMiddleware HTTP GET /api/Logistics/plans responded 200 in 5.087 ms
2026-09-23 16:05:42.445 +05:30 [INF] Serilog.AspNetCore.RequestLoggingMiddleware HTTP GET /api/Catches/flagged responded 200 in 4.885 ms
2026-09-23 16:05:42.452 +05:30 [INF] FishLink.API.Services.WeatherService OpenWeatherMap API key not configured — using simulated weather for Negombo
2026-09-23 16:05:42.457 +05:30 [INF] FishLink.API.Services.WeatherService OpenWeatherMap API key not configured — using simulated weather for Colombo
2026-09-23 16:05:42.458 +05:30 [INF] FishLink.API.Services.WeatherService OpenWeatherMap API key not configured — using simulated weather for Galle
2026-09-23 16:05:42.458 +05:30 [INF] FishLink.API.Services.WeatherService OpenWeatherMap API key not configured — using simulated weather for Jaffna
2026-09-23 16:05:42.459 +05:30 [INF] FishLink.API.Services.WeatherService OpenWeatherMap API key not configured — using simulated weather for Matara
2026-09-23 16:05:42.468 +05:30 [INF] Serilog.AspNetCore.RequestLoggingMiddleware HTTP GET /api/Weather/locations responded 200 in 43.064 ms
2026-09-23 16:05:42.471 +05:30 [INF] Serilog.AspNetCore.RequestLoggingMiddleware HTTP GET /api/Weather/locations responded 200 in 1.085 ms
2026-09-23 16:05:42.478 +05:30 [INF] Serilog.AspNetCore.RequestLoggingMiddleware HTTP GET /api/Weather/locations responded 200 in 0.669 ms
2026-09-23 16:05:42.480 +05:30 [INF] Serilog.AspNetCore.RequestLoggingMiddleware HTTP GET /api/Weather/locations responded 200 in 0.709 ms
2026-09-23 16:05:42.511 +05:30 [INF] FishLink.API.Services.CatchService GetCatches: 27 results, page 1/3
2026-09-23 16:05:42.514 +05:30 [INF] Serilog.AspNetCore.RequestLoggingMiddleware HTTP GET /api/Catches responded 200 in 92.464 ms
2026-09-23 16:05:42.517 +05:30 [INF] FishLink.API.Services.CatchService GetCatches: 27 results, page 1/3
2026-09-23 16:05:42.518 +05:30 [INF] Serilog.AspNetCore.RequestLoggingMiddleware HTTP GET /api/Catches responded 200 in 3.363 ms
2026-09-23 16:05:49.524 +05:30 [INF] Serilog.AspNetCore.RequestLoggingMiddleware HTTP OPTIONS /api/Weather/locations responded 204 in 0.140 ms
2026-09-23 16:05:49.524 +05:30 [INF] Serilog.AspNetCore.RequestLoggingMiddleware HTTP OPTIONS /api/Weather/locations responded 204 in 0.027 ms
2026-09-23 16:05:49.529 +05:30 [INF] Serilog.AspNetCore.RequestLoggingMiddleware HTTP GET /api/Weather/locations responded 200 in 3.750 ms
2026-09-23 16:05:49.531 +05:30 [INF] Serilog.AspNetCore.RequestLoggingMiddleware HTTP GET /api/Weather/locations responded 200 in 0.835 ms
2026-09-23 16:08:57.492 +05:30 [INF] Serilog.AspNetCore.RequestLoggingMiddleware HTTP OPTIONS /api/Weather/locations responded 204 in 0.193 ms
2026-09-23 16:08:57.495 +05:30 [INF] Serilog.AspNetCore.RequestLoggingMiddleware HTTP OPTIONS /api/Catches responded 204 in 0.071 ms
2026-09-23 16:08:57.495 +05:30 [INF] Serilog.AspNetCore.RequestLoggingMiddleware HTTP OPTIONS /api/Catches/flagged responded 204 in 0.081 ms
2026-09-23 16:08:57.496 +05:30 [INF] Serilog.AspNetCore.RequestLoggingMiddleware HTTP OPTIONS /api/Logistics/plans responded 204 in 0.066 ms
2026-09-23 16:08:57.498 +05:30 [INF] Serilog.AspNetCore.RequestLoggingMiddleware HTTP GET /api/Weather/locations responded 200 in 0.676 ms
2026-09-23 16:08:57.501 +05:30 [INF] Serilog.AspNetCore.RequestLoggingMiddleware HTTP GET /api/Weather/locations responded 200 in 0.366 ms
2026-09-23 16:08:57.531 +05:30 [INF] FishLink.API.Services.CatchService GetCatches: 27 results, page 1/3
2026-09-23 16:08:57.542 +05:30 [INF] Serilog.AspNetCore.RequestLoggingMiddleware HTTP GET /api/Catches/flagged responded 200 in 43.147 ms
2026-09-23 16:08:57.542 +05:30 [INF] Serilog.AspNetCore.RequestLoggingMiddleware HTTP GET /api/Logistics/plans responded 200 in 43.434 ms
2026-09-23 16:08:57.542 +05:30 [INF] Serilog.AspNetCore.RequestLoggingMiddleware HTTP GET /api/Catches responded 200 in 43.616 ms
2026-09-23 16:08:57.545 +05:30 [INF] Serilog.AspNetCore.RequestLoggingMiddleware HTTP GET /api/Logistics/plans responded 200 in 2.060 ms
2026-09-23 16:08:57.546 +05:30 [INF] Serilog.AspNetCore.RequestLoggingMiddleware HTTP GET /api/Catches/flagged responded 200 in 2.281 ms
2026-09-23 16:08:57.547 +05:30 [INF] FishLink.API.Services.CatchService GetCatches: 27 results, page 1/3
2026-09-23 16:08:57.548 +05:30 [INF] Serilog.AspNetCore.RequestLoggingMiddleware HTTP GET /api/Catches responded 200 in 4.027 ms
2026-09-23 16:08:57.595 +05:30 [INF] Serilog.AspNetCore.RequestLoggingMiddleware HTTP GET /api/Weather/locations responded 200 in 0.422 ms
2026-09-23 16:08:57.597 +05:30 [INF] Serilog.AspNetCore.RequestLoggingMiddleware HTTP GET /api/Weather/locations responded 200 in 0.376 ms
2026-09-23 16:10:45.028 +05:30 [INF] Serilog.AspNetCore.RequestLoggingMiddleware HTTP OPTIONS /api/Weather/locations responded 204 in 0.214 ms
2026-09-23 16:10:45.029 +05:30 [INF] Serilog.AspNetCore.RequestLoggingMiddleware HTTP OPTIONS /api/Weather/locations responded 204 in 0.051 ms
2026-09-23 16:10:45.032 +05:30 [INF] Serilog.AspNetCore.RequestLoggingMiddleware HTTP GET /api/Weather/locations responded 200 in 1.833 ms
2026-09-23 16:10:45.034 +05:30 [INF] Serilog.AspNetCore.RequestLoggingMiddleware HTTP GET /api/Weather/locations responded 200 in 0.668 ms
2026-09-23 16:12:53.302 +05:30 [INF] Serilog.AspNetCore.RequestLoggingMiddleware HTTP OPTIONS /api/Weather/locations responded 204 in 0.108 ms
2026-09-23 16:12:53.305 +05:30 [INF] Serilog.AspNetCore.RequestLoggingMiddleware HTTP GET /api/Weather/locations responded 200 in 0.521 ms
2026-09-23 16:12:53.307 +05:30 [INF] Serilog.AspNetCore.RequestLoggingMiddleware HTTP OPTIONS /api/Weather/locations responded 204 in 0.528 ms
2026-09-23 16:12:53.309 +05:30 [INF] Serilog.AspNetCore.RequestLoggingMiddleware HTTP GET /api/Weather/locations responded 200 in 0.321 ms
2026-09-23 16:13:25.031 +05:30 [INF] Serilog.AspNetCore.RequestLoggingMiddleware HTTP OPTIONS /api/Logistics/plans/5/approve responded 204 in 0.932 ms
2026-09-23 16:13:25.063 +05:30 [INF] Serilog.AspNetCore.RequestLoggingMiddleware HTTP PATCH /api/Logistics/plans/5/approve responded 403 in 8.295 ms
2026-09-23 16:13:27.854 +05:30 [INF] Serilog.AspNetCore.RequestLoggingMiddleware HTTP PATCH /api/Logistics/plans/5/approve responded 403 in 0.361 ms
2026-09-23 16:13:45.980 +05:30 [INF] Serilog.AspNetCore.RequestLoggingMiddleware HTTP OPTIONS /api/Weather/locations responded 204 in 0.121 ms
2026-09-23 16:13:45.980 +05:30 [INF] Serilog.AspNetCore.RequestLoggingMiddleware HTTP OPTIONS /api/Weather/locations responded 204 in 0.028 ms
2026-09-23 16:13:45.982 +05:30 [INF] Serilog.AspNetCore.RequestLoggingMiddleware HTTP GET /api/Weather/locations responded 200 in 0.693 ms
2026-09-23 16:13:45.988 +05:30 [INF] Serilog.AspNetCore.RequestLoggingMiddleware HTTP GET /api/Weather/locations responded 200 in 1.984 ms
2026-09-23 16:13:50.508 +05:30 [INF] Serilog.AspNetCore.RequestLoggingMiddleware HTTP OPTIONS /api/Logistics/plans/5/approve responded 204 in 0.142 ms
2026-09-23 16:13:50.513 +05:30 [INF] Serilog.AspNetCore.RequestLoggingMiddleware HTTP PATCH /api/Logistics/plans/5/approve responded 403 in 0.643 ms
2026-09-23 16:18:16.785 +05:30 [INF]  FishLink API starting on Development
2026-09-23 16:18:16.880 +05:30 [INF] Microsoft.Hosting.Lifetime Now listening on: http://localhost:5157
2026-09-23 16:18:16.882 +05:30 [INF] Microsoft.Hosting.Lifetime Application started. Press Ctrl+C to shut down.
2026-09-23 16:18:16.882 +05:30 [INF] Microsoft.Hosting.Lifetime Hosting environment: Development
2026-09-23 16:18:16.882 +05:30 [INF] Microsoft.Hosting.Lifetime Content root path: C:\Users\Kaveesha\Desktop\fish\FishLink.API
2026-09-23 16:18:38.800 +05:30 [INF] Serilog.AspNetCore.RequestLoggingMiddleware HTTP POST /api/Auth/login responded 401 in 818.472 ms
2026-09-23 16:19:05.092 +05:30 [INF] Serilog.AspNetCore.RequestLoggingMiddleware HTTP POST /api/Auth/register responded 200 in 433.682 ms
2026-09-23 16:19:05.397 +05:30 [INF] Serilog.AspNetCore.RequestLoggingMiddleware HTTP POST /api/Auth/login responded 200 in 300.912 ms
2026-09-23 16:19:05.486 +05:30 [INF] Serilog.AspNetCore.RequestLoggingMiddleware HTTP GET /api/Logistics/plans responded 200 in 84.013 ms
2026-09-23 16:19:05.554 +05:30 [INF] Serilog.AspNetCore.RequestLoggingMiddleware HTTP PATCH /api/Logistics/plans/5/approve responded 200 in 65.902 ms
2026-09-23 16:19:05.581 +05:30 [INF] Serilog.AspNetCore.RequestLoggingMiddleware HTTP PATCH /api/Logistics/plans/5/complete responded 200 in 23.511 ms
2026-09-23 16:19:35.346 +05:30 [INF] Serilog.AspNetCore.RequestLoggingMiddleware HTTP OPTIONS /api/BuyerMatch/available responded 204 in 1.350 ms
2026-09-23 16:19:35.346 +05:30 [INF] Serilog.AspNetCore.RequestLoggingMiddleware HTTP OPTIONS /api/BuyerMatch/preferences/me responded 204 in 1.162 ms
2026-09-23 16:19:35.346 +05:30 [INF] Serilog.AspNetCore.RequestLoggingMiddleware HTTP OPTIONS /api/Users/me responded 204 in 1.210 ms
2026-09-23 16:19:35.346 +05:30 [INF] Serilog.AspNetCore.RequestLoggingMiddleware HTTP OPTIONS /api/BuyerMatch/recommend responded 204 in 1.066 ms
2026-09-23 16:19:35.349 +05:30 [INF] Serilog.AspNetCore.RequestLoggingMiddleware HTTP OPTIONS /api/BuyerMatch/preferences/me responded 204 in 0.124 ms
2026-09-23 16:19:35.370 +05:30 [INF] Serilog.AspNetCore.RequestLoggingMiddleware HTTP GET /api/Users/me responded 200 in 20.040 ms
2026-09-23 16:19:35.374 +05:30 [INF] Serilog.AspNetCore.RequestLoggingMiddleware HTTP GET /api/Users/me responded 200 in 2.795 ms
2026-09-23 16:19:35.454 +05:30 [INF] Serilog.AspNetCore.RequestLoggingMiddleware HTTP GET /api/BuyerMatch/preferences/me responded 404 in 104.237 ms
2026-09-23 16:19:35.522 +05:30 [INF] Serilog.AspNetCore.RequestLoggingMiddleware HTTP GET /api/BuyerMatch/preferences/me responded 404 in 65.752 ms
2026-09-23 16:19:35.546 +05:30 [INF] Serilog.AspNetCore.RequestLoggingMiddleware HTTP GET /api/BuyerMatch/available responded 200 in 196.880 ms
2026-09-23 16:19:35.555 +05:30 [INF] Serilog.AspNetCore.RequestLoggingMiddleware HTTP GET /api/BuyerMatch/available responded 200 in 14.102 ms
2026-09-23 16:19:35.580 +05:30 [INF] Serilog.AspNetCore.RequestLoggingMiddleware HTTP POST /api/BuyerMatch/recommend responded 200 in 229.886 ms
2026-09-23 16:19:35.580 +05:30 [INF] Serilog.AspNetCore.RequestLoggingMiddleware HTTP POST /api/BuyerMatch/recommend responded 200 in 229.895 ms
2026-09-23 16:19:38.252 +05:30 [INF] Serilog.AspNetCore.RequestLoggingMiddleware HTTP OPTIONS /api/Catches/flagged responded 204 in 0.060 ms
2026-09-23 16:19:38.252 +05:30 [INF] Serilog.AspNetCore.RequestLoggingMiddleware HTTP OPTIONS /api/Catches responded 204 in 0.019 ms
2026-09-23 16:19:38.252 +05:30 [INF] Serilog.AspNetCore.RequestLoggingMiddleware HTTP OPTIONS /api/Weather/locations responded 204 in 0.009 ms
2026-09-23 16:19:38.252 +05:30 [INF] Serilog.AspNetCore.RequestLoggingMiddleware HTTP OPTIONS /api/Weather/locations responded 204 in 0.066 ms
2026-09-23 16:19:38.252 +05:30 [INF] Serilog.AspNetCore.RequestLoggingMiddleware HTTP OPTIONS /api/Logistics/plans responded 204 in 0.022 ms
2026-09-23 16:19:38.253 +05:30 [INF] Serilog.AspNetCore.RequestLoggingMiddleware HTTP OPTIONS /api/Catches/flagged responded 204 in 0.028 ms
2026-09-23 16:19:38.255 +05:30 [INF] Serilog.AspNetCore.RequestLoggingMiddleware HTTP OPTIONS /api/Logistics/plans responded 204 in 0.058 ms
2026-09-23 16:19:38.255 +05:30 [INF] Serilog.AspNetCore.RequestLoggingMiddleware HTTP OPTIONS /api/Catches responded 204 in 0.102 ms
2026-09-23 16:19:38.261 +05:30 [INF] Serilog.AspNetCore.RequestLoggingMiddleware HTTP GET /api/Logistics/plans responded 200 in 4.816 ms
2026-09-23 16:19:38.265 +05:30 [INF] FishLink.API.Services.WeatherService OpenWeatherMap API key not configured — using simulated weather for Negombo
2026-09-23 16:19:38.267 +05:30 [INF] Serilog.AspNetCore.RequestLoggingMiddleware HTTP GET /api/Logistics/plans responded 200 in 4.816 ms
2026-09-23 16:19:38.267 +05:30 [INF] FishLink.API.Services.WeatherService OpenWeatherMap API key not configured — using simulated weather for Colombo
2026-09-23 16:19:38.267 +05:30 [INF] FishLink.API.Services.WeatherService OpenWeatherMap API key not configured — using simulated weather for Galle
2026-09-23 16:19:38.268 +05:30 [INF] FishLink.API.Services.WeatherService OpenWeatherMap API key not configured — using simulated weather for Jaffna
2026-09-23 16:19:38.268 +05:30 [INF] FishLink.API.Services.WeatherService OpenWeatherMap API key not configured — using simulated weather for Matara
2026-09-23 16:19:38.274 +05:30 [INF] Serilog.AspNetCore.RequestLoggingMiddleware HTTP GET /api/Weather/locations responded 200 in 18.000 ms
2026-09-23 16:19:38.276 +05:30 [INF] Serilog.AspNetCore.RequestLoggingMiddleware HTTP GET /api/Weather/locations responded 200 in 0.748 ms
2026-09-23 16:19:38.282 +05:30 [INF] Serilog.AspNetCore.RequestLoggingMiddleware HTTP GET /api/Catches/flagged responded 200 in 26.245 ms
2026-09-23 16:19:38.286 +05:30 [INF] Serilog.AspNetCore.RequestLoggingMiddleware HTTP GET /api/Catches/flagged responded 200 in 3.263 ms
2026-09-23 16:19:38.303 +05:30 [INF] Serilog.AspNetCore.RequestLoggingMiddleware HTTP GET /api/Weather/locations responded 200 in 0.438 ms
2026-09-23 16:19:38.304 +05:30 [INF] Serilog.AspNetCore.RequestLoggingMiddleware HTTP GET /api/Weather/locations responded 200 in 0.362 ms
2026-09-23 16:19:38.316 +05:30 [INF] FishLink.API.Services.CatchService GetCatches: 27 results, page 1/3
2026-09-23 16:19:38.318 +05:30 [INF] Serilog.AspNetCore.RequestLoggingMiddleware HTTP GET /api/Catches responded 200 in 62.801 ms
2026-09-23 16:19:38.323 +05:30 [INF] FishLink.API.Services.CatchService GetCatches: 27 results, page 1/3
2026-09-23 16:19:38.323 +05:30 [INF] Serilog.AspNetCore.RequestLoggingMiddleware HTTP GET /api/Catches responded 200 in 4.531 ms
2026-09-23 16:19:54.509 +05:30 [INF] Serilog.AspNetCore.RequestLoggingMiddleware HTTP OPTIONS /api/Catches/30/admin-approve responded 204 in 0.108 ms
2026-09-23 16:19:54.535 +05:30 [INF] FishLink.API.Services.CatchService Catch 30 approved by admin
2026-09-23 16:19:54.541 +05:30 [INF] Serilog.AspNetCore.RequestLoggingMiddleware HTTP PATCH /api/Catches/30/admin-approve responded 200 in 30.908 ms
2026-09-23 16:19:54.543 +05:30 [INF] Serilog.AspNetCore.RequestLoggingMiddleware HTTP OPTIONS /api/Catches/flagged responded 204 in 0.056 ms
2026-09-23 16:19:54.547 +05:30 [INF] Serilog.AspNetCore.RequestLoggingMiddleware HTTP GET /api/Catches/flagged responded 200 in 2.217 ms
2026-09-23 16:21:10.803 +05:30 [INF] Serilog.AspNetCore.RequestLoggingMiddleware HTTP OPTIONS /api/BuyerMatch/preferences/me responded 204 in 0.212 ms
2026-09-23 16:21:10.803 +05:30 [INF] Serilog.AspNetCore.RequestLoggingMiddleware HTTP OPTIONS /api/BuyerMatch/available responded 204 in 0.028 ms
2026-09-23 16:21:10.804 +05:30 [INF] Serilog.AspNetCore.RequestLoggingMiddleware HTTP OPTIONS /api/BuyerMatch/preferences/me responded 204 in 0.030 ms
2026-09-23 16:21:10.804 +05:30 [INF] Serilog.AspNetCore.RequestLoggingMiddleware HTTP OPTIONS /api/BuyerMatch/recommend responded 204 in 0.039 ms
2026-09-23 16:21:10.804 +05:30 [INF] Serilog.AspNetCore.RequestLoggingMiddleware HTTP OPTIONS /api/BuyerMatch/available responded 204 in 0.038 ms
2026-09-23 16:21:10.804 +05:30 [INF] Serilog.AspNetCore.RequestLoggingMiddleware HTTP OPTIONS /api/BuyerMatch/recommend responded 204 in 0.018 ms
2026-09-23 16:21:10.815 +05:30 [INF] Serilog.AspNetCore.RequestLoggingMiddleware HTTP GET /api/BuyerMatch/preferences/me responded 404 in 5.596 ms
2026-09-23 16:21:10.872 +05:30 [INF] Serilog.AspNetCore.RequestLoggingMiddleware HTTP GET /api/BuyerMatch/available responded 200 in 61.719 ms
2026-09-23 16:21:10.873 +05:30 [INF] Serilog.AspNetCore.RequestLoggingMiddleware HTTP GET /api/BuyerMatch/preferences/me responded 404 in 2.175 ms
2026-09-23 16:21:10.874 +05:30 [INF] Serilog.AspNetCore.RequestLoggingMiddleware HTTP POST /api/BuyerMatch/recommend responded 200 in 64.361 ms
2026-09-23 16:21:10.877 +05:30 [INF] Serilog.AspNetCore.RequestLoggingMiddleware HTTP POST /api/BuyerMatch/recommend responded 200 in 67.383 ms
2026-09-23 16:21:10.877 +05:30 [INF] Serilog.AspNetCore.RequestLoggingMiddleware HTTP GET /api/BuyerMatch/available responded 200 in 4.107 ms
2026-09-23 16:23:47.550 +05:30 [INF] Serilog.AspNetCore.RequestLoggingMiddleware HTTP OPTIONS /api/BuyerMatch/preferences/me responded 204 in 0.102 ms
2026-09-23 16:23:47.723 +05:30 [INF] Serilog.AspNetCore.RequestLoggingMiddleware HTTP POST /api/BuyerMatch/preferences/me responded 200 in 172.001 ms
2026-09-23 16:23:47.733 +05:30 [INF] Serilog.AspNetCore.RequestLoggingMiddleware HTTP OPTIONS /api/BuyerMatch/recommend responded 204 in 0.137 ms
2026-09-23 16:23:47.771 +05:30 [INF] Serilog.AspNetCore.RequestLoggingMiddleware HTTP POST /api/BuyerMatch/recommend responded 200 in 36.496 ms
2026-09-23 16:24:11.604 +05:30 [INF] Serilog.AspNetCore.RequestLoggingMiddleware HTTP OPTIONS /api/BuyerMatch/preferences/me responded 204 in 0.142 ms
2026-09-23 16:24:11.622 +05:30 [INF] Serilog.AspNetCore.RequestLoggingMiddleware HTTP POST /api/BuyerMatch/preferences/me responded 200 in 15.653 ms
2026-09-23 16:24:11.632 +05:30 [INF] Serilog.AspNetCore.RequestLoggingMiddleware HTTP OPTIONS /api/BuyerMatch/recommend responded 204 in 0.199 ms
2026-09-23 16:24:11.687 +05:30 [INF] Serilog.AspNetCore.RequestLoggingMiddleware HTTP POST /api/BuyerMatch/recommend responded 200 in 48.967 ms
2026-09-23 16:24:33.858 +05:30 [INF] Serilog.AspNetCore.RequestLoggingMiddleware HTTP OPTIONS /api/BuyerMatch/preferences/me responded 204 in 0.046 ms
2026-09-23 16:24:33.895 +05:30 [INF] Serilog.AspNetCore.RequestLoggingMiddleware HTTP POST /api/BuyerMatch/preferences/me responded 200 in 36.420 ms
2026-09-23 16:24:33.899 +05:30 [INF] Serilog.AspNetCore.RequestLoggingMiddleware HTTP OPTIONS /api/BuyerMatch/recommend responded 204 in 0.055 ms
2026-09-23 16:24:33.909 +05:30 [INF] Serilog.AspNetCore.RequestLoggingMiddleware HTTP POST /api/BuyerMatch/recommend responded 200 in 8.433 ms
2026-09-23 16:26:33.334 +05:30 [INF]  FishLink API starting on Development
2026-09-23 16:26:33.425 +05:30 [INF] Microsoft.Hosting.Lifetime Now listening on: http://localhost:5157
2026-09-23 16:26:33.427 +05:30 [INF] Microsoft.Hosting.Lifetime Application started. Press Ctrl+C to shut down.
2026-09-23 16:26:33.427 +05:30 [INF] Microsoft.Hosting.Lifetime Hosting environment: Development
2026-09-23 16:26:33.427 +05:30 [INF] Microsoft.Hosting.Lifetime Content root path: C:\Users\Kaveesha\Desktop\fish\FishLink.API
2026-09-23 16:27:43.676 +05:30 [INF] Serilog.AspNetCore.RequestLoggingMiddleware HTTP OPTIONS /api/BuyerMatch/preferences/me responded 204 in 19.235 ms
2026-09-23 16:27:43.676 +05:30 [INF] Serilog.AspNetCore.RequestLoggingMiddleware HTTP OPTIONS /api/BuyerMatch/available responded 204 in 18.325 ms
2026-09-23 16:27:43.676 +05:30 [INF] Serilog.AspNetCore.RequestLoggingMiddleware HTTP OPTIONS /api/BuyerMatch/recommend responded 204 in 18.325 ms
2026-09-23 16:27:43.676 +05:30 [INF] Serilog.AspNetCore.RequestLoggingMiddleware HTTP OPTIONS /api/BuyerMatch/recommend responded 204 in 18.310 ms
2026-09-23 16:27:43.676 +05:30 [INF] Serilog.AspNetCore.RequestLoggingMiddleware HTTP OPTIONS /api/BuyerMatch/available responded 204 in 18.328 ms
2026-09-23 16:27:43.676 +05:30 [INF] Serilog.AspNetCore.RequestLoggingMiddleware HTTP OPTIONS /api/BuyerMatch/preferences/me responded 204 in 18.330 ms
2026-09-23 16:27:44.840 +05:30 [INF] Serilog.AspNetCore.RequestLoggingMiddleware HTTP GET /api/BuyerMatch/preferences/me responded 200 in 1150.295 ms
2026-09-23 16:27:44.864 +05:30 [INF] Serilog.AspNetCore.RequestLoggingMiddleware HTTP GET /api/BuyerMatch/available responded 200 in 1174.288 ms
2026-09-23 16:27:44.891 +05:30 [INF] Serilog.AspNetCore.RequestLoggingMiddleware HTTP POST /api/BuyerMatch/recommend responded 200 in 1199.254 ms
2026-09-23 16:27:44.891 +05:30 [INF] Serilog.AspNetCore.RequestLoggingMiddleware HTTP POST /api/BuyerMatch/recommend responded 200 in 1199.229 ms
2026-09-23 16:27:44.924 +05:30 [INF] Serilog.AspNetCore.RequestLoggingMiddleware HTTP GET /api/BuyerMatch/preferences/me responded 200 in 84.378 ms
2026-09-23 16:27:44.926 +05:30 [INF] Serilog.AspNetCore.RequestLoggingMiddleware HTTP GET /api/BuyerMatch/available responded 200 in 63.264 ms
2026-09-23 16:28:34.807 +05:30 [INF] Serilog.AspNetCore.RequestLoggingMiddleware HTTP POST /api/Auth/login responded 401 in 15.510 ms
2026-09-23 16:29:10.428 +05:30 [INF] Serilog.AspNetCore.RequestLoggingMiddleware HTTP POST /api/Auth/register responded 200 in 296.659 ms
2026-09-23 16:29:10.650 +05:30 [INF] Serilog.AspNetCore.RequestLoggingMiddleware HTTP POST /api/Auth/login responded 200 in 218.971 ms
2026-09-23 16:29:10.679 +05:30 [INF] Serilog.AspNetCore.RequestLoggingMiddleware HTTP POST /api/BuyerMatch/preferences/me responded 200 in 26.896 ms
2026-09-23 16:29:10.683 +05:30 [INF] Serilog.AspNetCore.RequestLoggingMiddleware HTTP GET /api/BuyerMatch/preferences/me responded 200 in 1.632 ms
2026-09-23 16:29:10.705 +05:30 [INF] Serilog.AspNetCore.RequestLoggingMiddleware HTTP DELETE /api/BuyerMatch/preferences/me responded 200 in 20.189 ms
2026-09-23 16:29:10.710 +05:30 [INF] Serilog.AspNetCore.RequestLoggingMiddleware HTTP GET /api/BuyerMatch/preferences/me responded 404 in 1.878 ms
2026-09-23 16:30:54.532 +05:30 [INF] Serilog.AspNetCore.RequestLoggingMiddleware HTTP OPTIONS /api/BuyerMatch/preferences/me responded 204 in 0.144 ms
2026-09-23 16:30:54.560 +05:30 [INF] Serilog.AspNetCore.RequestLoggingMiddleware HTTP POST /api/BuyerMatch/preferences/me responded 200 in 23.170 ms
2026-09-23 16:30:54.563 +05:30 [INF] Serilog.AspNetCore.RequestLoggingMiddleware HTTP OPTIONS /api/BuyerMatch/recommend responded 204 in 0.049 ms
2026-09-23 16:30:54.594 +05:30 [INF] Serilog.AspNetCore.RequestLoggingMiddleware HTTP POST /api/BuyerMatch/recommend responded 200 in 29.748 ms
2026-09-23 16:30:59.493 +05:30 [INF] Serilog.AspNetCore.RequestLoggingMiddleware HTTP OPTIONS /api/BuyerMatch/preferences/me responded 204 in 4.529 ms
2026-09-23 16:30:59.509 +05:30 [INF] Serilog.AspNetCore.RequestLoggingMiddleware HTTP DELETE /api/BuyerMatch/preferences/me responded 200 in 10.149 ms
2026-09-23 16:30:59.527 +05:30 [INF] Serilog.AspNetCore.RequestLoggingMiddleware HTTP POST /api/BuyerMatch/recommend responded 200 in 10.515 ms
2026-09-23 16:31:04.908 +05:30 [INF] Serilog.AspNetCore.RequestLoggingMiddleware HTTP OPTIONS /api/Weather/locations responded 204 in 0.133 ms
2026-09-23 16:31:04.908 +05:30 [INF] Serilog.AspNetCore.RequestLoggingMiddleware HTTP OPTIONS /api/Catches/flagged responded 204 in 0.072 ms
2026-09-23 16:31:04.910 +05:30 [INF] Serilog.AspNetCore.RequestLoggingMiddleware HTTP OPTIONS /api/Catches responded 204 in 0.087 ms
2026-09-23 16:31:04.910 +05:30 [INF] Serilog.AspNetCore.RequestLoggingMiddleware HTTP OPTIONS /api/Logistics/plans responded 204 in 0.203 ms
2026-09-23 16:31:04.917 +05:30 [INF] Serilog.AspNetCore.RequestLoggingMiddleware HTTP OPTIONS /api/Weather/locations responded 204 in 0.069 ms
2026-09-23 16:31:04.917 +05:30 [INF] Serilog.AspNetCore.RequestLoggingMiddleware HTTP OPTIONS /api/Catches responded 204 in 0.035 ms
2026-09-23 16:31:04.917 +05:30 [INF] Serilog.AspNetCore.RequestLoggingMiddleware HTTP OPTIONS /api/Catches/flagged responded 204 in 0.069 ms
2026-09-23 16:31:04.935 +05:30 [INF] FishLink.API.Services.WeatherService OpenWeatherMap API key not configured — using simulated weather for Negombo
2026-09-23 16:31:04.940 +05:30 [INF] FishLink.API.Services.WeatherService OpenWeatherMap API key not configured — using simulated weather for Colombo
2026-09-23 16:31:04.940 +05:30 [INF] FishLink.API.Services.WeatherService OpenWeatherMap API key not configured — using simulated weather for Galle
2026-09-23 16:31:04.941 +05:30 [INF] FishLink.API.Services.WeatherService OpenWeatherMap API key not configured — using simulated weather for Jaffna
2026-09-23 16:31:04.942 +05:30 [INF] FishLink.API.Services.WeatherService OpenWeatherMap API key not configured — using simulated weather for Matara
2026-09-23 16:31:04.967 +05:30 [INF] Serilog.AspNetCore.RequestLoggingMiddleware HTTP GET /api/Weather/locations responded 200 in 50.062 ms
2026-09-23 16:31:04.972 +05:30 [INF] Serilog.AspNetCore.RequestLoggingMiddleware HTTP GET /api/Weather/locations responded 200 in 1.817 ms
2026-09-23 16:31:04.981 +05:30 [INF] Serilog.AspNetCore.RequestLoggingMiddleware HTTP GET /api/Catches/flagged responded 200 in 62.554 ms
2026-09-23 16:31:04.996 +05:30 [INF] Serilog.AspNetCore.RequestLoggingMiddleware HTTP GET /api/Weather/locations responded 200 in 0.607 ms
2026-09-23 16:31:04.997 +05:30 [INF] Serilog.AspNetCore.RequestLoggingMiddleware HTTP GET /api/Weather/locations responded 200 in 0.370 ms
2026-09-23 16:31:05.003 +05:30 [INF] Serilog.AspNetCore.RequestLoggingMiddleware HTTP GET /api/Catches/flagged responded 200 in 6.953 ms
2026-09-23 16:31:05.083 +05:30 [INF] Serilog.AspNetCore.RequestLoggingMiddleware HTTP GET /api/Logistics/plans responded 200 in 104.912 ms
2026-09-23 16:31:05.087 +05:30 [INF] FishLink.API.Services.CatchService GetCatches: 27 results, page 1/3
2026-09-23 16:31:05.093 +05:30 [INF] Serilog.AspNetCore.RequestLoggingMiddleware HTTP GET /api/Catches responded 200 in 175.633 ms
2026-09-23 16:31:05.094 +05:30 [INF] Serilog.AspNetCore.RequestLoggingMiddleware HTTP GET /api/Logistics/plans responded 200 in 7.828 ms
2026-09-23 16:31:05.100 +05:30 [INF] FishLink.API.Services.CatchService GetCatches: 27 results, page 1/3
2026-09-23 16:31:05.102 +05:30 [INF] Serilog.AspNetCore.RequestLoggingMiddleware HTTP GET /api/Catches responded 200 in 9.316 ms
2026-09-23 16:46:53.809 +05:30 [INF] Serilog.AspNetCore.RequestLoggingMiddleware HTTP OPTIONS /api/Catches/29/admin-approve responded 204 in 0.452 ms
2026-09-23 16:46:54.000 +05:30 [INF] FishLink.API.Services.CatchService Catch 29 approved by admin
2026-09-23 16:46:54.005 +05:30 [INF] Serilog.AspNetCore.RequestLoggingMiddleware HTTP PATCH /api/Catches/29/admin-approve responded 200 in 192.748 ms
2026-09-23 16:46:54.008 +05:30 [INF] Serilog.AspNetCore.RequestLoggingMiddleware HTTP OPTIONS /api/Catches/flagged responded 204 in 0.073 ms
2026-09-23 16:46:54.014 +05:30 [INF] Serilog.AspNetCore.RequestLoggingMiddleware HTTP GET /api/Catches/flagged responded 200 in 4.783 ms
2026-09-23 16:50:14.091 +05:30 [INF] Serilog.AspNetCore.RequestLoggingMiddleware HTTP GET /api/Catches responded 401 in 2.080 ms
2026-09-23 16:50:26.966 +05:30 [INF] Serilog.AspNetCore.RequestLoggingMiddleware HTTP POST /api/Auth/login responded 401 in 1.899 ms
2026-09-23 16:50:36.555 +05:30 [INF] Serilog.AspNetCore.RequestLoggingMiddleware HTTP POST /api/Auth/register responded 200 in 125.869 ms
2026-09-23 16:50:36.674 +05:30 [INF] Serilog.AspNetCore.RequestLoggingMiddleware HTTP POST /api/Auth/login responded 200 in 115.178 ms
2026-09-23 16:50:36.686 +05:30 [INF] FishLink.API.Services.CatchService GetCatches: 27 results, page 1/1
2026-09-23 16:50:36.690 +05:30 [INF] Serilog.AspNetCore.RequestLoggingMiddleware HTTP GET /api/Catches responded 200 in 14.801 ms
2026-09-23 16:52:55.218 +05:30 [INF] Serilog.AspNetCore.RequestLoggingMiddleware HTTP POST /api/Auth/register responded 200 in 153.541 ms
2026-09-23 16:52:55.335 +05:30 [INF] Serilog.AspNetCore.RequestLoggingMiddleware HTTP POST /api/Auth/login responded 200 in 115.354 ms
2026-09-23 16:52:55.342 +05:30 [INF] FishLink.API.Services.CatchService GetCatches: 27 results, page 1/1
2026-09-23 16:52:55.342 +05:30 [INF] Serilog.AspNetCore.RequestLoggingMiddleware HTTP GET /api/Catches responded 200 in 5.958 ms
2026-09-23 16:54:17.494 +05:30 [INF] Serilog.AspNetCore.RequestLoggingMiddleware HTTP OPTIONS /api/BuyerMatch/preferences/me responded 204 in 0.226 ms
2026-09-23 16:54:17.494 +05:30 [INF] Serilog.AspNetCore.RequestLoggingMiddleware HTTP OPTIONS /api/BuyerMatch/available responded 204 in 0.086 ms
2026-09-23 16:54:17.495 +05:30 [INF] Serilog.AspNetCore.RequestLoggingMiddleware HTTP OPTIONS /api/BuyerMatch/recommend responded 204 in 0.085 ms
2026-09-23 16:54:17.495 +05:30 [INF] Serilog.AspNetCore.RequestLoggingMiddleware HTTP OPTIONS /api/Users/me responded 204 in 0.039 ms
2026-09-23 16:54:17.501 +05:30 [INF] Serilog.AspNetCore.RequestLoggingMiddleware HTTP GET /api/BuyerMatch/preferences/me responded 404 in 5.593 ms
2026-09-23 16:54:17.504 +05:30 [INF] Serilog.AspNetCore.RequestLoggingMiddleware HTTP GET /api/BuyerMatch/preferences/me responded 404 in 1.786 ms
2026-09-23 16:54:17.518 +05:30 [INF] Serilog.AspNetCore.RequestLoggingMiddleware HTTP GET /api/Users/me responded 200 in 19.852 ms
2026-09-23 16:54:17.521 +05:30 [INF] Serilog.AspNetCore.RequestLoggingMiddleware HTTP GET /api/Users/me responded 200 in 2.138 ms
2026-09-23 16:54:17.538 +05:30 [INF] Serilog.AspNetCore.RequestLoggingMiddleware HTTP POST /api/BuyerMatch/recommend responded 200 in 41.144 ms
2026-09-23 16:54:17.542 +05:30 [INF] Serilog.AspNetCore.RequestLoggingMiddleware HTTP POST /api/BuyerMatch/recommend responded 200 in 45.652 ms
2026-09-23 16:54:17.642 +05:30 [INF] Serilog.AspNetCore.RequestLoggingMiddleware HTTP GET /api/BuyerMatch/available responded 200 in 145.083 ms
2026-09-23 16:54:17.649 +05:30 [INF] Serilog.AspNetCore.RequestLoggingMiddleware HTTP GET /api/BuyerMatch/available responded 200 in 6.331 ms
2026-09-23 16:54:21.719 +05:30 [INF] Serilog.AspNetCore.RequestLoggingMiddleware HTTP POST /api/BuyerMatch/recommend responded 200 in 15.422 ms
2026-09-23 16:54:26.722 +05:30 [INF] Serilog.AspNetCore.RequestLoggingMiddleware HTTP OPTIONS /api/Catches/flagged responded 204 in 0.219 ms
2026-09-23 16:54:26.722 +05:30 [INF] Serilog.AspNetCore.RequestLoggingMiddleware HTTP OPTIONS /api/Weather/locations responded 204 in 0.443 ms
2026-09-23 16:54:26.723 +05:30 [INF] Serilog.AspNetCore.RequestLoggingMiddleware HTTP OPTIONS /api/Catches responded 204 in 0.014 ms
2026-09-23 16:54:26.723 +05:30 [INF] Serilog.AspNetCore.RequestLoggingMiddleware HTTP OPTIONS /api/Weather/locations responded 204 in 0.023 ms
2026-09-23 16:54:26.723 +05:30 [INF] Serilog.AspNetCore.RequestLoggingMiddleware HTTP OPTIONS /api/Catches/flagged responded 204 in 0.022 ms
2026-09-23 16:54:26.723 +05:30 [INF] Serilog.AspNetCore.RequestLoggingMiddleware HTTP OPTIONS /api/Logistics/plans responded 204 in 0.013 ms
2026-09-23 16:54:26.724 +05:30 [INF] Serilog.AspNetCore.RequestLoggingMiddleware HTTP OPTIONS /api/Catches responded 204 in 0.014 ms
2026-09-23 16:54:26.724 +05:30 [INF] Serilog.AspNetCore.RequestLoggingMiddleware HTTP OPTIONS /api/Logistics/plans responded 204 in 0.016 ms
2026-09-23 16:54:26.726 +05:30 [INF] FishLink.API.Services.WeatherService OpenWeatherMap API key not configured — using simulated weather for Negombo
2026-09-23 16:54:26.727 +05:30 [INF] FishLink.API.Services.WeatherService OpenWeatherMap API key not configured — using simulated weather for Colombo
2026-09-23 16:54:26.727 +05:30 [INF] FishLink.API.Services.WeatherService OpenWeatherMap API key not configured — using simulated weather for Galle
2026-09-23 16:54:26.727 +05:30 [INF] FishLink.API.Services.WeatherService OpenWeatherMap API key not configured — using simulated weather for Jaffna
2026-09-23 16:54:26.727 +05:30 [INF] FishLink.API.Services.WeatherService OpenWeatherMap API key not configured — using simulated weather for Matara
2026-09-23 16:54:26.728 +05:30 [INF] Serilog.AspNetCore.RequestLoggingMiddleware HTTP GET /api/Catches/flagged responded 200 in 1.467 ms
2026-09-23 16:54:26.729 +05:30 [INF] Serilog.AspNetCore.RequestLoggingMiddleware HTTP GET /api/Weather/locations responded 200 in 0.600 ms
2026-09-23 16:54:26.729 +05:30 [INF] Serilog.AspNetCore.RequestLoggingMiddleware HTTP GET /api/Logistics/plans responded 200 in 2.787 ms
2026-09-23 16:54:26.731 +05:30 [INF] Serilog.AspNetCore.RequestLoggingMiddleware HTTP GET /api/Weather/locations responded 200 in 0.536 ms
2026-09-23 16:54:26.733 +05:30 [INF] FishLink.API.Services.CatchService GetCatches: 27 results, page 1/1
2026-09-23 16:54:26.734 +05:30 [INF] Serilog.AspNetCore.RequestLoggingMiddleware HTTP GET /api/Catches/flagged responded 200 in 4.008 ms
2026-09-23 16:54:26.735 +05:30 [INF] Serilog.AspNetCore.RequestLoggingMiddleware HTTP GET /api/Catches responded 200 in 8.623 ms
2026-09-23 16:54:26.737 +05:30 [INF] Serilog.AspNetCore.RequestLoggingMiddleware HTTP GET /api/Logistics/plans responded 200 in 4.929 ms
2026-09-23 16:54:26.741 +05:30 [INF] FishLink.API.Services.CatchService GetCatches: 27 results, page 1/1
2026-09-23 16:54:26.743 +05:30 [INF] Serilog.AspNetCore.RequestLoggingMiddleware HTTP GET /api/Catches responded 200 in 6.647 ms
2026-09-23 16:54:26.796 +05:30 [INF] Serilog.AspNetCore.RequestLoggingMiddleware HTTP GET /api/Weather/locations responded 200 in 0.343 ms
2026-09-23 16:54:26.797 +05:30 [INF] Serilog.AspNetCore.RequestLoggingMiddleware HTTP GET /api/Weather/locations responded 200 in 0.384 ms
2026-09-23 20:11:18.004 +05:30 [INF]  FishLink API starting on Development
2026-09-23 20:11:18.126 +05:30 [INF] Microsoft.Hosting.Lifetime Now listening on: http://localhost:5157
2026-09-23 20:11:18.130 +05:30 [INF] Microsoft.Hosting.Lifetime Application started. Press Ctrl+C to shut down.
2026-09-23 20:11:18.130 +05:30 [INF] Microsoft.Hosting.Lifetime Hosting environment: Development
2026-09-23 20:11:18.130 +05:30 [INF] Microsoft.Hosting.Lifetime Content root path: C:\Users\Kaveesha\Desktop\fish\FishLink.API
2026-09-23 20:11:46.692 +05:30 [INF] Serilog.AspNetCore.RequestLoggingMiddleware HTTP GET / responded 200 in 130.883 ms
2026-09-23 20:11:54.240 +05:30 [INF] Serilog.AspNetCore.RequestLoggingMiddleware HTTP GET /health responded 200 in 556.002 ms
2026-09-23 20:13:02.000 +05:30 [INF] Serilog.AspNetCore.RequestLoggingMiddleware HTTP POST /api/Auth/login responded 401 in 2000.656 ms
2026-09-23 20:15:08.290 +05:30 [INF] Serilog.AspNetCore.RequestLoggingMiddleware HTTP POST /api/Auth/register responded 400 in 55.675 ms
2026-09-23 21:22:27.927 +05:30 [INF] Serilog.AspNetCore.RequestLoggingMiddleware HTTP GET /health responded 200 in 30.048 ms
2026-09-23 21:23:50.520 +05:30 [INF] Serilog.AspNetCore.RequestLoggingMiddleware HTTP OPTIONS /api/Auth/login responded 204 in 3.841 ms
2026-09-23 21:23:51.408 +05:30 [INF] Serilog.AspNetCore.RequestLoggingMiddleware HTTP POST /api/Auth/login responded 401 in 879.369 ms
2026-09-23 21:23:55.791 +05:30 [INF] Serilog.AspNetCore.RequestLoggingMiddleware HTTP POST /api/Auth/login responded 401 in 451.393 ms
2026-09-23 21:24:35.375 +05:30 [INF] Serilog.AspNetCore.RequestLoggingMiddleware HTTP OPTIONS /api/Auth/register responded 204 in 0.196 ms
2026-09-23 21:24:36.586 +05:30 [INF] Serilog.AspNetCore.RequestLoggingMiddleware HTTP POST /api/Auth/register responded 200 in 1207.531 ms
2026-09-23 21:24:41.744 +05:30 [INF] Serilog.AspNetCore.RequestLoggingMiddleware HTTP OPTIONS /api/Auth/login responded 204 in 0.224 ms
2026-09-23 21:24:42.232 +05:30 [INF] Serilog.AspNetCore.RequestLoggingMiddleware HTTP POST /api/Auth/login responded 200 in 481.219 ms
2026-09-23 21:24:42.309 +05:30 [INF] Serilog.AspNetCore.RequestLoggingMiddleware HTTP OPTIONS /api/Catches responded 204 in 0.093 ms
2026-09-23 21:24:42.312 +05:30 [INF] Serilog.AspNetCore.RequestLoggingMiddleware HTTP OPTIONS /api/Users/me responded 204 in 0.069 ms
2026-09-23 21:24:42.323 +05:30 [INF] Serilog.AspNetCore.RequestLoggingMiddleware HTTP OPTIONS /api/Users/me responded 204 in 0.339 ms
2026-09-23 21:24:42.568 +05:30 [INF] Serilog.AspNetCore.RequestLoggingMiddleware HTTP GET /api/Users/me responded 200 in 233.907 ms
2026-09-23 21:24:42.587 +05:30 [INF] Serilog.AspNetCore.RequestLoggingMiddleware HTTP GET /api/Users/me responded 200 in 15.238 ms
2026-09-23 21:24:42.867 +05:30 [INF] FishLink.API.Services.CatchService GetCatches: 27 results, page 1/1
2026-09-23 21:24:42.931 +05:30 [INF] Serilog.AspNetCore.RequestLoggingMiddleware HTTP GET /api/Catches responded 200 in 617.868 ms
2026-09-23 21:24:42.940 +05:30 [INF] FishLink.API.Services.CatchService GetCatches: 27 results, page 1/1
2026-09-23 21:24:42.943 +05:30 [INF] Serilog.AspNetCore.RequestLoggingMiddleware HTTP GET /api/Catches responded 200 in 16.821 ms
2026-09-23 21:24:42.944 +05:30 [INF] Serilog.AspNetCore.RequestLoggingMiddleware HTTP OPTIONS /api/Bids/catch/26 responded 204 in 0.105 ms
2026-09-23 21:24:42.944 +05:30 [INF] Serilog.AspNetCore.RequestLoggingMiddleware HTTP OPTIONS /api/Bids/catch/25 responded 204 in 0.085 ms
2026-09-23 21:24:42.950 +05:30 [INF] Serilog.AspNetCore.RequestLoggingMiddleware HTTP OPTIONS /api/Bids/catch/17 responded 204 in 0.078 ms
2026-09-23 21:24:42.950 +05:30 [INF] Serilog.AspNetCore.RequestLoggingMiddleware HTTP OPTIONS /api/Bids/catch/20 responded 204 in 0.078 ms
2026-09-23 21:24:42.950 +05:30 [INF] Serilog.AspNetCore.RequestLoggingMiddleware HTTP OPTIONS /api/Bids/catch/16 responded 204 in 0.078 ms
2026-09-23 21:24:42.951 +05:30 [INF] Serilog.AspNetCore.RequestLoggingMiddleware HTTP OPTIONS /api/Bids/catch/15 responded 204 in 0.049 ms
2026-09-23 21:24:43.032 +05:30 [INF] Serilog.AspNetCore.RequestLoggingMiddleware HTTP GET /api/Bids/catch/26 responded 200 in 81.453 ms
2026-09-23 21:24:43.058 +05:30 [INF] Serilog.AspNetCore.RequestLoggingMiddleware HTTP GET /api/Bids/catch/26 responded 200 in 6.330 ms
2026-09-23 21:24:43.066 +05:30 [INF] Serilog.AspNetCore.RequestLoggingMiddleware HTTP GET /api/Bids/catch/20 responded 200 in 84.623 ms
2026-09-23 21:24:43.067 +05:30 [INF] Serilog.AspNetCore.RequestLoggingMiddleware HTTP GET /api/Bids/catch/15 responded 200 in 89.942 ms
2026-09-23 21:24:43.067 +05:30 [INF] Serilog.AspNetCore.RequestLoggingMiddleware HTTP GET /api/Bids/catch/26 responded 200 in 3.566 ms
2026-09-23 21:24:43.068 +05:30 [INF] Serilog.AspNetCore.RequestLoggingMiddleware HTTP GET /api/Bids/catch/17 responded 200 in 113.934 ms
2026-09-23 21:24:43.066 +05:30 [INF] Serilog.AspNetCore.RequestLoggingMiddleware HTTP GET /api/Bids/catch/16 responded 200 in 106.478 ms
2026-09-23 21:24:43.067 +05:30 [INF] Serilog.AspNetCore.RequestLoggingMiddleware HTTP GET /api/Bids/catch/25 responded 200 in 115.276 ms
2026-09-23 21:24:43.071 +05:30 [INF] Serilog.AspNetCore.RequestLoggingMiddleware HTTP GET /api/Bids/catch/16 responded 200 in 3.684 ms
2026-09-23 21:24:43.075 +05:30 [INF] Serilog.AspNetCore.RequestLoggingMiddleware HTTP GET /api/Bids/catch/15 responded 200 in 5.389 ms
2026-09-23 21:24:43.076 +05:30 [INF] Serilog.AspNetCore.RequestLoggingMiddleware HTTP GET /api/Bids/catch/25 responded 200 in 4.209 ms
2026-09-23 21:24:43.076 +05:30 [INF] Serilog.AspNetCore.RequestLoggingMiddleware HTTP GET /api/Bids/catch/20 responded 200 in 4.277 ms
2026-09-23 21:24:43.078 +05:30 [INF] Serilog.AspNetCore.RequestLoggingMiddleware HTTP GET /api/Bids/catch/26 responded 200 in 3.835 ms
2026-09-23 21:24:43.082 +05:30 [INF] Serilog.AspNetCore.RequestLoggingMiddleware HTTP GET /api/Bids/catch/17 responded 200 in 5.472 ms
2026-09-23 21:24:43.085 +05:30 [INF] Serilog.AspNetCore.RequestLoggingMiddleware HTTP GET /api/Bids/catch/16 responded 200 in 6.296 ms
2026-09-23 21:24:43.087 +05:30 [INF] Serilog.AspNetCore.RequestLoggingMiddleware HTTP GET /api/Bids/catch/15 responded 200 in 5.086 ms
2026-09-23 21:24:43.091 +05:30 [INF] Serilog.AspNetCore.RequestLoggingMiddleware HTTP GET /api/Bids/catch/25 responded 200 in 6.182 ms
2026-09-23 21:24:43.092 +05:30 [INF] Serilog.AspNetCore.RequestLoggingMiddleware HTTP GET /api/Bids/catch/20 responded 200 in 4.555 ms
2026-09-23 21:24:43.097 +05:30 [INF] Serilog.AspNetCore.RequestLoggingMiddleware HTTP GET /api/Bids/catch/17 responded 200 in 4.467 ms
2026-09-23 21:24:43.121 +05:30 [INF] Serilog.AspNetCore.RequestLoggingMiddleware HTTP GET /api/Bids/catch/15 responded 200 in 5.874 ms
2026-09-23 21:24:43.120 +05:30 [INF] Serilog.AspNetCore.RequestLoggingMiddleware HTTP GET /api/Bids/catch/16 responded 200 in 17.774 ms
2026-09-23 21:24:43.129 +05:30 [INF] Serilog.AspNetCore.RequestLoggingMiddleware HTTP GET /api/Bids/catch/25 responded 200 in 7.396 ms
2026-09-23 21:24:43.134 +05:30 [INF] Serilog.AspNetCore.RequestLoggingMiddleware HTTP GET /api/Bids/catch/20 responded 200 in 4.906 ms
2026-09-23 21:24:43.135 +05:30 [INF] Serilog.AspNetCore.RequestLoggingMiddleware HTTP GET /api/Bids/catch/17 responded 200 in 3.138 ms
2026-09-23 22:32:08.825 +05:30 [INF] Serilog.AspNetCore.RequestLoggingMiddleware HTTP OPTIONS /api/AgentGateway/prices/Tuna (Yellowfin)/predict responded 204 in 0.282 ms
2026-09-23 22:32:08.825 +05:30 [INF] Serilog.AspNetCore.RequestLoggingMiddleware HTTP OPTIONS /api/AgentGateway/prices/Mackerel/predict responded 204 in 0.049 ms
2026-09-23 22:32:08.825 +05:30 [INF] Serilog.AspNetCore.RequestLoggingMiddleware HTTP OPTIONS /api/Catches/market-stats responded 204 in 0.039 ms
2026-09-23 22:32:08.825 +05:30 [INF] Serilog.AspNetCore.RequestLoggingMiddleware HTTP OPTIONS /api/AgentGateway/prices/Skipjack/predict responded 204 in 0.038 ms
2026-09-23 22:32:08.825 +05:30 [INF] Serilog.AspNetCore.RequestLoggingMiddleware HTTP OPTIONS /api/AgentGateway/prices/Trevally (Paraw)/predict responded 204 in 0.032 ms
2026-09-23 22:32:08.827 +05:30 [INF] Serilog.AspNetCore.RequestLoggingMiddleware HTTP OPTIONS /api/AgentGateway/prices/Tuna (Yellowfin)/predict responded 204 in 0.044 ms
2026-09-23 22:32:08.827 +05:30 [INF] Serilog.AspNetCore.RequestLoggingMiddleware HTTP OPTIONS /api/AgentGateway/prices/Skipjack/predict responded 204 in 0.032 ms
2026-09-23 22:32:08.827 +05:30 [INF] Serilog.AspNetCore.RequestLoggingMiddleware HTTP OPTIONS /api/AgentGateway/prices/Trevally (Paraw)/predict responded 204 in 0.048 ms
2026-09-23 22:32:08.827 +05:30 [INF] Serilog.AspNetCore.RequestLoggingMiddleware HTTP OPTIONS /api/AgentGateway/prices/Mackerel/predict responded 204 in 0.029 ms
2026-09-23 22:32:08.828 +05:30 [INF] Serilog.AspNetCore.RequestLoggingMiddleware HTTP OPTIONS /api/Catches/market-stats responded 204 in 0.049 ms
2026-09-23 22:32:08.863 +05:30 [INF] System.Net.Http.HttpClient.Default.LogicalHandler Start processing HTTP request GET http://localhost:8001/api/prices/Trevally%20%28Paraw%29/predict
2026-09-23 22:32:08.866 +05:30 [INF] System.Net.Http.HttpClient.Default.ClientHandler Sending HTTP request GET http://localhost:8001/api/prices/Trevally%20%28Paraw%29/predict
2026-09-23 22:32:08.875 +05:30 [INF] System.Net.Http.HttpClient.Default.LogicalHandler Start processing HTTP request GET http://localhost:8001/api/prices/Tuna%20%28Yellowfin%29/predict
2026-09-23 22:32:08.876 +05:30 [INF] System.Net.Http.HttpClient.Default.ClientHandler Sending HTTP request GET http://localhost:8001/api/prices/Tuna%20%28Yellowfin%29/predict
2026-09-23 22:32:08.877 +05:30 [INF] System.Net.Http.HttpClient.Default.LogicalHandler Start processing HTTP request GET http://localhost:8001/api/prices/Mackerel/predict
2026-09-23 22:32:08.877 +05:30 [INF] System.Net.Http.HttpClient.Default.ClientHandler Sending HTTP request GET http://localhost:8001/api/prices/Mackerel/predict
2026-09-23 22:32:08.877 +05:30 [INF] System.Net.Http.HttpClient.Default.LogicalHandler Start processing HTTP request GET http://localhost:8001/api/prices/Skipjack/predict
2026-09-23 22:32:08.878 +05:30 [INF] System.Net.Http.HttpClient.Default.ClientHandler Sending HTTP request GET http://localhost:8001/api/prices/Skipjack/predict
2026-09-23 22:32:09.040 +05:30 [INF] Serilog.AspNetCore.RequestLoggingMiddleware HTTP GET /api/Catches/market-stats responded 200 in 200.034 ms
2026-09-23 22:32:09.103 +05:30 [INF] Serilog.AspNetCore.RequestLoggingMiddleware HTTP GET /api/Catches/market-stats responded 200 in 57.474 ms
2026-09-23 22:32:11.001 +05:30 [INF] System.Net.Http.HttpClient.Default.ClientHandler Received HTTP response headers after 2116.8975ms - 200
2026-09-23 22:32:11.003 +05:30 [INF] System.Net.Http.HttpClient.Default.LogicalHandler End processing HTTP request after 2125.4483ms - 200
2026-09-23 22:32:11.001 +05:30 [INF] System.Net.Http.HttpClient.Default.ClientHandler Received HTTP response headers after 2116.3169ms - 200
2026-09-23 22:32:11.019 +05:30 [INF] System.Net.Http.HttpClient.Default.LogicalHandler End processing HTTP request after 2141.2671ms - 200
2026-09-23 22:32:11.001 +05:30 [INF] System.Net.Http.HttpClient.Default.ClientHandler Received HTTP response headers after 2128.0567ms - 200
2026-09-23 22:32:11.019 +05:30 [INF] System.Net.Http.HttpClient.Default.LogicalHandler End processing HTTP request after 2167.6112ms - 200
2026-09-23 22:32:11.001 +05:30 [INF] System.Net.Http.HttpClient.Default.ClientHandler Received HTTP response headers after 2116.898ms - 200
2026-09-23 22:32:11.020 +05:30 [INF] System.Net.Http.HttpClient.Default.LogicalHandler End processing HTTP request after 2155.9426ms - 200
2026-09-23 22:32:11.023 +05:30 [INF] Serilog.AspNetCore.RequestLoggingMiddleware HTTP GET /api/AgentGateway/prices/Tuna (Yellowfin)/predict responded 200 in 2194.062 ms
2026-09-23 22:32:11.023 +05:30 [INF] Serilog.AspNetCore.RequestLoggingMiddleware HTTP GET /api/AgentGateway/prices/Skipjack/predict responded 200 in 2193.946 ms
2026-09-23 22:32:11.025 +05:30 [INF] Serilog.AspNetCore.RequestLoggingMiddleware HTTP GET /api/AgentGateway/prices/Trevally (Paraw)/predict responded 200 in 2195.240 ms
2026-09-23 22:32:11.025 +05:30 [INF] Serilog.AspNetCore.RequestLoggingMiddleware HTTP GET /api/AgentGateway/prices/Mackerel/predict responded 200 in 2196.552 ms
2026-09-23 22:32:11.032 +05:30 [INF] System.Net.Http.HttpClient.Default.LogicalHandler Start processing HTTP request GET http://localhost:8001/api/prices/Skipjack/predict
2026-09-23 22:32:11.032 +05:30 [INF] System.Net.Http.HttpClient.Default.ClientHandler Sending HTTP request GET http://localhost:8001/api/prices/Skipjack/predict
2026-09-23 22:32:11.039 +05:30 [INF] System.Net.Http.HttpClient.Default.LogicalHandler Start processing HTTP request GET http://localhost:8001/api/prices/Trevally%20%28Paraw%29/predict
2026-09-23 22:32:11.040 +05:30 [INF] System.Net.Http.HttpClient.Default.ClientHandler Sending HTTP request GET http://localhost:8001/api/prices/Trevally%20%28Paraw%29/predict
2026-09-23 22:32:11.044 +05:30 [INF] System.Net.Http.HttpClient.Default.ClientHandler Received HTTP response headers after 12.0125ms - 200
2026-09-23 22:32:11.044 +05:30 [INF] System.Net.Http.HttpClient.Default.LogicalHandler End processing HTTP request after 12.8549ms - 200
2026-09-23 22:32:11.045 +05:30 [INF] Serilog.AspNetCore.RequestLoggingMiddleware HTTP GET /api/AgentGateway/prices/Skipjack/predict responded 200 in 14.426 ms
2026-09-23 22:32:11.045 +05:30 [INF] System.Net.Http.HttpClient.Default.ClientHandler Received HTTP response headers after 5.1818ms - 200
2026-09-23 22:32:11.045 +05:30 [INF] System.Net.Http.HttpClient.Default.LogicalHandler End processing HTTP request after 5.9048ms - 200
2026-09-23 22:32:11.046 +05:30 [INF] Serilog.AspNetCore.RequestLoggingMiddleware HTTP GET /api/AgentGateway/prices/Trevally (Paraw)/predict responded 200 in 11.268 ms
2026-09-23 22:32:11.046 +05:30 [INF] System.Net.Http.HttpClient.Default.LogicalHandler Start processing HTTP request GET http://localhost:8001/api/prices/Tuna%20%28Yellowfin%29/predict
2026-09-23 22:32:11.047 +05:30 [INF] System.Net.Http.HttpClient.Default.ClientHandler Sending HTTP request GET http://localhost:8001/api/prices/Tuna%20%28Yellowfin%29/predict
2026-09-23 22:32:11.048 +05:30 [INF] System.Net.Http.HttpClient.Default.LogicalHandler Start processing HTTP request GET http://localhost:8001/api/prices/Mackerel/predict
2026-09-23 22:32:11.048 +05:30 [INF] System.Net.Http.HttpClient.Default.ClientHandler Sending HTTP request GET http://localhost:8001/api/prices/Mackerel/predict
2026-09-23 22:32:11.065 +05:30 [INF] System.Net.Http.HttpClient.Default.ClientHandler Received HTTP response headers after 18.3581ms - 200
2026-09-23 22:32:11.065 +05:30 [INF] System.Net.Http.HttpClient.Default.LogicalHandler End processing HTTP request after 19.2202ms - 200
2026-09-23 22:32:11.066 +05:30 [INF] Serilog.AspNetCore.RequestLoggingMiddleware HTTP GET /api/AgentGateway/prices/Tuna (Yellowfin)/predict responded 200 in 21.017 ms
2026-09-23 22:32:11.066 +05:30 [INF] System.Net.Http.HttpClient.Default.ClientHandler Received HTTP response headers after 17.8055ms - 200
2026-09-23 22:32:11.066 +05:30 [INF] System.Net.Http.HttpClient.Default.LogicalHandler End processing HTTP request after 18.2772ms - 200
2026-09-23 22:32:11.067 +05:30 [INF] Serilog.AspNetCore.RequestLoggingMiddleware HTTP GET /api/AgentGateway/prices/Mackerel/predict responded 200 in 20.211 ms
2026-09-23 22:32:17.408 +05:30 [INF] Serilog.AspNetCore.RequestLoggingMiddleware HTTP OPTIONS /api/Catches responded 204 in 0.234 ms
2026-09-23 22:32:17.408 +05:30 [INF] Serilog.AspNetCore.RequestLoggingMiddleware HTTP OPTIONS /api/Catches responded 204 in 0.023 ms
2026-09-23 22:32:17.420 +05:30 [INF] FishLink.API.Services.CatchService GetCatches: 27 results, page 1/1
2026-09-23 22:32:17.427 +05:30 [INF] Serilog.AspNetCore.RequestLoggingMiddleware HTTP GET /api/Catches responded 200 in 16.979 ms
2026-09-23 22:32:17.455 +05:30 [INF] Serilog.AspNetCore.RequestLoggingMiddleware HTTP OPTIONS /api/Bids/catch/25 responded 204 in 0.079 ms
2026-09-23 22:32:17.455 +05:30 [INF] Serilog.AspNetCore.RequestLoggingMiddleware HTTP OPTIONS /api/Bids/catch/20 responded 204 in 0.040 ms
2026-09-23 22:32:17.455 +05:30 [INF] FishLink.API.Services.CatchService GetCatches: 27 results, page 1/1
2026-09-23 22:32:17.455 +05:30 [INF] Serilog.AspNetCore.RequestLoggingMiddleware HTTP OPTIONS /api/Bids/catch/17 responded 204 in 0.044 ms
2026-09-23 22:32:17.455 +05:30 [INF] Serilog.AspNetCore.RequestLoggingMiddleware HTTP OPTIONS /api/Bids/catch/16 responded 204 in 0.024 ms
2026-09-23 22:32:17.456 +05:30 [INF] Serilog.AspNetCore.RequestLoggingMiddleware HTTP OPTIONS /api/Bids/catch/26 responded 204 in 0.024 ms
2026-09-23 22:32:17.458 +05:30 [INF] Serilog.AspNetCore.RequestLoggingMiddleware HTTP GET /api/Catches responded 200 in 32.702 ms
2026-09-23 22:32:17.459 +05:30 [INF] Serilog.AspNetCore.RequestLoggingMiddleware HTTP OPTIONS /api/Bids/catch/15 responded 204 in 0.095 ms
2026-09-23 22:32:17.467 +05:30 [INF] Serilog.AspNetCore.RequestLoggingMiddleware HTTP GET /api/Bids/catch/25 responded 200 in 8.286 ms
2026-09-23 22:32:17.481 +05:30 [INF] Serilog.AspNetCore.RequestLoggingMiddleware HTTP GET /api/Bids/catch/25 responded 200 in 3.933 ms
2026-09-23 22:32:17.509 +05:30 [INF] Serilog.AspNetCore.RequestLoggingMiddleware HTTP GET /api/Bids/catch/25 responded 200 in 8.857 ms
2026-09-23 22:32:17.568 +05:30 [INF] Serilog.AspNetCore.RequestLoggingMiddleware HTTP GET /api/Bids/catch/25 responded 200 in 21.479 ms
2026-09-23 22:32:17.588 +05:30 [INF] Serilog.AspNetCore.RequestLoggingMiddleware HTTP GET /api/Bids/catch/17 responded 200 in 126.293 ms
2026-09-23 22:32:17.589 +05:30 [INF] Serilog.AspNetCore.RequestLoggingMiddleware HTTP GET /api/Bids/catch/15 responded 200 in 127.059 ms
2026-09-23 22:32:17.590 +05:30 [INF] Serilog.AspNetCore.RequestLoggingMiddleware HTTP GET /api/Bids/catch/26 responded 200 in 129.702 ms
2026-09-23 22:32:17.592 +05:30 [INF] Serilog.AspNetCore.RequestLoggingMiddleware HTTP GET /api/Bids/catch/16 responded 200 in 131.629 ms
2026-09-23 22:32:17.596 +05:30 [INF] Serilog.AspNetCore.RequestLoggingMiddleware HTTP GET /api/Bids/catch/15 responded 200 in 2.111 ms
2026-09-23 22:32:17.601 +05:30 [INF] Serilog.AspNetCore.RequestLoggingMiddleware HTTP GET /api/Bids/catch/17 responded 200 in 4.098 ms
2026-09-23 22:32:17.601 +05:30 [INF] Serilog.AspNetCore.RequestLoggingMiddleware HTTP GET /api/Bids/catch/26 responded 200 in 3.599 ms
2026-09-23 22:32:17.606 +05:30 [INF] Serilog.AspNetCore.RequestLoggingMiddleware HTTP GET /api/Bids/catch/16 responded 200 in 4.402 ms
2026-09-23 22:32:17.607 +05:30 [INF] Serilog.AspNetCore.RequestLoggingMiddleware HTTP GET /api/Bids/catch/20 responded 200 in 144.783 ms
2026-09-23 22:32:17.610 +05:30 [INF] Serilog.AspNetCore.RequestLoggingMiddleware HTTP GET /api/Bids/catch/15 responded 200 in 2.784 ms
2026-09-23 22:32:17.610 +05:30 [INF] Serilog.AspNetCore.RequestLoggingMiddleware HTTP GET /api/Bids/catch/26 responded 200 in 3.097 ms
2026-09-23 22:32:17.610 +05:30 [INF] Serilog.AspNetCore.RequestLoggingMiddleware HTTP GET /api/Bids/catch/17 responded 200 in 1.875 ms
2026-09-23 22:32:17.611 +05:30 [INF] Serilog.AspNetCore.RequestLoggingMiddleware HTTP GET /api/Bids/catch/16 responded 200 in 2.239 ms
2026-09-23 22:32:17.614 +05:30 [INF] Serilog.AspNetCore.RequestLoggingMiddleware HTTP GET /api/Bids/catch/20 responded 200 in 3.885 ms
2026-09-23 22:32:17.615 +05:30 [INF] Serilog.AspNetCore.RequestLoggingMiddleware HTTP GET /api/Bids/catch/15 responded 200 in 2.099 ms
2026-09-23 22:32:17.620 +05:30 [INF] Serilog.AspNetCore.RequestLoggingMiddleware HTTP GET /api/Bids/catch/26 responded 200 in 4.789 ms
2026-09-23 22:32:17.620 +05:30 [INF] Serilog.AspNetCore.RequestLoggingMiddleware HTTP GET /api/Bids/catch/17 responded 200 in 3.561 ms
2026-09-23 22:32:17.625 +05:30 [INF] Serilog.AspNetCore.RequestLoggingMiddleware HTTP GET /api/Bids/catch/16 responded 200 in 4.650 ms
2026-09-23 22:32:17.626 +05:30 [INF] Serilog.AspNetCore.RequestLoggingMiddleware HTTP GET /api/Bids/catch/20 responded 200 in 4.051 ms
2026-09-23 22:32:17.633 +05:30 [INF] Serilog.AspNetCore.RequestLoggingMiddleware HTTP GET /api/Bids/catch/20 responded 200 in 3.121 ms
2026-09-23 22:33:11.577 +05:30 [INF] Serilog.AspNetCore.RequestLoggingMiddleware HTTP OPTIONS /api/Auth/register responded 204 in 0.513 ms
2026-09-23 22:33:11.912 +05:30 [INF] Serilog.AspNetCore.RequestLoggingMiddleware HTTP POST /api/Auth/register responded 200 in 332.801 ms
2026-09-23 22:33:16.217 +05:30 [INF] Serilog.AspNetCore.RequestLoggingMiddleware HTTP OPTIONS /api/Auth/login responded 204 in 0.081 ms
2026-09-23 22:33:16.494 +05:30 [INF] Serilog.AspNetCore.RequestLoggingMiddleware HTTP POST /api/Auth/login responded 200 in 273.937 ms
2026-09-23 22:33:16.547 +05:30 [INF] Serilog.AspNetCore.RequestLoggingMiddleware HTTP OPTIONS /api/BuyerMatch/preferences/me responded 204 in 0.063 ms
2026-09-23 22:33:16.550 +05:30 [INF] Serilog.AspNetCore.RequestLoggingMiddleware HTTP OPTIONS /api/BuyerMatch/available responded 204 in 0.041 ms
2026-09-23 22:33:16.550 +05:30 [INF] Serilog.AspNetCore.RequestLoggingMiddleware HTTP OPTIONS /api/BuyerMatch/recommend responded 204 in 0.035 ms
2026-09-23 22:33:16.550 +05:30 [INF] Serilog.AspNetCore.RequestLoggingMiddleware HTTP OPTIONS /api/Users/me responded 204 in 0.025 ms
2026-09-23 22:33:16.550 +05:30 [INF] Serilog.AspNetCore.RequestLoggingMiddleware HTTP OPTIONS /api/BuyerMatch/available responded 204 in 0.021 ms
2026-09-23 22:33:16.550 +05:30 [INF] Serilog.AspNetCore.RequestLoggingMiddleware HTTP OPTIONS /api/BuyerMatch/recommend responded 204 in 0.012 ms
2026-09-23 22:33:16.551 +05:30 [INF] Serilog.AspNetCore.RequestLoggingMiddleware HTTP OPTIONS /api/Users/me responded 204 in 0.015 ms
2026-09-23 22:33:16.591 +05:30 [INF] Serilog.AspNetCore.RequestLoggingMiddleware HTTP GET /api/BuyerMatch/preferences/me responded 404 in 40.796 ms
2026-09-23 22:33:16.591 +05:30 [INF] Serilog.AspNetCore.RequestLoggingMiddleware HTTP GET /api/Users/me responded 200 in 12.815 ms
2026-09-23 22:33:16.603 +05:30 [INF] Serilog.AspNetCore.RequestLoggingMiddleware HTTP GET /api/BuyerMatch/preferences/me responded 404 in 5.859 ms
2026-09-23 22:33:16.604 +05:30 [INF] Serilog.AspNetCore.RequestLoggingMiddleware HTTP GET /api/Users/me responded 200 in 4.413 ms
2026-09-23 22:33:16.636 +05:30 [INF] Serilog.AspNetCore.RequestLoggingMiddleware HTTP GET /api/BuyerMatch/available responded 200 in 62.196 ms
2026-09-23 22:33:16.645 +05:30 [INF] Serilog.AspNetCore.RequestLoggingMiddleware HTTP GET /api/BuyerMatch/available responded 200 in 7.209 ms
2026-09-23 22:33:16.665 +05:30 [INF] Serilog.AspNetCore.RequestLoggingMiddleware HTTP POST /api/BuyerMatch/recommend responded 200 in 105.192 ms
2026-09-23 22:33:16.673 +05:30 [INF] Serilog.AspNetCore.RequestLoggingMiddleware HTTP POST /api/BuyerMatch/recommend responded 200 in 84.847 ms
2026-09-23 22:33:47.138 +05:30 [INF] Serilog.AspNetCore.RequestLoggingMiddleware HTTP OPTIONS /api/Weather/locations responded 204 in 0.074 ms
2026-09-23 22:33:47.139 +05:30 [INF] Serilog.AspNetCore.RequestLoggingMiddleware HTTP OPTIONS /api/Catches responded 204 in 0.023 ms
2026-09-23 22:33:47.139 +05:30 [INF] Serilog.AspNetCore.RequestLoggingMiddleware HTTP OPTIONS /api/Logistics/plans responded 204 in 0.016 ms
2026-09-23 22:33:47.141 +05:30 [INF] Serilog.AspNetCore.RequestLoggingMiddleware HTTP OPTIONS /api/Weather/locations responded 204 in 0.022 ms
2026-09-23 22:33:47.141 +05:30 [INF] Serilog.AspNetCore.RequestLoggingMiddleware HTTP OPTIONS /api/Catches/flagged responded 204 in 0.011 ms
2026-09-23 22:33:47.139 +05:30 [INF] Serilog.AspNetCore.RequestLoggingMiddleware HTTP OPTIONS /api/Catches/flagged responded 204 in 0.023 ms
2026-09-23 22:33:47.145 +05:30 [INF] Serilog.AspNetCore.RequestLoggingMiddleware HTTP OPTIONS /api/Catches responded 204 in 0.049 ms
2026-09-23 22:33:47.147 +05:30 [INF] Serilog.AspNetCore.RequestLoggingMiddleware HTTP OPTIONS /api/Logistics/plans responded 204 in 0.017 ms
2026-09-23 22:33:47.169 +05:30 [INF] FishLink.API.Services.CatchService GetCatches: 27 results, page 1/1
2026-09-23 22:33:47.172 +05:30 [INF] FishLink.API.Services.WeatherService OpenWeatherMap API key not configured — using simulated weather for Negombo
2026-09-23 22:33:47.173 +05:30 [INF] Serilog.AspNetCore.RequestLoggingMiddleware HTTP GET /api/Catches responded 200 in 26.009 ms
2026-09-23 22:33:47.181 +05:30 [INF] FishLink.API.Services.WeatherService OpenWeatherMap API key not configured — using simulated weather for Colombo
2026-09-23 22:33:47.181 +05:30 [INF] FishLink.API.Services.WeatherService OpenWeatherMap API key not configured — using simulated weather for Galle
2026-09-23 22:33:47.181 +05:30 [INF] FishLink.API.Services.WeatherService OpenWeatherMap API key not configured — using simulated weather for Jaffna
2026-09-23 22:33:47.183 +05:30 [INF] FishLink.API.Services.WeatherService OpenWeatherMap API key not configured — using simulated weather for Matara
2026-09-23 22:33:47.213 +05:30 [INF] FishLink.API.Services.CatchService GetCatches: 27 results, page 1/1
2026-09-23 22:33:47.215 +05:30 [INF] Serilog.AspNetCore.RequestLoggingMiddleware HTTP GET /api/Catches/flagged responded 200 in 65.485 ms
2026-09-23 22:33:47.230 +05:30 [INF] Serilog.AspNetCore.RequestLoggingMiddleware HTTP GET /api/Weather/locations responded 200 in 82.557 ms
2026-09-23 22:33:47.235 +05:30 [INF] Serilog.AspNetCore.RequestLoggingMiddleware HTTP GET /api/Catches/flagged responded 200 in 5.125 ms
2026-09-23 22:33:47.237 +05:30 [INF] Serilog.AspNetCore.RequestLoggingMiddleware HTTP GET /api/Catches responded 200 in 57.319 ms
2026-09-23 22:33:47.238 +05:30 [INF] Serilog.AspNetCore.RequestLoggingMiddleware HTTP GET /api/Weather/locations responded 200 in 2.013 ms
2026-09-23 22:33:47.250 +05:30 [INF] Serilog.AspNetCore.RequestLoggingMiddleware HTTP GET /api/Weather/locations responded 200 in 0.624 ms
2026-09-23 22:33:47.256 +05:30 [INF] Serilog.AspNetCore.RequestLoggingMiddleware HTTP GET /api/Weather/locations responded 200 in 0.644 ms
2026-09-23 22:33:47.315 +05:30 [INF] Serilog.AspNetCore.RequestLoggingMiddleware HTTP GET /api/Logistics/plans responded 200 in 132.966 ms
2026-09-23 22:33:47.320 +05:30 [INF] Serilog.AspNetCore.RequestLoggingMiddleware HTTP GET /api/Logistics/plans responded 200 in 3.410 ms
2026-09-23 22:33:52.715 +05:30 [INF] Serilog.AspNetCore.RequestLoggingMiddleware HTTP OPTIONS /api/Weather/locations responded 204 in 0.034 ms
2026-09-23 22:33:52.715 +05:30 [INF] Serilog.AspNetCore.RequestLoggingMiddleware HTTP OPTIONS /api/Weather/locations responded 204 in 0.014 ms
2026-09-23 22:33:52.718 +05:30 [INF] Serilog.AspNetCore.RequestLoggingMiddleware HTTP GET /api/Weather/locations responded 200 in 0.810 ms
2026-09-23 22:33:52.721 +05:30 [INF] Serilog.AspNetCore.RequestLoggingMiddleware HTTP GET /api/Weather/locations responded 200 in 0.361 ms
2026-09-23 22:34:38.783 +05:30 [INF] Serilog.AspNetCore.RequestLoggingMiddleware HTTP OPTIONS /api/Auth/register responded 204 in 0.061 ms
2026-09-23 22:34:38.923 +05:30 [INF] Serilog.AspNetCore.RequestLoggingMiddleware HTTP POST /api/Auth/register responded 200 in 138.408 ms
2026-09-23 22:34:43.175 +05:30 [INF] Serilog.AspNetCore.RequestLoggingMiddleware HTTP OPTIONS /api/Auth/login responded 204 in 0.032 ms
2026-09-23 22:34:43.310 +05:30 [INF] Serilog.AspNetCore.RequestLoggingMiddleware HTTP POST /api/Auth/login responded 200 in 134.832 ms
2026-09-23 22:34:43.318 +05:30 [INF] Serilog.AspNetCore.RequestLoggingMiddleware HTTP OPTIONS /api/Catches/flagged responded 204 in 0.039 ms
2026-09-23 22:34:43.318 +05:30 [INF] Serilog.AspNetCore.RequestLoggingMiddleware HTTP OPTIONS /api/Logistics/plans responded 204 in 0.024 ms
2026-09-23 22:34:43.318 +05:30 [INF] Serilog.AspNetCore.RequestLoggingMiddleware HTTP OPTIONS /api/Catches responded 204 in 0.010 ms
2026-09-23 22:34:43.318 +05:30 [INF] Serilog.AspNetCore.RequestLoggingMiddleware HTTP OPTIONS /api/Users/me responded 204 in 0.008 ms
2026-09-23 22:34:43.320 +05:30 [INF] Serilog.AspNetCore.RequestLoggingMiddleware HTTP GET /api/Users/me responded 200 in 1.018 ms
2026-09-23 22:34:43.321 +05:30 [INF] Serilog.AspNetCore.RequestLoggingMiddleware HTTP GET /api/Catches/flagged responded 200 in 1.788 ms
2026-09-23 22:34:43.322 +05:30 [INF] Serilog.AspNetCore.RequestLoggingMiddleware HTTP GET /api/Logistics/plans responded 200 in 3.219 ms
2026-09-23 22:34:43.323 +05:30 [INF] FishLink.API.Services.CatchService GetCatches: 27 results, page 1/1
2026-09-23 22:34:43.323 +05:30 [INF] Serilog.AspNetCore.RequestLoggingMiddleware HTTP GET /api/Users/me responded 200 in 1.431 ms
2026-09-23 22:34:43.324 +05:30 [INF] Serilog.AspNetCore.RequestLoggingMiddleware HTTP GET /api/Catches responded 200 in 4.575 ms
2026-09-23 22:34:43.324 +05:30 [INF] Serilog.AspNetCore.RequestLoggingMiddleware HTTP GET /api/Catches/flagged responded 200 in 1.883 ms
2026-09-23 22:34:43.324 +05:30 [INF] Serilog.AspNetCore.RequestLoggingMiddleware HTTP GET /api/Logistics/plans responded 200 in 1.060 ms
2026-09-23 22:34:43.331 +05:30 [INF] FishLink.API.Services.CatchService GetCatches: 27 results, page 1/1
2026-09-23 22:34:43.333 +05:30 [INF] Serilog.AspNetCore.RequestLoggingMiddleware HTTP GET /api/Catches responded 200 in 7.854 ms
2026-09-23 22:34:49.448 +05:30 [INF] Serilog.AspNetCore.RequestLoggingMiddleware HTTP OPTIONS /api/Weather/locations responded 204 in 0.031 ms
2026-09-23 22:34:49.448 +05:30 [INF] Serilog.AspNetCore.RequestLoggingMiddleware HTTP OPTIONS /api/Catches/flagged responded 204 in 0.067 ms
2026-09-23 22:34:49.448 +05:30 [INF] Serilog.AspNetCore.RequestLoggingMiddleware HTTP OPTIONS /api/Catches responded 204 in 0.029 ms
2026-09-23 22:34:49.448 +05:30 [INF] Serilog.AspNetCore.RequestLoggingMiddleware HTTP OPTIONS /api/Logistics/plans responded 204 in 0.008 ms
2026-09-23 22:34:49.456 +05:30 [INF] Serilog.AspNetCore.RequestLoggingMiddleware HTTP GET /api/Weather/locations responded 200 in 3.516 ms
2026-09-23 22:34:49.457 +05:30 [INF] Serilog.AspNetCore.RequestLoggingMiddleware HTTP GET /api/Logistics/plans responded 200 in 4.744 ms
2026-09-23 22:34:49.457 +05:30 [INF] Serilog.AspNetCore.RequestLoggingMiddleware HTTP GET /api/Weather/locations responded 200 in 0.246 ms
2026-09-23 22:34:49.457 +05:30 [INF] Serilog.AspNetCore.RequestLoggingMiddleware HTTP GET /api/Catches/flagged responded 200 in 4.473 ms
2026-09-23 22:34:49.460 +05:30 [INF] FishLink.API.Services.CatchService GetCatches: 27 results, page 1/1
2026-09-23 22:34:49.460 +05:30 [INF] Serilog.AspNetCore.RequestLoggingMiddleware HTTP GET /api/Logistics/plans responded 200 in 1.782 ms
2026-09-23 22:34:49.462 +05:30 [INF] Serilog.AspNetCore.RequestLoggingMiddleware HTTP GET /api/Catches/flagged responded 200 in 2.865 ms
2026-09-23 22:34:49.462 +05:30 [INF] Serilog.AspNetCore.RequestLoggingMiddleware HTTP GET /api/Catches responded 200 in 9.353 ms
2026-09-23 22:34:49.472 +05:30 [INF] FishLink.API.Services.CatchService GetCatches: 27 results, page 1/1
2026-09-23 22:34:49.474 +05:30 [INF] Serilog.AspNetCore.RequestLoggingMiddleware HTTP GET /api/Catches responded 200 in 11.706 ms
2026-09-23 22:34:49.521 +05:30 [INF] Serilog.AspNetCore.RequestLoggingMiddleware HTTP GET /api/Weather/locations responded 200 in 0.432 ms
2026-09-23 22:34:49.523 +05:30 [INF] Serilog.AspNetCore.RequestLoggingMiddleware HTTP GET /api/Weather/locations responded 200 in 0.345 ms
2026-09-23 22:37:52.830 +05:30 [INF] Serilog.AspNetCore.RequestLoggingMiddleware HTTP OPTIONS /api/Logistics/plans/4/approve responded 204 in 0.102 ms
2026-09-23 22:37:53.083 +05:30 [INF] Serilog.AspNetCore.RequestLoggingMiddleware HTTP PATCH /api/Logistics/plans/4/approve responded 200 in 241.350 ms
2026-09-23 22:37:53.089 +05:30 [INF] Serilog.AspNetCore.RequestLoggingMiddleware HTTP OPTIONS /api/Logistics/plans responded 204 in 0.242 ms
2026-09-23 22:37:53.106 +05:30 [INF] Serilog.AspNetCore.RequestLoggingMiddleware HTTP GET /api/Logistics/plans responded 200 in 6.802 ms
2026-09-23 22:37:54.855 +05:30 [INF] Serilog.AspNetCore.RequestLoggingMiddleware HTTP OPTIONS /api/Logistics/plans/4/complete responded 204 in 0.132 ms
2026-09-23 22:37:54.903 +05:30 [INF] Serilog.AspNetCore.RequestLoggingMiddleware HTTP PATCH /api/Logistics/plans/4/complete responded 200 in 42.605 ms
2026-09-23 22:37:54.920 +05:30 [INF] Serilog.AspNetCore.RequestLoggingMiddleware HTTP GET /api/Logistics/plans responded 200 in 6.414 ms
2026-09-23 22:39:07.666 +05:30 [INF] Serilog.AspNetCore.RequestLoggingMiddleware HTTP OPTIONS /api/Auth/register responded 204 in 0.080 ms
2026-09-23 22:39:07.683 +05:30 [INF] Serilog.AspNetCore.RequestLoggingMiddleware HTTP POST /api/Auth/register responded 400 in 13.917 ms
2026-09-23 22:41:41.102 +05:30 [INF] Serilog.AspNetCore.RequestLoggingMiddleware HTTP OPTIONS /api/Auth/register responded 204 in 0.092 ms
2026-09-23 22:41:41.561 +05:30 [INF] Serilog.AspNetCore.RequestLoggingMiddleware HTTP POST /api/Auth/register responded 200 in 454.475 ms
2026-09-23 22:41:48.606 +05:30 [INF] Serilog.AspNetCore.RequestLoggingMiddleware HTTP OPTIONS /api/Auth/login responded 204 in 0.279 ms
2026-09-23 22:41:49.112 +05:30 [INF] Serilog.AspNetCore.RequestLoggingMiddleware HTTP POST /api/Auth/login responded 200 in 500.463 ms
2026-09-23 22:41:49.228 +05:30 [INF] Serilog.AspNetCore.RequestLoggingMiddleware HTTP OPTIONS /api/Catches responded 204 in 0.300 ms
2026-09-23 22:41:49.230 +05:30 [INF] Serilog.AspNetCore.RequestLoggingMiddleware HTTP OPTIONS /api/Users/me responded 204 in 0.091 ms
2026-09-23 22:41:49.240 +05:30 [INF] Serilog.AspNetCore.RequestLoggingMiddleware HTTP OPTIONS /api/Users/me responded 204 in 0.080 ms
2026-09-23 22:41:49.302 +05:30 [INF] FishLink.API.Services.CatchService GetCatches: 27 results, page 1/1
2026-09-23 22:41:49.306 +05:30 [INF] Serilog.AspNetCore.RequestLoggingMiddleware HTTP GET /api/Catches responded 200 in 65.963 ms
2026-09-23 22:41:49.360 +05:30 [INF] FishLink.API.Services.CatchService GetCatches: 27 results, page 1/1
2026-09-23 22:41:49.362 +05:30 [INF] Serilog.AspNetCore.RequestLoggingMiddleware HTTP OPTIONS /api/Bids/catch/26 responded 204 in 0.067 ms
2026-09-23 22:41:49.363 +05:30 [INF] Serilog.AspNetCore.RequestLoggingMiddleware HTTP GET /api/Catches responded 200 in 33.058 ms
2026-09-23 22:41:49.369 +05:30 [INF] Serilog.AspNetCore.RequestLoggingMiddleware HTTP OPTIONS /api/Bids/catch/20 responded 204 in 0.093 ms
2026-09-23 22:41:49.369 +05:30 [INF] Serilog.AspNetCore.RequestLoggingMiddleware HTTP OPTIONS /api/Bids/catch/25 responded 204 in 0.046 ms
2026-09-23 22:41:49.370 +05:30 [INF] Serilog.AspNetCore.RequestLoggingMiddleware HTTP OPTIONS /api/Bids/catch/17 responded 204 in 0.036 ms
2026-09-23 22:41:49.415 +05:30 [INF] Serilog.AspNetCore.RequestLoggingMiddleware HTTP GET /api/Bids/catch/26 responded 200 in 45.272 ms
2026-09-23 22:41:49.416 +05:30 [INF] Serilog.AspNetCore.RequestLoggingMiddleware HTTP OPTIONS /api/Bids/catch/16 responded 204 in 0.048 ms
2026-09-23 22:41:49.416 +05:30 [INF] Serilog.AspNetCore.RequestLoggingMiddleware HTTP OPTIONS /api/Bids/catch/15 responded 204 in 0.031 ms
2026-09-23 22:41:49.421 +05:30 [INF] Serilog.AspNetCore.RequestLoggingMiddleware HTTP GET /api/Bids/catch/20 responded 200 in 4.291 ms
2026-09-23 22:41:49.432 +05:30 [INF] Serilog.AspNetCore.RequestLoggingMiddleware HTTP GET /api/Bids/catch/17 responded 200 in 10.925 ms
2026-09-23 22:41:49.437 +05:30 [INF] Serilog.AspNetCore.RequestLoggingMiddleware HTTP GET /api/Bids/catch/15 responded 200 in 4.035 ms
2026-09-23 22:41:49.606 +05:30 [INF] Serilog.AspNetCore.RequestLoggingMiddleware HTTP GET /api/Bids/catch/26 responded 200 in 6.840 ms
2026-09-23 22:41:49.654 +05:30 [INF] Serilog.AspNetCore.RequestLoggingMiddleware HTTP GET /api/Bids/catch/15 responded 200 in 31.921 ms
2026-09-23 22:41:49.761 +05:30 [INF] Serilog.AspNetCore.RequestLoggingMiddleware HTTP GET /api/Bids/catch/26 responded 200 in 17.909 ms
2026-09-23 22:41:49.762 +05:30 [INF] Serilog.AspNetCore.RequestLoggingMiddleware HTTP GET /api/Users/me responded 200 in 518.708 ms
2026-09-23 22:41:49.844 +05:30 [INF] Serilog.AspNetCore.RequestLoggingMiddleware HTTP GET /api/Bids/catch/26 responded 200 in 39.282 ms
2026-09-23 22:41:49.845 +05:30 [INF] Serilog.AspNetCore.RequestLoggingMiddleware HTTP GET /api/Bids/catch/15 responded 200 in 42.190 ms
2026-09-23 22:41:49.902 +05:30 [INF] Serilog.AspNetCore.RequestLoggingMiddleware HTTP GET /api/Users/me responded 200 in 7.784 ms
2026-09-23 22:41:49.903 +05:30 [INF] Serilog.AspNetCore.RequestLoggingMiddleware HTTP GET /api/Bids/catch/15 responded 200 in 6.677 ms
2026-09-23 22:41:49.938 +05:30 [INF] Serilog.AspNetCore.RequestLoggingMiddleware HTTP GET /api/Bids/catch/25 responded 200 in 519.894 ms
2026-09-23 22:41:50.199 +05:30 [INF] Serilog.AspNetCore.RequestLoggingMiddleware HTTP GET /api/Bids/catch/20 responded 200 in 598.257 ms
2026-09-23 22:41:50.201 +05:30 [INF] Serilog.AspNetCore.RequestLoggingMiddleware HTTP GET /api/Bids/catch/16 responded 200 in 766.368 ms
2026-09-23 22:41:50.202 +05:30 [INF] Serilog.AspNetCore.RequestLoggingMiddleware HTTP GET /api/Bids/catch/17 responded 200 in 598.403 ms
2026-09-23 22:41:50.220 +05:30 [INF] Serilog.AspNetCore.RequestLoggingMiddleware HTTP GET /api/Bids/catch/25 responded 200 in 17.817 ms
2026-09-23 22:41:50.297 +05:30 [INF] Serilog.AspNetCore.RequestLoggingMiddleware HTTP GET /api/Bids/catch/16 responded 200 in 76.150 ms
2026-09-23 22:41:50.301 +05:30 [INF] Serilog.AspNetCore.RequestLoggingMiddleware HTTP GET /api/Bids/catch/20 responded 200 in 78.303 ms
2026-09-23 22:41:50.306 +05:30 [INF] Serilog.AspNetCore.RequestLoggingMiddleware HTTP GET /api/Bids/catch/17 responded 200 in 8.417 ms
2026-09-23 22:41:50.306 +05:30 [INF] Serilog.AspNetCore.RequestLoggingMiddleware HTTP GET /api/Bids/catch/25 responded 200 in 7.205 ms
2026-09-23 22:41:50.329 +05:30 [INF] Serilog.AspNetCore.RequestLoggingMiddleware HTTP GET /api/Bids/catch/20 responded 200 in 20.671 ms
2026-09-23 22:41:50.330 +05:30 [INF] Serilog.AspNetCore.RequestLoggingMiddleware HTTP GET /api/Bids/catch/16 responded 200 in 23.263 ms
2026-09-23 22:41:50.559 +05:30 [INF] Serilog.AspNetCore.RequestLoggingMiddleware HTTP GET /api/Bids/catch/25 responded 200 in 226.634 ms
2026-09-23 22:41:50.560 +05:30 [INF] Serilog.AspNetCore.RequestLoggingMiddleware HTTP GET /api/Bids/catch/17 responded 200 in 229.314 ms
2026-09-23 22:41:50.599 +05:30 [INF] Serilog.AspNetCore.RequestLoggingMiddleware HTTP GET /api/Bids/catch/16 responded 200 in 37.964 ms
2026-09-23 22:59:20.411 +05:30 [INF] Serilog.AspNetCore.RequestLoggingMiddleware HTTP OPTIONS /api/AgentGateway/prices/Tuna (Yellowfin)/predict responded 204 in 0.137 ms
2026-09-23 22:59:20.413 +05:30 [INF] Serilog.AspNetCore.RequestLoggingMiddleware HTTP OPTIONS /api/AgentGateway/prices/Skipjack/predict responded 204 in 0.021 ms
2026-09-23 22:59:20.413 +05:30 [INF] Serilog.AspNetCore.RequestLoggingMiddleware HTTP OPTIONS /api/AgentGateway/prices/Trevally (Paraw)/predict responded 204 in 0.025 ms
2026-09-23 22:59:20.413 +05:30 [INF] Serilog.AspNetCore.RequestLoggingMiddleware HTTP OPTIONS /api/AgentGateway/prices/Mackerel/predict responded 204 in 0.015 ms
2026-09-23 22:59:20.414 +05:30 [INF] Serilog.AspNetCore.RequestLoggingMiddleware HTTP OPTIONS /api/Catches/market-stats responded 204 in 0.016 ms
2026-09-23 22:59:20.417 +05:30 [INF] System.Net.Http.HttpClient.Default.LogicalHandler Start processing HTTP request GET http://localhost:8001/api/prices/Tuna%20%28Yellowfin%29/predict
2026-09-23 22:59:20.417 +05:30 [INF] System.Net.Http.HttpClient.Default.LogicalHandler Start processing HTTP request GET http://localhost:8001/api/prices/Skipjack/predict
2026-09-23 22:59:20.417 +05:30 [INF] System.Net.Http.HttpClient.Default.LogicalHandler Start processing HTTP request GET http://localhost:8001/api/prices/Trevally%20%28Paraw%29/predict
2026-09-23 22:59:20.417 +05:30 [INF] System.Net.Http.HttpClient.Default.ClientHandler Sending HTTP request GET http://localhost:8001/api/prices/Tuna%20%28Yellowfin%29/predict
2026-09-23 22:59:20.417 +05:30 [INF] System.Net.Http.HttpClient.Default.ClientHandler Sending HTTP request GET http://localhost:8001/api/prices/Skipjack/predict
2026-09-23 22:59:20.417 +05:30 [INF] System.Net.Http.HttpClient.Default.ClientHandler Sending HTTP request GET http://localhost:8001/api/prices/Trevally%20%28Paraw%29/predict
2026-09-23 22:59:20.418 +05:30 [INF] System.Net.Http.HttpClient.Default.LogicalHandler Start processing HTTP request GET http://localhost:8001/api/prices/Mackerel/predict
2026-09-23 22:59:20.418 +05:30 [INF] System.Net.Http.HttpClient.Default.ClientHandler Sending HTTP request GET http://localhost:8001/api/prices/Mackerel/predict
2026-09-23 22:59:20.461 +05:30 [INF] Serilog.AspNetCore.RequestLoggingMiddleware HTTP GET /api/Catches/market-stats responded 200 in 43.742 ms
2026-09-23 22:59:20.467 +05:30 [INF] Serilog.AspNetCore.RequestLoggingMiddleware HTTP GET /api/Catches/market-stats responded 200 in 3.938 ms
2026-09-23 22:59:22.485 +05:30 [INF] System.Net.Http.HttpClient.Default.ClientHandler Received HTTP response headers after 2066.5939ms - 200
2026-09-23 22:59:22.485 +05:30 [INF] System.Net.Http.HttpClient.Default.LogicalHandler End processing HTTP request after 2067.3176ms - 200
2026-09-23 22:59:22.489 +05:30 [INF] Serilog.AspNetCore.RequestLoggingMiddleware HTTP GET /api/AgentGateway/prices/Mackerel/predict responded 200 in 2071.812 ms
2026-09-23 22:59:22.495 +05:30 [INF] System.Net.Http.HttpClient.Default.ClientHandler Received HTTP response headers after 2077.5256ms - 200
2026-09-23 22:59:22.495 +05:30 [INF] System.Net.Http.HttpClient.Default.LogicalHandler End processing HTTP request after 2078.6499ms - 200
2026-09-23 22:59:22.497 +05:30 [INF] System.Net.Http.HttpClient.Default.LogicalHandler Start processing HTTP request GET http://localhost:8001/api/prices/Mackerel/predict
2026-09-23 22:59:22.498 +05:30 [INF] System.Net.Http.HttpClient.Default.ClientHandler Sending HTTP request GET http://localhost:8001/api/prices/Mackerel/predict
2026-09-23 22:59:22.498 +05:30 [INF] System.Net.Http.HttpClient.Default.ClientHandler Received HTTP response headers after 2080.9397ms - 200
2026-09-23 22:59:22.499 +05:30 [INF] System.Net.Http.HttpClient.Default.LogicalHandler End processing HTTP request after 2081.9528ms - 200
2026-09-23 22:59:22.499 +05:30 [INF] Serilog.AspNetCore.RequestLoggingMiddleware HTTP GET /api/AgentGateway/prices/Trevally (Paraw)/predict responded 200 in 2083.517 ms
2026-09-23 22:59:22.500 +05:30 [INF] Serilog.AspNetCore.RequestLoggingMiddleware HTTP GET /api/AgentGateway/prices/Tuna (Yellowfin)/predict responded 200 in 2085.030 ms
2026-09-23 22:59:22.502 +05:30 [INF] System.Net.Http.HttpClient.Default.ClientHandler Received HTTP response headers after 2084.726ms - 200
2026-09-23 22:59:22.502 +05:30 [INF] System.Net.Http.HttpClient.Default.LogicalHandler End processing HTTP request after 2085.3526ms - 200
2026-09-23 22:59:22.504 +05:30 [INF] Serilog.AspNetCore.RequestLoggingMiddleware HTTP GET /api/AgentGateway/prices/Skipjack/predict responded 200 in 2087.565 ms
2026-09-23 22:59:22.509 +05:30 [INF] System.Net.Http.HttpClient.Default.LogicalHandler Start processing HTTP request GET http://localhost:8001/api/prices/Trevally%20%28Paraw%29/predict
2026-09-23 22:59:22.509 +05:30 [INF] System.Net.Http.HttpClient.Default.ClientHandler Sending HTTP request GET http://localhost:8001/api/prices/Trevally%20%28Paraw%29/predict
2026-09-23 22:59:22.510 +05:30 [INF] System.Net.Http.HttpClient.Default.LogicalHandler Start processing HTTP request GET http://localhost:8001/api/prices/Tuna%20%28Yellowfin%29/predict
2026-09-23 22:59:22.510 +05:30 [INF] System.Net.Http.HttpClient.Default.ClientHandler Sending HTTP request GET http://localhost:8001/api/prices/Tuna%20%28Yellowfin%29/predict
2026-09-23 22:59:22.513 +05:30 [INF] System.Net.Http.HttpClient.Default.LogicalHandler Start processing HTTP request GET http://localhost:8001/api/prices/Skipjack/predict
2026-09-23 22:59:22.513 +05:30 [INF] System.Net.Http.HttpClient.Default.ClientHandler Sending HTTP request GET http://localhost:8001/api/prices/Skipjack/predict
2026-09-23 22:59:22.513 +05:30 [INF] System.Net.Http.HttpClient.Default.ClientHandler Received HTTP response headers after 15.0934ms - 200
2026-09-23 22:59:22.514 +05:30 [INF] System.Net.Http.HttpClient.Default.LogicalHandler End processing HTTP request after 17.1796ms - 200
2026-09-23 22:59:22.514 +05:30 [INF] Serilog.AspNetCore.RequestLoggingMiddleware HTTP GET /api/AgentGateway/prices/Mackerel/predict responded 200 in 19.253 ms
2026-09-23 22:59:22.531 +05:30 [INF] System.Net.Http.HttpClient.Default.ClientHandler Received HTTP response headers after 20.7176ms - 200
2026-09-23 22:59:22.531 +05:30 [INF] System.Net.Http.HttpClient.Default.LogicalHandler End processing HTTP request after 21.6229ms - 200
2026-09-23 22:59:22.533 +05:30 [INF] System.Net.Http.HttpClient.Default.ClientHandler Received HTTP response headers after 23.5801ms - 200
2026-09-23 22:59:22.533 +05:30 [INF] System.Net.Http.HttpClient.Default.LogicalHandler End processing HTTP request after 24.5441ms - 200
2026-09-23 22:59:22.536 +05:30 [INF] System.Net.Http.HttpClient.Default.ClientHandler Received HTTP response headers after 22.8585ms - 200
2026-09-23 22:59:22.536 +05:30 [INF] System.Net.Http.HttpClient.Default.LogicalHandler End processing HTTP request after 23.8945ms - 200
2026-09-23 22:59:22.537 +05:30 [INF] Serilog.AspNetCore.RequestLoggingMiddleware HTTP GET /api/AgentGateway/prices/Tuna (Yellowfin)/predict responded 200 in 29.380 ms
2026-09-23 22:59:22.537 +05:30 [INF] Serilog.AspNetCore.RequestLoggingMiddleware HTTP GET /api/AgentGateway/prices/Trevally (Paraw)/predict responded 200 in 29.636 ms
2026-09-23 22:59:22.538 +05:30 [INF] Serilog.AspNetCore.RequestLoggingMiddleware HTTP GET /api/AgentGateway/prices/Skipjack/predict responded 200 in 26.544 ms
2026-09-23 23:06:11.824 +05:30 [INF] Serilog.AspNetCore.RequestLoggingMiddleware HTTP OPTIONS /api/Catches responded 204 in 0.058 ms
2026-09-23 23:06:11.826 +05:30 [INF] Serilog.AspNetCore.RequestLoggingMiddleware HTTP OPTIONS /api/Catches responded 204 in 0.034 ms
2026-09-23 23:06:11.875 +05:30 [INF] FishLink.API.Services.CatchService GetCatches: 27 results, page 1/1
2026-09-23 23:06:11.877 +05:30 [INF] Serilog.AspNetCore.RequestLoggingMiddleware HTTP GET /api/Catches responded 200 in 49.176 ms
2026-09-23 23:06:11.882 +05:30 [INF] FishLink.API.Services.CatchService GetCatches: 27 results, page 1/1
2026-09-23 23:06:11.884 +05:30 [INF] Serilog.AspNetCore.RequestLoggingMiddleware HTTP GET /api/Catches responded 200 in 6.102 ms
2026-09-23 23:06:11.887 +05:30 [INF] Serilog.AspNetCore.RequestLoggingMiddleware HTTP OPTIONS /api/Bids/catch/26 responded 204 in 0.032 ms
2026-09-23 23:06:11.888 +05:30 [INF] Serilog.AspNetCore.RequestLoggingMiddleware HTTP OPTIONS /api/Bids/catch/25 responded 204 in 0.032 ms
2026-09-23 23:06:11.889 +05:30 [INF] Serilog.AspNetCore.RequestLoggingMiddleware HTTP OPTIONS /api/Bids/catch/20 responded 204 in 0.022 ms
2026-09-23 23:06:11.894 +05:30 [INF] Serilog.AspNetCore.RequestLoggingMiddleware HTTP OPTIONS /api/Bids/catch/17 responded 204 in 0.029 ms
2026-09-23 23:06:11.894 +05:30 [INF] Serilog.AspNetCore.RequestLoggingMiddleware HTTP OPTIONS /api/Bids/catch/16 responded 204 in 0.021 ms
2026-09-23 23:06:11.894 +05:30 [INF] Serilog.AspNetCore.RequestLoggingMiddleware HTTP OPTIONS /api/Bids/catch/15 responded 204 in 0.016 ms
2026-09-23 23:06:11.898 +05:30 [INF] Serilog.AspNetCore.RequestLoggingMiddleware HTTP GET /api/Bids/catch/26 responded 200 in 8.114 ms
2026-09-23 23:06:11.901 +05:30 [INF] Serilog.AspNetCore.RequestLoggingMiddleware HTTP GET /api/Bids/catch/16 responded 200 in 4.523 ms
2026-09-23 23:06:11.909 +05:30 [INF] Serilog.AspNetCore.RequestLoggingMiddleware HTTP GET /api/Bids/catch/26 responded 200 in 2.981 ms
2026-09-23 23:06:11.950 +05:30 [INF] Serilog.AspNetCore.RequestLoggingMiddleware HTTP GET /api/Bids/catch/25 responded 200 in 59.948 ms
2026-09-23 23:06:11.957 +05:30 [INF] Serilog.AspNetCore.RequestLoggingMiddleware HTTP GET /api/Bids/catch/25 responded 200 in 4.033 ms
2026-09-23 23:06:11.959 +05:30 [INF] Serilog.AspNetCore.RequestLoggingMiddleware HTTP GET /api/Bids/catch/20 responded 200 in 64.809 ms
2026-09-23 23:06:11.960 +05:30 [INF] Serilog.AspNetCore.RequestLoggingMiddleware HTTP GET /api/Bids/catch/17 responded 200 in 63.554 ms
2026-09-23 23:06:11.963 +05:30 [INF] Serilog.AspNetCore.RequestLoggingMiddleware HTTP GET /api/Bids/catch/20 responded 200 in 2.544 ms
2026-09-23 23:06:11.964 +05:30 [INF] Serilog.AspNetCore.RequestLoggingMiddleware HTTP GET /api/Bids/catch/17 responded 200 in 1.876 ms
2026-09-23 23:06:11.968 +05:30 [INF] Serilog.AspNetCore.RequestLoggingMiddleware HTTP GET /api/Bids/catch/15 responded 200 in 68.768 ms
2026-09-23 23:06:11.969 +05:30 [INF] Serilog.AspNetCore.RequestLoggingMiddleware HTTP GET /api/Bids/catch/16 responded 200 in 60.876 ms
2026-09-23 23:06:11.970 +05:30 [INF] Serilog.AspNetCore.RequestLoggingMiddleware HTTP GET /api/Bids/catch/25 responded 200 in 2.022 ms
2026-09-23 23:06:11.970 +05:30 [INF] Serilog.AspNetCore.RequestLoggingMiddleware HTTP GET /api/Bids/catch/26 responded 200 in 2.178 ms
2026-09-23 23:06:11.971 +05:30 [INF] Serilog.AspNetCore.RequestLoggingMiddleware HTTP GET /api/Bids/catch/20 responded 200 in 2.316 ms
2026-09-23 23:06:11.971 +05:30 [INF] Serilog.AspNetCore.RequestLoggingMiddleware HTTP GET /api/Bids/catch/17 responded 200 in 1.909 ms
2026-09-23 23:06:11.973 +05:30 [INF] Serilog.AspNetCore.RequestLoggingMiddleware HTTP GET /api/Bids/catch/15 responded 200 in 3.272 ms
2026-09-23 23:06:11.974 +05:30 [INF] Serilog.AspNetCore.RequestLoggingMiddleware HTTP GET /api/Bids/catch/16 responded 200 in 2.107 ms
2026-09-23 23:06:11.975 +05:30 [INF] Serilog.AspNetCore.RequestLoggingMiddleware HTTP GET /api/Bids/catch/26 responded 200 in 1.506 ms
2026-09-23 23:06:11.976 +05:30 [INF] Serilog.AspNetCore.RequestLoggingMiddleware HTTP GET /api/Bids/catch/25 responded 200 in 1.612 ms
2026-09-23 23:06:11.977 +05:30 [INF] Serilog.AspNetCore.RequestLoggingMiddleware HTTP GET /api/Bids/catch/20 responded 200 in 1.683 ms
2026-09-23 23:06:11.977 +05:30 [INF] Serilog.AspNetCore.RequestLoggingMiddleware HTTP GET /api/Bids/catch/17 responded 200 in 1.701 ms
2026-09-23 23:06:11.977 +05:30 [INF] Serilog.AspNetCore.RequestLoggingMiddleware HTTP GET /api/Bids/catch/15 responded 200 in 1.688 ms
2026-09-23 23:06:11.978 +05:30 [INF] Serilog.AspNetCore.RequestLoggingMiddleware HTTP GET /api/Bids/catch/16 responded 200 in 1.227 ms
2026-09-23 23:06:11.981 +05:30 [INF] Serilog.AspNetCore.RequestLoggingMiddleware HTTP GET /api/Bids/catch/15 responded 200 in 1.667 ms
2026-09-23 23:13:51.512 +05:30 [INF] Serilog.AspNetCore.RequestLoggingMiddleware HTTP OPTIONS /api/Bids/catch/26 responded 204 in 0.031 ms
2026-09-23 23:13:51.512 +05:30 [INF] Serilog.AspNetCore.RequestLoggingMiddleware HTTP OPTIONS /api/Bids/catch/25 responded 204 in 0.059 ms
2026-09-23 23:13:51.513 +05:30 [INF] Serilog.AspNetCore.RequestLoggingMiddleware HTTP OPTIONS /api/Bids/catch/20 responded 204 in 0.010 ms
2026-09-23 23:13:51.514 +05:30 [INF] Serilog.AspNetCore.RequestLoggingMiddleware HTTP OPTIONS /api/Bids/catch/17 responded 204 in 0.070 ms
2026-09-23 23:13:51.515 +05:30 [INF] Serilog.AspNetCore.RequestLoggingMiddleware HTTP OPTIONS /api/Bids/catch/16 responded 204 in 0.014 ms
2026-09-23 23:13:51.515 +05:30 [INF] Serilog.AspNetCore.RequestLoggingMiddleware HTTP OPTIONS /api/Bids/catch/15 responded 204 in 0.014 ms
2026-09-23 23:13:51.524 +05:30 [INF] Serilog.AspNetCore.RequestLoggingMiddleware HTTP OPTIONS /api/Bids/catch/25 responded 204 in 0.043 ms
2026-09-23 23:13:51.524 +05:30 [INF] Serilog.AspNetCore.RequestLoggingMiddleware HTTP OPTIONS /api/Bids/catch/20 responded 204 in 0.105 ms
2026-09-23 23:13:51.524 +05:30 [INF] Serilog.AspNetCore.RequestLoggingMiddleware HTTP OPTIONS /api/Bids/catch/26 responded 204 in 0.025 ms
2026-09-23 23:13:51.524 +05:30 [INF] Serilog.AspNetCore.RequestLoggingMiddleware HTTP OPTIONS /api/Bids/catch/16 responded 204 in 0.024 ms
2026-09-23 23:13:51.524 +05:30 [INF] Serilog.AspNetCore.RequestLoggingMiddleware HTTP OPTIONS /api/Bids/catch/17 responded 204 in 0.086 ms
2026-09-23 23:13:51.524 +05:30 [INF] Serilog.AspNetCore.RequestLoggingMiddleware HTTP OPTIONS /api/Bids/catch/15 responded 204 in 0.069 ms
2026-09-23 23:13:51.593 +05:30 [INF] Serilog.AspNetCore.RequestLoggingMiddleware HTTP GET /api/Bids/catch/17 responded 200 in 67.254 ms
2026-09-23 23:13:51.595 +05:30 [INF] Serilog.AspNetCore.RequestLoggingMiddleware HTTP GET /api/Bids/catch/20 responded 200 in 68.856 ms
2026-09-23 23:13:51.596 +05:30 [INF] Serilog.AspNetCore.RequestLoggingMiddleware HTTP GET /api/Bids/catch/26 responded 200 in 68.861 ms
2026-09-23 23:13:51.596 +05:30 [INF] Serilog.AspNetCore.RequestLoggingMiddleware HTTP GET /api/Bids/catch/17 responded 200 in 1.963 ms
2026-09-23 23:13:51.600 +05:30 [INF] Serilog.AspNetCore.RequestLoggingMiddleware HTTP GET /api/Bids/catch/26 responded 200 in 2.727 ms
2026-09-23 23:13:51.600 +05:30 [INF] Serilog.AspNetCore.RequestLoggingMiddleware HTTP GET /api/Bids/catch/20 responded 200 in 3.617 ms
2026-09-23 23:13:51.606 +05:30 [INF] Serilog.AspNetCore.RequestLoggingMiddleware HTTP GET /api/Bids/catch/25 responded 200 in 80.598 ms
2026-09-23 23:13:51.607 +05:30 [INF] Serilog.AspNetCore.RequestLoggingMiddleware HTTP GET /api/Bids/catch/16 responded 200 in 80.880 ms
2026-09-23 23:13:51.610 +05:30 [INF] Serilog.AspNetCore.RequestLoggingMiddleware HTTP GET /api/Bids/catch/15 responded 200 in 82.962 ms
2026-09-23 23:13:51.610 +05:30 [INF] Serilog.AspNetCore.RequestLoggingMiddleware HTTP GET /api/Bids/catch/25 responded 200 in 1.988 ms
2026-09-23 23:13:51.610 +05:30 [INF] Serilog.AspNetCore.RequestLoggingMiddleware HTTP GET /api/Bids/catch/16 responded 200 in 1.698 ms
2026-09-23 23:13:51.613 +05:30 [INF] Serilog.AspNetCore.RequestLoggingMiddleware HTTP GET /api/Bids/catch/15 responded 200 in 2.027 ms
2026-09-23 23:26:06.135 +05:30 [INF] Serilog.AspNetCore.RequestLoggingMiddleware HTTP OPTIONS /api/Users/me responded 204 in 0.115 ms
2026-09-23 23:26:06.135 +05:30 [INF] Serilog.AspNetCore.RequestLoggingMiddleware HTTP OPTIONS /api/Users/me responded 204 in 0.118 ms
2026-09-23 23:26:06.192 +05:30 [INF] Serilog.AspNetCore.RequestLoggingMiddleware HTTP GET /api/Users/me responded 200 in 54.670 ms
2026-09-23 23:26:06.196 +05:30 [INF] Serilog.AspNetCore.RequestLoggingMiddleware HTTP GET /api/Users/me responded 200 in 2.455 ms
2026-09-23 23:29:20.937 +05:30 [INF] Serilog.AspNetCore.RequestLoggingMiddleware HTTP OPTIONS /api/Bids/catch/26 responded 204 in 0.034 ms
2026-09-23 23:29:20.937 +05:30 [INF] Serilog.AspNetCore.RequestLoggingMiddleware HTTP OPTIONS /api/Bids/catch/25 responded 204 in 0.014 ms
2026-09-23 23:29:20.937 +05:30 [INF] Serilog.AspNetCore.RequestLoggingMiddleware HTTP OPTIONS /api/Bids/catch/20 responded 204 in 0.013 ms
2026-09-23 23:29:20.940 +05:30 [INF] Serilog.AspNetCore.RequestLoggingMiddleware HTTP OPTIONS /api/Bids/catch/17 responded 204 in 0.019 ms
2026-09-23 23:29:20.940 +05:30 [INF] Serilog.AspNetCore.RequestLoggingMiddleware HTTP OPTIONS /api/Bids/catch/16 responded 204 in 0.025 ms
2026-09-23 23:29:20.941 +05:30 [INF] Serilog.AspNetCore.RequestLoggingMiddleware HTTP OPTIONS /api/Bids/catch/15 responded 204 in 0.040 ms
2026-09-23 23:29:20.949 +05:30 [INF] Serilog.AspNetCore.RequestLoggingMiddleware HTTP GET /api/Bids/catch/26 responded 200 in 7.064 ms
2026-09-23 23:29:20.953 +05:30 [INF] Serilog.AspNetCore.RequestLoggingMiddleware HTTP GET /api/Bids/catch/26 responded 200 in 2.128 ms
2026-09-23 23:29:21.003 +05:30 [INF] Serilog.AspNetCore.RequestLoggingMiddleware HTTP GET /api/Bids/catch/25 responded 200 in 61.148 ms
2026-09-23 23:29:21.007 +05:30 [INF] Serilog.AspNetCore.RequestLoggingMiddleware HTTP GET /api/Bids/catch/25 responded 200 in 2.189 ms
2026-09-23 23:29:21.010 +05:30 [INF] Serilog.AspNetCore.RequestLoggingMiddleware HTTP GET /api/Bids/catch/17 responded 200 in 67.077 ms
2026-09-23 23:29:21.014 +05:30 [INF] Serilog.AspNetCore.RequestLoggingMiddleware HTTP GET /api/Bids/catch/17 responded 200 in 2.275 ms
2026-09-23 23:29:21.018 +05:30 [INF] Serilog.AspNetCore.RequestLoggingMiddleware HTTP GET /api/Bids/catch/15 responded 200 in 74.354 ms
2026-09-23 23:29:21.019 +05:30 [INF] Serilog.AspNetCore.RequestLoggingMiddleware HTTP GET /api/Bids/catch/20 responded 200 in 75.865 ms
2026-09-23 23:29:21.021 +05:30 [INF] Serilog.AspNetCore.RequestLoggingMiddleware HTTP GET /api/Bids/catch/15 responded 200 in 1.940 ms
2026-09-23 23:29:21.022 +05:30 [INF] Serilog.AspNetCore.RequestLoggingMiddleware HTTP GET /api/Bids/catch/20 responded 200 in 1.716 ms
2026-09-23 23:29:21.107 +05:30 [INF] Serilog.AspNetCore.RequestLoggingMiddleware HTTP GET /api/Bids/catch/16 responded 200 in 163.252 ms
2026-09-23 23:29:21.110 +05:30 [INF] Serilog.AspNetCore.RequestLoggingMiddleware HTTP GET /api/Bids/catch/16 responded 200 in 1.605 ms
2026-09-23 23:30:24.894 +05:30 [INF] Serilog.AspNetCore.RequestLoggingMiddleware HTTP OPTIONS /api/Bids/catch/26 responded 204 in 0.076 ms
2026-09-23 23:30:24.895 +05:30 [INF] Serilog.AspNetCore.RequestLoggingMiddleware HTTP OPTIONS /api/Bids/catch/25 responded 204 in 0.044 ms
2026-09-23 23:30:24.897 +05:30 [INF] Serilog.AspNetCore.RequestLoggingMiddleware HTTP OPTIONS /api/Bids/catch/20 responded 204 in 0.031 ms
2026-09-23 23:30:24.899 +05:30 [INF] Serilog.AspNetCore.RequestLoggingMiddleware HTTP OPTIONS /api/Bids/catch/17 responded 204 in 0.027 ms
2026-09-23 23:30:24.901 +05:30 [INF] Serilog.AspNetCore.RequestLoggingMiddleware HTTP OPTIONS /api/Bids/catch/16 responded 204 in 0.078 ms
2026-09-23 23:30:24.902 +05:30 [INF] Serilog.AspNetCore.RequestLoggingMiddleware HTTP GET /api/Bids/catch/26 responded 200 in 2.573 ms
2026-09-23 23:30:24.902 +05:30 [INF] Serilog.AspNetCore.RequestLoggingMiddleware HTTP OPTIONS /api/Bids/catch/15 responded 204 in 0.019 ms
2026-09-23 23:30:24.903 +05:30 [INF] Serilog.AspNetCore.RequestLoggingMiddleware HTTP GET /api/Bids/catch/25 responded 200 in 2.743 ms
2026-09-23 23:30:24.903 +05:30 [INF] Serilog.AspNetCore.RequestLoggingMiddleware HTTP GET /api/Bids/catch/20 responded 200 in 2.339 ms
2026-09-23 23:30:24.904 +05:30 [INF] Serilog.AspNetCore.RequestLoggingMiddleware HTTP GET /api/Bids/catch/17 responded 200 in 1.827 ms
2026-09-23 23:30:24.906 +05:30 [INF] Serilog.AspNetCore.RequestLoggingMiddleware HTTP GET /api/Bids/catch/26 responded 200 in 1.066 ms
2026-09-23 23:30:24.906 +05:30 [INF] Serilog.AspNetCore.RequestLoggingMiddleware HTTP GET /api/Bids/catch/16 responded 200 in 1.694 ms
2026-09-23 23:30:24.906 +05:30 [INF] Serilog.AspNetCore.RequestLoggingMiddleware HTTP GET /api/Bids/catch/15 responded 200 in 1.010 ms
2026-09-23 23:30:24.907 +05:30 [INF] Serilog.AspNetCore.RequestLoggingMiddleware HTTP GET /api/Bids/catch/25 responded 200 in 1.284 ms
2026-09-23 23:30:24.908 +05:30 [INF] Serilog.AspNetCore.RequestLoggingMiddleware HTTP GET /api/Bids/catch/20 responded 200 in 1.485 ms
2026-09-23 23:30:24.909 +05:30 [INF] Serilog.AspNetCore.RequestLoggingMiddleware HTTP GET /api/Bids/catch/17 responded 200 in 1.485 ms
2026-09-23 23:30:24.910 +05:30 [INF] Serilog.AspNetCore.RequestLoggingMiddleware HTTP GET /api/Bids/catch/16 responded 200 in 1.833 ms
2026-09-23 23:30:24.910 +05:30 [INF] Serilog.AspNetCore.RequestLoggingMiddleware HTTP GET /api/Bids/catch/15 responded 200 in 1.488 ms
2026-09-23 23:31:21.470 +05:30 [INF] Serilog.AspNetCore.RequestLoggingMiddleware HTTP OPTIONS /api/AgentGateway/prices/Skipjack/predict responded 204 in 0.040 ms
2026-09-23 23:31:21.470 +05:30 [INF] Serilog.AspNetCore.RequestLoggingMiddleware HTTP OPTIONS /api/AgentGateway/prices/Tuna (Yellowfin)/predict responded 204 in 0.148 ms
2026-09-23 23:31:21.471 +05:30 [INF] Serilog.AspNetCore.RequestLoggingMiddleware HTTP OPTIONS /api/AgentGateway/prices/Trevally (Paraw)/predict responded 204 in 0.022 ms
2026-09-23 23:31:21.471 +05:30 [INF] Serilog.AspNetCore.RequestLoggingMiddleware HTTP OPTIONS /api/AgentGateway/prices/Mackerel/predict responded 204 in 0.012 ms
2026-09-23 23:31:21.475 +05:30 [INF] Serilog.AspNetCore.RequestLoggingMiddleware HTTP OPTIONS /api/Catches/market-stats responded 204 in 0.017 ms
2026-09-23 23:31:21.475 +05:30 [INF] System.Net.Http.HttpClient.Default.LogicalHandler Start processing HTTP request GET http://localhost:8001/api/prices/Skipjack/predict
2026-09-23 23:31:21.475 +05:30 [INF] System.Net.Http.HttpClient.Default.LogicalHandler Start processing HTTP request GET http://localhost:8001/api/prices/Mackerel/predict
2026-09-23 23:31:21.475 +05:30 [INF] System.Net.Http.HttpClient.Default.ClientHandler Sending HTTP request GET http://localhost:8001/api/prices/Skipjack/predict
2026-09-23 23:31:21.475 +05:30 [INF] System.Net.Http.HttpClient.Default.LogicalHandler Start processing HTTP request GET http://localhost:8001/api/prices/Tuna%20%28Yellowfin%29/predict
2026-09-23 23:31:21.475 +05:30 [INF] System.Net.Http.HttpClient.Default.ClientHandler Sending HTTP request GET http://localhost:8001/api/prices/Mackerel/predict
2026-09-23 23:31:21.475 +05:30 [INF] Serilog.AspNetCore.RequestLoggingMiddleware HTTP OPTIONS /api/Catches/market-stats responded 204 in 0.012 ms
2026-09-23 23:31:21.475 +05:30 [INF] System.Net.Http.HttpClient.Default.ClientHandler Sending HTTP request GET http://localhost:8001/api/prices/Tuna%20%28Yellowfin%29/predict
2026-09-23 23:31:21.475 +05:30 [INF] System.Net.Http.HttpClient.Default.LogicalHandler Start processing HTTP request GET http://localhost:8001/api/prices/Trevally%20%28Paraw%29/predict
2026-09-23 23:31:21.475 +05:30 [INF] System.Net.Http.HttpClient.Default.ClientHandler Sending HTTP request GET http://localhost:8001/api/prices/Trevally%20%28Paraw%29/predict
2026-09-23 23:31:21.489 +05:30 [INF] Serilog.AspNetCore.RequestLoggingMiddleware HTTP GET /api/Catches/market-stats responded 200 in 12.534 ms
2026-09-23 23:31:21.503 +05:30 [INF] Serilog.AspNetCore.RequestLoggingMiddleware HTTP GET /api/Catches/market-stats responded 200 in 13.119 ms
2026-09-23 23:31:23.550 +05:30 [INF] System.Net.Http.HttpClient.Default.ClientHandler Received HTTP response headers after 2075.1113ms - 200
2026-09-23 23:31:23.550 +05:30 [INF] System.Net.Http.HttpClient.Default.LogicalHandler End processing HTTP request after 2075.6423ms - 200
2026-09-23 23:31:23.551 +05:30 [INF] Serilog.AspNetCore.RequestLoggingMiddleware HTTP GET /api/AgentGateway/prices/Mackerel/predict responded 200 in 2076.916 ms
2026-09-23 23:31:23.551 +05:30 [INF] System.Net.Http.HttpClient.Default.ClientHandler Received HTTP response headers after 2076.4338ms - 200
2026-09-23 23:31:23.552 +05:30 [INF] System.Net.Http.HttpClient.Default.LogicalHandler End processing HTTP request after 2077.0198ms - 200
2026-09-23 23:31:23.552 +05:30 [INF] Serilog.AspNetCore.RequestLoggingMiddleware HTTP GET /api/AgentGateway/prices/Trevally (Paraw)/predict responded 200 in 2078.292 ms
2026-09-23 23:31:23.552 +05:30 [INF] System.Net.Http.HttpClient.Default.ClientHandler Received HTTP response headers after 2077.4189ms - 200
2026-09-23 23:31:23.552 +05:30 [INF] System.Net.Http.HttpClient.Default.LogicalHandler End processing HTTP request after 2077.8626ms - 200
2026-09-23 23:31:23.553 +05:30 [INF] Serilog.AspNetCore.RequestLoggingMiddleware HTTP GET /api/AgentGateway/prices/Tuna (Yellowfin)/predict responded 200 in 2079.371 ms
2026-09-23 23:31:23.553 +05:30 [INF] System.Net.Http.HttpClient.Default.ClientHandler Received HTTP response headers after 2078.374ms - 200
2026-09-23 23:31:23.553 +05:30 [INF] System.Net.Http.HttpClient.Default.LogicalHandler End processing HTTP request after 2078.687ms - 200
2026-09-23 23:31:23.554 +05:30 [INF] Serilog.AspNetCore.RequestLoggingMiddleware HTTP GET /api/AgentGateway/prices/Skipjack/predict responded 200 in 2080.261 ms
2026-09-23 23:31:23.593 +05:30 [INF] System.Net.Http.HttpClient.Default.LogicalHandler Start processing HTTP request GET http://localhost:8001/api/prices/Trevally%20%28Paraw%29/predict
2026-09-23 23:31:23.593 +05:30 [INF] System.Net.Http.HttpClient.Default.ClientHandler Sending HTTP request GET http://localhost:8001/api/prices/Trevally%20%28Paraw%29/predict
2026-09-23 23:31:23.595 +05:30 [INF] System.Net.Http.HttpClient.Default.LogicalHandler Start processing HTTP request GET http://localhost:8001/api/prices/Mackerel/predict
2026-09-23 23:31:23.595 +05:30 [INF] System.Net.Http.HttpClient.Default.ClientHandler Sending HTTP request GET http://localhost:8001/api/prices/Mackerel/predict
2026-09-23 23:31:23.596 +05:30 [INF] System.Net.Http.HttpClient.Default.LogicalHandler Start processing HTTP request GET http://localhost:8001/api/prices/Skipjack/predict
2026-09-23 23:31:23.597 +05:30 [INF] System.Net.Http.HttpClient.Default.ClientHandler Sending HTTP request GET http://localhost:8001/api/prices/Skipjack/predict
2026-09-23 23:31:23.598 +05:30 [INF] System.Net.Http.HttpClient.Default.LogicalHandler Start processing HTTP request GET http://localhost:8001/api/prices/Tuna%20%28Yellowfin%29/predict
2026-09-23 23:31:23.598 +05:30 [INF] System.Net.Http.HttpClient.Default.ClientHandler Sending HTTP request GET http://localhost:8001/api/prices/Tuna%20%28Yellowfin%29/predict
2026-09-23 23:31:23.611 +05:30 [INF] System.Net.Http.HttpClient.Default.ClientHandler Received HTTP response headers after 17.5785ms - 200
2026-09-23 23:31:23.611 +05:30 [INF] System.Net.Http.HttpClient.Default.LogicalHandler End processing HTTP request after 18.6136ms - 200
2026-09-23 23:31:23.611 +05:30 [INF] Serilog.AspNetCore.RequestLoggingMiddleware HTTP GET /api/AgentGateway/prices/Trevally (Paraw)/predict responded 200 in 20.246 ms
2026-09-23 23:31:23.612 +05:30 [INF] System.Net.Http.HttpClient.Default.ClientHandler Received HTTP response headers after 16.5075ms - 200
2026-09-23 23:31:23.612 +05:30 [INF] System.Net.Http.HttpClient.Default.LogicalHandler End processing HTTP request after 17.0304ms - 200
2026-09-23 23:31:23.612 +05:30 [INF] Serilog.AspNetCore.RequestLoggingMiddleware HTTP GET /api/AgentGateway/prices/Mackerel/predict responded 200 in 18.216 ms
2026-09-23 23:31:23.612 +05:30 [INF] System.Net.Http.HttpClient.Default.ClientHandler Received HTTP response headers after 15.7167ms - 200
2026-09-23 23:31:23.612 +05:30 [INF] System.Net.Http.HttpClient.Default.LogicalHandler End processing HTTP request after 16.1008ms - 200
2026-09-23 23:31:23.613 +05:30 [INF] Serilog.AspNetCore.RequestLoggingMiddleware HTTP GET /api/AgentGateway/prices/Skipjack/predict responded 200 in 17.219 ms
2026-09-23 23:31:23.622 +05:30 [INF] System.Net.Http.HttpClient.Default.ClientHandler Received HTTP response headers after 23.3364ms - 200
2026-09-23 23:31:23.622 +05:30 [INF] System.Net.Http.HttpClient.Default.LogicalHandler End processing HTTP request after 23.8923ms - 200
2026-09-23 23:31:23.623 +05:30 [INF] Serilog.AspNetCore.RequestLoggingMiddleware HTTP GET /api/AgentGateway/prices/Tuna (Yellowfin)/predict responded 200 in 25.493 ms
2026-09-23 23:36:29.883 +05:30 [INF] Serilog.AspNetCore.RequestLoggingMiddleware HTTP OPTIONS /api/Catches responded 204 in 0.556 ms
2026-09-23 23:36:29.884 +05:30 [INF] Serilog.AspNetCore.RequestLoggingMiddleware HTTP OPTIONS /api/Catches responded 204 in 0.044 ms
2026-09-23 23:36:29.895 +05:30 [INF] FishLink.API.Services.CatchService GetCatches: 27 results, page 1/1
2026-09-23 23:36:29.897 +05:30 [INF] Serilog.AspNetCore.RequestLoggingMiddleware HTTP GET /api/Catches responded 200 in 9.711 ms
2026-09-23 23:36:29.904 +05:30 [INF] FishLink.API.Services.CatchService GetCatches: 27 results, page 1/1
2026-09-23 23:36:29.906 +05:30 [INF] Serilog.AspNetCore.RequestLoggingMiddleware HTTP GET /api/Catches responded 200 in 8.311 ms
2026-09-23 23:36:29.911 +05:30 [INF] Serilog.AspNetCore.RequestLoggingMiddleware HTTP OPTIONS /api/Bids/catch/26 responded 204 in 0.117 ms
2026-09-23 23:36:29.911 +05:30 [INF] Serilog.AspNetCore.RequestLoggingMiddleware HTTP OPTIONS /api/Bids/catch/25 responded 204 in 0.035 ms
2026-09-23 23:36:29.914 +05:30 [INF] Serilog.AspNetCore.RequestLoggingMiddleware HTTP OPTIONS /api/Bids/catch/20 responded 204 in 0.026 ms
2026-09-23 23:36:29.915 +05:30 [INF] Serilog.AspNetCore.RequestLoggingMiddleware HTTP OPTIONS /api/Bids/catch/17 responded 204 in 0.022 ms
2026-09-23 23:36:29.916 +05:30 [INF] Serilog.AspNetCore.RequestLoggingMiddleware HTTP OPTIONS /api/Bids/catch/16 responded 204 in 0.017 ms
2026-09-23 23:36:29.918 +05:30 [INF] Serilog.AspNetCore.RequestLoggingMiddleware HTTP OPTIONS /api/Bids/catch/15 responded 204 in 0.026 ms
2026-09-23 23:36:29.920 +05:30 [INF] Serilog.AspNetCore.RequestLoggingMiddleware HTTP GET /api/Bids/catch/25 responded 200 in 2.549 ms
2026-09-23 23:36:29.920 +05:30 [INF] Serilog.AspNetCore.RequestLoggingMiddleware HTTP GET /api/Bids/catch/26 responded 200 in 3.874 ms
2026-09-23 23:36:29.921 +05:30 [INF] Serilog.AspNetCore.RequestLoggingMiddleware HTTP GET /api/Bids/catch/20 responded 200 in 2.250 ms
2026-09-23 23:36:29.921 +05:30 [INF] Serilog.AspNetCore.RequestLoggingMiddleware HTTP GET /api/Bids/catch/17 responded 200 in 2.208 ms
2026-09-23 23:36:29.925 +05:30 [INF] Serilog.AspNetCore.RequestLoggingMiddleware HTTP GET /api/Bids/catch/15 responded 200 in 4.798 ms
2026-09-23 23:36:29.934 +05:30 [INF] Serilog.AspNetCore.RequestLoggingMiddleware HTTP GET /api/Bids/catch/20 responded 200 in 1.763 ms
2026-09-23 23:36:29.934 +05:30 [INF] Serilog.AspNetCore.RequestLoggingMiddleware HTTP GET /api/Bids/catch/26 responded 200 in 2.308 ms
2026-09-23 23:36:29.934 +05:30 [INF] Serilog.AspNetCore.RequestLoggingMiddleware HTTP GET /api/Bids/catch/25 responded 200 in 2.151 ms
2026-09-23 23:36:29.934 +05:30 [INF] Serilog.AspNetCore.RequestLoggingMiddleware HTTP GET /api/Bids/catch/17 responded 200 in 1.600 ms
2026-09-23 23:36:29.935 +05:30 [INF] Serilog.AspNetCore.RequestLoggingMiddleware HTTP GET /api/Bids/catch/15 responded 200 in 1.606 ms
2026-09-23 23:36:29.976 +05:30 [INF] Serilog.AspNetCore.RequestLoggingMiddleware HTTP GET /api/Bids/catch/25 responded 200 in 1.925 ms
2026-09-23 23:36:29.976 +05:30 [INF] Serilog.AspNetCore.RequestLoggingMiddleware HTTP GET /api/Bids/catch/26 responded 200 in 2.685 ms
2026-09-23 23:36:29.976 +05:30 [INF] Serilog.AspNetCore.RequestLoggingMiddleware HTTP GET /api/Bids/catch/20 responded 200 in 1.770 ms
2026-09-23 23:36:29.977 +05:30 [INF] Serilog.AspNetCore.RequestLoggingMiddleware HTTP GET /api/Bids/catch/17 responded 200 in 1.994 ms
2026-09-23 23:36:29.977 +05:30 [INF] Serilog.AspNetCore.RequestLoggingMiddleware HTTP GET /api/Bids/catch/15 responded 200 in 1.528 ms
2026-09-23 23:36:29.977 +05:30 [INF] Serilog.AspNetCore.RequestLoggingMiddleware HTTP GET /api/Bids/catch/16 responded 200 in 58.282 ms
2026-09-23 23:36:29.981 +05:30 [INF] Serilog.AspNetCore.RequestLoggingMiddleware HTTP GET /api/Bids/catch/16 responded 200 in 1.621 ms
2026-09-23 23:36:29.981 +05:30 [INF] Serilog.AspNetCore.RequestLoggingMiddleware HTTP GET /api/Bids/catch/26 responded 200 in 1.625 ms
2026-09-23 23:36:29.982 +05:30 [INF] Serilog.AspNetCore.RequestLoggingMiddleware HTTP GET /api/Bids/catch/25 responded 200 in 1.442 ms
2026-09-23 23:36:29.982 +05:30 [INF] Serilog.AspNetCore.RequestLoggingMiddleware HTTP GET /api/Bids/catch/20 responded 200 in 1.430 ms
2026-09-23 23:36:29.982 +05:30 [INF] Serilog.AspNetCore.RequestLoggingMiddleware HTTP GET /api/Bids/catch/15 responded 200 in 1.227 ms
2026-09-23 23:36:29.983 +05:30 [INF] Serilog.AspNetCore.RequestLoggingMiddleware HTTP GET /api/Bids/catch/17 responded 200 in 2.179 ms
2026-09-23 23:36:29.984 +05:30 [INF] Serilog.AspNetCore.RequestLoggingMiddleware HTTP GET /api/Bids/catch/16 responded 200 in 1.712 ms
2026-09-23 23:36:29.987 +05:30 [INF] Serilog.AspNetCore.RequestLoggingMiddleware HTTP GET /api/Bids/catch/16 responded 200 in 1.323 ms
